Using pre-set license
Built from '2022.3/staging' branch; Version is '2022.3.19f1 (244b723c30a6) revision 2378610'; Using compiler version '192829333'; Build Type 'Release'
OS: 'Windows 10  (10.0.19045) 64bit ProfessionalEducation' Language: 'fr' Physical Memory: 65268 MB
BatchMode: 1, IsHumanControllingUs: 0, StartBugReporterOnCrash: 0, Is64bit: 1, IsPro: 1

COMMAND LINE ARGUMENTS:
C:\Program Files\Unity\Editor\Unity.exe
-adb2
-batchMode
-noUpm
-name
AssetImportWorker0
-projectPath
Z:/WindowsRepos/VR_Project_test
-logFile
Logs/AssetImportWorker0.log
-srvPort
52100
Successfully changed project path to: Z:/WindowsRepos/VR_Project_test
Z:/WindowsRepos/VR_Project_test
[UnityMemory] Configuration Parameters - Can be set up in boot.config
    "memorysetup-bucket-allocator-granularity=16"
    "memorysetup-bucket-allocator-bucket-count=8"
    "memorysetup-bucket-allocator-block-size=33554432"
    "memorysetup-bucket-allocator-block-count=8"
    "memorysetup-main-allocator-block-size=16777216"
    "memorysetup-thread-allocator-block-size=16777216"
    "memorysetup-gfx-main-allocator-block-size=16777216"
    "memorysetup-gfx-thread-allocator-block-size=16777216"
    "memorysetup-cache-allocator-block-size=4194304"
    "memorysetup-typetree-allocator-block-size=2097152"
    "memorysetup-profiler-bucket-allocator-granularity=16"
    "memorysetup-profiler-bucket-allocator-bucket-count=8"
    "memorysetup-profiler-bucket-allocator-block-size=33554432"
    "memorysetup-profiler-bucket-allocator-block-count=8"
    "memorysetup-profiler-allocator-block-size=16777216"
    "memorysetup-profiler-editor-allocator-block-size=1048576"
    "memorysetup-temp-allocator-size-main=16777216"
    "memorysetup-job-temp-allocator-block-size=2097152"
    "memorysetup-job-temp-allocator-block-size-background=1048576"
    "memorysetup-job-temp-allocator-reduction-small-platforms=262144"
    "memorysetup-allocator-temp-initial-block-size-main=262144"
    "memorysetup-allocator-temp-initial-block-size-worker=262144"
    "memorysetup-temp-allocator-size-background-worker=32768"
    "memorysetup-temp-allocator-size-job-worker=262144"
    "memorysetup-temp-allocator-size-preload-manager=33554432"
    "memorysetup-temp-allocator-size-nav-mesh-worker=65536"
    "memorysetup-temp-allocator-size-audio-worker=65536"
    "memorysetup-temp-allocator-size-cloud-worker=32768"
    "memorysetup-temp-allocator-size-gi-baking-worker=262144"
    "memorysetup-temp-allocator-size-gfx=262144"
Player connection [12612] Host "[IP] 10.0.201.10 [Port] 0 [Flags] 2 [Guid] 3317676376 [EditorId] 3317676376 [Version] 1048832 [Id] WindowsEditor(7,gardenal) [Debug] 1 [PackageName] WindowsEditor [ProjectName] Editor" joined multi-casting on [225.0.0.222:54997]...

Player connection [12612] Host "[IP] 10.0.201.10 [Port] 0 [Flags] 2 [Guid] 3317676376 [EditorId] 3317676376 [Version] 1048832 [Id] WindowsEditor(7,gardenal) [Debug] 1 [PackageName] WindowsEditor [ProjectName] Editor" joined alternative multi-casting on [225.0.0.222:34997]...

[Physics::Module] Initialized MultithreadedJobDispatcher with 19 workers.
Refreshing native plugins compatible for Editor in 2601.88 ms, found 3 plugins.
Preloading 0 native plugins for Editor in 0.00 ms.
Initialize engine version: 2022.3.19f1 (244b723c30a6)
[Subsystems] Discovering subsystems at path C:/Program Files/Unity/Editor/Data/Resources/UnitySubsystems
[Subsystems] Discovering subsystems at path Z:/WindowsRepos/VR_Project_test/Assets
GfxDevice: creating device client; threaded=0; jobified=0
Direct3D:
    Version:  Direct3D 11.0 [level 11.1]
    Renderer: NVIDIA GeForce RTX 3060 (ID=0x2504)
    Vendor:   NVIDIA
    VRAM:     12115 MB
    Driver:   32.0.15.6614
Initialize mono
Mono path[0] = 'C:/Program Files/Unity/Editor/Data/Managed'
Mono path[1] = 'C:/Program Files/Unity/Editor/Data/MonoBleedingEdge/lib/mono/unityjit-win32'
Mono config path = 'C:/Program Files/Unity/Editor/Data/MonoBleedingEdge/etc'
Using monoOptions --debugger-agent=transport=dt_socket,embedding=1,server=y,suspend=n,address=127.0.0.1:56856
Begin MonoManager ReloadAssembly
Registering precompiled unity dll's ...
Register platform support module: C:/Program Files/Unity/Editor/Data/PlaybackEngines/WindowsStandaloneSupport/UnityEditor.WindowsStandalone.Extensions.dll
Registered in 0.012773 seconds.
- Loaded All Assemblies, in  0.308 seconds
Native extension for WindowsStandalone target not found
Mono: successfully reloaded assembly
- Finished resetting the current domain, in  0.254 seconds
Domain Reload Profiling: 561ms
	BeginReloadAssembly (95ms)
		ExecutionOrderSort (0ms)
		DisableScriptedObjects (0ms)
		BackupInstance (0ms)
		ReleaseScriptingObjects (0ms)
		CreateAndSetChildDomain (1ms)
	RebuildCommonClasses (29ms)
	RebuildNativeTypeToScriptingClass (9ms)
	initialDomainReloadingComplete (55ms)
	LoadAllAssembliesAndSetupDomain (118ms)
		LoadAssemblies (93ms)
		RebuildTransferFunctionScriptingTraits (0ms)
		AnalyzeDomain (116ms)
			TypeCache.Refresh (115ms)
				TypeCache.ScanAssembly (104ms)
			ScanForSourceGeneratedMonoScriptInfo (0ms)
			ResolveRequiredComponents (0ms)
	FinalizeReload (254ms)
		ReleaseScriptCaches (0ms)
		RebuildScriptCaches (0ms)
		SetupLoadedEditorAssemblies (201ms)
			LogAssemblyErrors (0ms)
			InitializePlatformSupportModulesInManaged (8ms)
			SetLoadedEditorAssemblies (7ms)
			RefreshPlugins (0ms)
			BeforeProcessingInitializeOnLoad (2ms)
			ProcessInitializeOnLoadAttributes (131ms)
			ProcessInitializeOnLoadMethodAttributes (53ms)
			AfterProcessingInitializeOnLoad (0ms)
			EditorAssembliesLoaded (0ms)
		ExecutionOrderSort2 (0ms)
		AwakeInstancesAfterBackupRestoration (0ms)
========================================================================
Worker process is ready to serve import requests
Begin MonoManager ReloadAssembly
- Loaded All Assemblies, in 12.760 seconds
Refreshing native plugins compatible for Editor in 124.83 ms, found 3 plugins.
Native extension for WindowsStandalone target not found
Package Manager log level set to [2]
[Package Manager] Server::EnsureServerProcessIsRunning -- launch failed, reason: Unity was launched with the -noUpm command-line argument
[Package Manager] UpmClient::Send -- Unable to send message (not connected to UPM process).
[Package Manager] Cannot connect to Unity Package Manager local server
Mono: successfully reloaded assembly
- Finished resetting the current domain, in  0.621 seconds
Domain Reload Profiling: 13347ms
	BeginReloadAssembly (132ms)
		ExecutionOrderSort (0ms)
		DisableScriptedObjects (5ms)
		BackupInstance (0ms)
		ReleaseScriptingObjects (0ms)
		CreateAndSetChildDomain (18ms)
	RebuildCommonClasses (33ms)
	RebuildNativeTypeToScriptingClass (11ms)
	initialDomainReloadingComplete (175ms)
	LoadAllAssembliesAndSetupDomain (12375ms)
		LoadAssemblies (12295ms)
		RebuildTransferFunctionScriptingTraits (0ms)
		AnalyzeDomain (158ms)
			TypeCache.Refresh (139ms)
				TypeCache.ScanAssembly (126ms)
			ScanForSourceGeneratedMonoScriptInfo (13ms)
			ResolveRequiredComponents (4ms)
	FinalizeReload (622ms)
		ReleaseScriptCaches (0ms)
		RebuildScriptCaches (0ms)
		SetupLoadedEditorAssemblies (484ms)
			LogAssemblyErrors (0ms)
			InitializePlatformSupportModulesInManaged (5ms)
			SetLoadedEditorAssemblies (4ms)
			RefreshPlugins (0ms)
			BeforeProcessingInitializeOnLoad (74ms)
			ProcessInitializeOnLoadAttributes (375ms)
			ProcessInitializeOnLoadMethodAttributes (19ms)
			AfterProcessingInitializeOnLoad (6ms)
			EditorAssembliesLoaded (0ms)
		ExecutionOrderSort2 (0ms)
		AwakeInstancesAfterBackupRestoration (7ms)
Launched and connected shader compiler UnityShaderCompiler.exe after 0.04 seconds
Refreshing native plugins compatible for Editor in 103.11 ms, found 3 plugins.
Preloading 0 native plugins for Editor in 0.00 ms.
Unloading 3136 Unused Serialized files (Serialized files now loaded: 0)
Unloading 32 unused Assets / (56.9 KB). Loaded Objects now: 3597.
Memory consumption went from 124.0 MB to 123.9 MB.
Total: 2.702000 ms (FindLiveObjects: 0.209500 ms CreateObjectMapping: 0.163200 ms MarkObjects: 2.254100 ms  DeleteObjects: 0.074600 ms)

AssetImportParameters requested are different than current active one (requested -> active):
  custom:container-demuxer-ogg: 62fdf1f143b41e24485cea50d1cbac27 -> 
  custom:video-decoder-ogg-theora: a1e56fd34408186e4bbccfd4996cb3dc -> 
  custom:framework-win-MediaFoundation: 216162199b28c13a410421893ffa2e32 -> 
  custom:CustomObjectIndexerAttribute: 6d391050e5a25f67b0a2c618074f2cd9 -> 
  custom:container-demuxer-webm: 4f35f7cbe854078d1ac9338744f61a02 -> 
  custom:container-muxer-webm: aa71ff27fc2769a1b78a27578f13a17b -> 
  custom:video-decoder-webm-vp8: 9c59270c3fd7afecdb556c50c9e8de78 -> 
  custom:SearchIndexIgnoredProperties: e643bd26f0fe6173181afceb89e7c659 -> 
  custom:AudioImporter_EditorPlatform: d09bf68614088b80899f8185d706f6e7 -> 
  custom:video-encoder-webm-vp8: eb34c28f22e8b96e1ab97ce403110664 -> 
  custom:audio-decoder-ogg-vorbis: bf7c407c2cedff20999df2af8eb42d56 -> 
  custom:audio-encoder-webm-vorbis: bf7c407c2cedff20999df2af8eb42d56 -> 
========================================================================
Received Import Request.
  Time since last request: 4157.844517 seconds.
  path: Assets/Scenes
  artifactKey: Guid(6ea315d0fd7389c41b19996891e99ae3) Importer(815301076,1909f56bfc062723c751e8b465ee728b)
Start importing Assets/Scenes using Guid(6ea315d0fd7389c41b19996891e99ae3) Importer(815301076,1909f56bfc062723c751e8b465ee728b)  -> (artifact id: '0179f928fb5ca2370affa6dcd41a3079') in 0.004029 seconds
Number of updated asset objects reloaded before import = 0
Number of asset objects unloaded after import = 0
========================================================================
Received Import Request.
  Time since last request: 1.741852 seconds.
  path: Assets/Scenes/Game.unity
  artifactKey: Guid(c1ddc10fb14064f4bbcc0028d92cc348) Importer(815301076,1909f56bfc062723c751e8b465ee728b)
Start importing Assets/Scenes/Game.unity using Guid(c1ddc10fb14064f4bbcc0028d92cc348) Importer(815301076,1909f56bfc062723c751e8b465ee728b)  -> (artifact id: '793cd2b822f29bd5a144ae78b8e117bd') in 0.001818 seconds
Number of updated asset objects reloaded before import = 0
Number of asset objects unloaded after import = 0
========================================================================
Received Import Request.
  Time since last request: 137.259042 seconds.
  path: Assets/3D Models
  artifactKey: Guid(8a7c382b4f97bc2488e425046a501153) Importer(815301076,1909f56bfc062723c751e8b465ee728b)
Start importing Assets/3D Models using Guid(8a7c382b4f97bc2488e425046a501153) Importer(815301076,1909f56bfc062723c751e8b465ee728b)  -> (artifact id: 'dfe51870e6308cec834717131b085250') in 0.001920 seconds
Number of updated asset objects reloaded before import = 0
Number of asset objects unloaded after import = 0
========================================================================
Received Import Request.
  Time since last request: 3.760622 seconds.
  path: Assets/Prefabs
  artifactKey: Guid(b108753d8bd66194dbaf26026d0445b9) Importer(815301076,1909f56bfc062723c751e8b465ee728b)
Start importing Assets/Prefabs using Guid(b108753d8bd66194dbaf26026d0445b9) Importer(815301076,1909f56bfc062723c751e8b465ee728b)  -> (artifact id: '2c527469bc22b08194f29e10ebfe924a') in 0.001797 seconds
Number of updated asset objects reloaded before import = 0
Number of asset objects unloaded after import = 0
========================================================================
Received Import Request.
  Time since last request: 0.053430 seconds.
  path: Assets/Prefabs/Dart.prefab
  artifactKey: Guid(c587e45a9e169cc488d09b4ccee02c59) Importer(815301076,1909f56bfc062723c751e8b465ee728b)
Start importing Assets/Prefabs/Dart.prefab using Guid(c587e45a9e169cc488d09b4ccee02c59) Importer(815301076,1909f56bfc062723c751e8b465ee728b)  -> (artifact id: '6528cb3472c7298e40f3b9734220b3a0') in 0.336381 seconds
Number of updated asset objects reloaded before import = 0
Number of asset objects unloaded after import = 24
========================================================================
Received Prepare
Begin MonoManager ReloadAssembly
- Loaded All Assemblies, in 12.946 seconds
Refreshing native plugins compatible for Editor in 86.38 ms, found 3 plugins.
Native extension for WindowsStandalone target not found
[Package Manager] Server::EnsureServerProcessIsRunning -- launch failed, reason: Unity was launched with the -noUpm command-line argument
[Package Manager] UpmClient::Send -- Unable to send message (not connected to UPM process).
[Package Manager] Cannot connect to Unity Package Manager local server
Mono: successfully reloaded assembly
- Finished resetting the current domain, in 22.710 seconds
Domain Reload Profiling: 35652ms
	BeginReloadAssembly (176ms)
		ExecutionOrderSort (0ms)
		DisableScriptedObjects (4ms)
		BackupInstance (0ms)
		ReleaseScriptingObjects (0ms)
		CreateAndSetChildDomain (29ms)
	RebuildCommonClasses (31ms)
	RebuildNativeTypeToScriptingClass (12ms)
	initialDomainReloadingComplete (85ms)
	LoadAllAssembliesAndSetupDomain (12638ms)
		LoadAssemblies (12703ms)
		RebuildTransferFunctionScriptingTraits (0ms)
		AnalyzeDomain (11ms)
			TypeCache.Refresh (5ms)
				TypeCache.ScanAssembly (0ms)
			ScanForSourceGeneratedMonoScriptInfo (0ms)
			ResolveRequiredComponents (4ms)
	FinalizeReload (22711ms)
		ReleaseScriptCaches (0ms)
		RebuildScriptCaches (0ms)
		SetupLoadedEditorAssemblies (413ms)
			LogAssemblyErrors (0ms)
			InitializePlatformSupportModulesInManaged (6ms)
			SetLoadedEditorAssemblies (4ms)
			RefreshPlugins (0ms)
			BeforeProcessingInitializeOnLoad (73ms)
			ProcessInitializeOnLoadAttributes (307ms)
			ProcessInitializeOnLoadMethodAttributes (17ms)
			AfterProcessingInitializeOnLoad (6ms)
			EditorAssembliesLoaded (0ms)
		ExecutionOrderSort2 (0ms)
		AwakeInstancesAfterBackupRestoration (6ms)
Refreshing native plugins compatible for Editor in 197.87 ms, found 3 plugins.
Preloading 0 native plugins for Editor in 0.00 ms.
Unloading 3128 Unused Serialized files (Serialized files now loaded: 0)
Unloading 23 unused Assets / (31.0 KB). Loaded Objects now: 3608.
Memory consumption went from 129.2 MB to 129.1 MB.
Total: 2.591900 ms (FindLiveObjects: 0.210400 ms CreateObjectMapping: 0.142600 ms MarkObjects: 2.203100 ms  DeleteObjects: 0.035100 ms)

Prepare: number of updated asset objects reloaded= 0
AssetImportParameters requested are different than current active one (requested -> active):
  custom:container-demuxer-ogg: 62fdf1f143b41e24485cea50d1cbac27 -> 
  custom:video-decoder-ogg-theora: a1e56fd34408186e4bbccfd4996cb3dc -> 
  custom:framework-win-MediaFoundation: 216162199b28c13a410421893ffa2e32 -> 
  custom:CustomObjectIndexerAttribute: 6d391050e5a25f67b0a2c618074f2cd9 -> 
  custom:container-demuxer-webm: 4f35f7cbe854078d1ac9338744f61a02 -> 
  custom:container-muxer-webm: aa71ff27fc2769a1b78a27578f13a17b -> 
  custom:video-decoder-webm-vp8: 9c59270c3fd7afecdb556c50c9e8de78 -> 
  custom:SearchIndexIgnoredProperties: e643bd26f0fe6173181afceb89e7c659 -> 
  custom:AudioImporter_EditorPlatform: d09bf68614088b80899f8185d706f6e7 -> 
  custom:video-encoder-webm-vp8: eb34c28f22e8b96e1ab97ce403110664 -> 
  custom:audio-decoder-ogg-vorbis: bf7c407c2cedff20999df2af8eb42d56 -> 
  custom:audio-encoder-webm-vorbis: bf7c407c2cedff20999df2af8eb42d56 -> 
========================================================================
Received Import Request.
  Time since last request: 119.664763 seconds.
  path: Assets/Scripts
  artifactKey: Guid(a9fe5056864c6d24aad6e37a6960f15c) Importer(815301076,1909f56bfc062723c751e8b465ee728b)
Start importing Assets/Scripts using Guid(a9fe5056864c6d24aad6e37a6960f15c) Importer(815301076,1909f56bfc062723c751e8b465ee728b)  -> (artifact id: '10bc1431da4160616d8bd8140e9c55be') in 0.003195 seconds
Number of updated asset objects reloaded before import = 0
Number of asset objects unloaded after import = 0
========================================================================
Received Import Request.
  Time since last request: 3.995187 seconds.
  path: Assets/Scripts/DartboardPointSystem.cs
  artifactKey: Guid(c9266bff1a6f9044e9915378d011c821) Importer(815301076,1909f56bfc062723c751e8b465ee728b)
Start importing Assets/Scripts/DartboardPointSystem.cs using Guid(c9266bff1a6f9044e9915378d011c821) Importer(815301076,1909f56bfc062723c751e8b465ee728b)  -> (artifact id: 'f2a32bb42bda4fa5b2dd464e0f3248c2') in 0.001864 seconds
Number of updated asset objects reloaded before import = 0
Number of asset objects unloaded after import = 0
========================================================================
Received Import Request.
  Time since last request: 2.971796 seconds.
  path: Assets/Scripts/Dartboard.cs
  artifactKey: Guid(a9867e1bd2e993344939dc083f56fe29) Importer(815301076,1909f56bfc062723c751e8b465ee728b)
Start importing Assets/Scripts/Dartboard.cs using Guid(a9867e1bd2e993344939dc083f56fe29) Importer(815301076,1909f56bfc062723c751e8b465ee728b)  -> (artifact id: '1d2500927e6c68b4455330c90bad13ff') in 0.001451 seconds
Number of updated asset objects reloaded before import = 0
Number of asset objects unloaded after import = 0
========================================================================
Received Import Request.
  Time since last request: 45.023385 seconds.
  path: Assets/Materials/Plane.mat
  artifactKey: Guid(1929118b3cc2ac844b1a110284dd8e58) Importer(2089858483,0ecaa5967403d082aa24f35e1b516d23)
Start importing Assets/Materials/Plane.mat using Guid(1929118b3cc2ac844b1a110284dd8e58) Importer(2089858483,0ecaa5967403d082aa24f35e1b516d23) Generated GUIDs only implemented for interfaces!
 -> (artifact id: '06ea198ff2426105cb7476fcc1d31b76') in 0.148184 seconds
Number of updated asset objects reloaded before import = 0
Number of asset objects unloaded after import = 1
========================================================================
Received Import Request.
  Time since last request: 0.003741 seconds.
  path: Assets/3D Models/dartboard/11721_darboard_V4_L3.mtl
  artifactKey: Guid(a1214c1e8ed4b514ab1a2c3bea8ab89e) Importer(2089858483,0ecaa5967403d082aa24f35e1b516d23)
Start importing Assets/3D Models/dartboard/11721_darboard_V4_L3.mtl using Guid(a1214c1e8ed4b514ab1a2c3bea8ab89e) Importer(2089858483,0ecaa5967403d082aa24f35e1b516d23) Generated GUIDs only implemented for interfaces!
 -> (artifact id: '45ae5605860ba01249f0ab75ecfa6f0d') in 0.027732 seconds
Number of updated asset objects reloaded before import = 0
Number of asset objects unloaded after import = 1
========================================================================
Received Import Request.
  Time since last request: 0.021027 seconds.
  path: Assets/PollyPrivateers/PirateTavern/Lightmap-5_comp_light.exr
  artifactKey: Guid(613e5029ccd8e69419de2983eacc3449) Importer(2089858483,0ecaa5967403d082aa24f35e1b516d23)
Start importing Assets/PollyPrivateers/PirateTavern/Lightmap-5_comp_light.exr using Guid(613e5029ccd8e69419de2983eacc3449) Importer(2089858483,0ecaa5967403d082aa24f35e1b516d23) Generated GUIDs only implemented for interfaces!
 -> (artifact id: 'c607098558884f3aa4a22a8c3093fdcb') in 0.275955 seconds
Number of updated asset objects reloaded before import = 0
Number of asset objects unloaded after import = 1
========================================================================
Received Import Request.
  Time since last request: 0.013513 seconds.
  path: Assets/PollyPrivateers/Objects/Apple/AppleRed_Albedo.tga
  artifactKey: Guid(9bd7980bd1eb5ce47ab52fe25ed61fdd) Importer(2089858483,0ecaa5967403d082aa24f35e1b516d23)
Start importing Assets/PollyPrivateers/Objects/Apple/AppleRed_Albedo.tga using Guid(9bd7980bd1eb5ce47ab52fe25ed61fdd) Importer(2089858483,0ecaa5967403d082aa24f35e1b516d23) Generated GUIDs only implemented for interfaces!
 -> (artifact id: '2e63fde5d9d680079923934631fb959c') in 0.110036 seconds
Number of updated asset objects reloaded before import = 0
Number of asset objects unloaded after import = 1
========================================================================
Received Import Request.
  Time since last request: 0.003040 seconds.
  path: Assets/Mini First Person Controller/Audio/Steps.wav
  artifactKey: Guid(f8c14f2814b4b124a894a65c32c44987) Importer(2089858483,0ecaa5967403d082aa24f35e1b516d23)
Start importing Assets/Mini First Person Controller/Audio/Steps.wav using Guid(f8c14f2814b4b124a894a65c32c44987) Importer(2089858483,0ecaa5967403d082aa24f35e1b516d23) Generated GUIDs only implemented for interfaces!
 -> (artifact id: '9153e1706e19b51dcb486d8e6ea45f47') in 0.212645 seconds
Number of updated asset objects reloaded before import = 0
Number of asset objects unloaded after import = 1
========================================================================
Received Import Request.
  Time since last request: 0.003765 seconds.
  path: Assets/PollyPrivateers/Objects/Bags/Bags_Specular.tga
  artifactKey: Guid(4477c8fd9eae746488543fd18fd3c816) Importer(2089858483,0ecaa5967403d082aa24f35e1b516d23)
Start importing Assets/PollyPrivateers/Objects/Bags/Bags_Specular.tga using Guid(4477c8fd9eae746488543fd18fd3c816) Importer(2089858483,0ecaa5967403d082aa24f35e1b516d23) Generated GUIDs only implemented for interfaces!
 -> (artifact id: '9fd2baa4d56ba36b5df66608500b0a29') in 0.159914 seconds
Number of updated asset objects reloaded before import = 0
Number of asset objects unloaded after import = 1
========================================================================
Received Import Request.
  Time since last request: 0.004402 seconds.
  path: Assets/PollyPrivateers/PirateTavern/Lightmap-4_comp_light.exr
  artifactKey: Guid(457014cce8d722748894a76fdad9d4bc) Importer(2089858483,0ecaa5967403d082aa24f35e1b516d23)
Start importing Assets/PollyPrivateers/PirateTavern/Lightmap-4_comp_light.exr using Guid(457014cce8d722748894a76fdad9d4bc) Importer(2089858483,0ecaa5967403d082aa24f35e1b516d23) Generated GUIDs only implemented for interfaces!
 -> (artifact id: 'c1d3d8410ab756ef5eafda1025d6693f') in 0.371731 seconds
Number of updated asset objects reloaded before import = 0
Number of asset objects unloaded after import = 1
========================================================================
Received Import Request.
  Time since last request: 0.004362 seconds.
  path: Assets/Mini First Person Controller/Audio/Crouch/Crouch start 3.wav
  artifactKey: Guid(3e0e4a1bf1a03c24a85ad855f4be231e) Importer(2089858483,0ecaa5967403d082aa24f35e1b516d23)
Start importing Assets/Mini First Person Controller/Audio/Crouch/Crouch start 3.wav using Guid(3e0e4a1bf1a03c24a85ad855f4be231e) Importer(2089858483,0ecaa5967403d082aa24f35e1b516d23) Generated GUIDs only implemented for interfaces!
 -> (artifact id: '2267232d8e73de63de6fd783d7e4e2e0') in 0.090441 seconds
Number of updated asset objects reloaded before import = 0
Number of asset objects unloaded after import = 1
========================================================================
Received Import Request.
  Time since last request: 0.004025 seconds.
  path: Assets/PollyPrivateers/Objects/Bags/Bags.fbx
  artifactKey: Guid(cc5da619d4120364c985b2510f393644) Importer(2089858483,0ecaa5967403d082aa24f35e1b516d23)
Start importing Assets/PollyPrivateers/Objects/Bags/Bags.fbx using Guid(cc5da619d4120364c985b2510f393644) Importer(2089858483,0ecaa5967403d082aa24f35e1b516d23) Generated GUIDs only implemented for interfaces!
 -> (artifact id: 'f0695ad73902ef133b216ae87f597cd3') in 0.088005 seconds
Number of updated asset objects reloaded before import = 0
Number of asset objects unloaded after import = 19
========================================================================
Received Import Request.
  Time since last request: 0.004158 seconds.
  path: Assets/PollyPrivateers/Objects/Batch of Decors 2/Batch of Decors 2_Occlusion.tga
  artifactKey: Guid(bf4a6dc3bd079f4429364483827e5d5a) Importer(2089858483,0ecaa5967403d082aa24f35e1b516d23)
Start importing Assets/PollyPrivateers/Objects/Batch of Decors 2/Batch of Decors 2_Occlusion.tga using Guid(bf4a6dc3bd079f4429364483827e5d5a) Importer(2089858483,0ecaa5967403d082aa24f35e1b516d23) Generated GUIDs only implemented for interfaces!
 -> (artifact id: 'd83a0d07b9bd77c73518cd00627424af') in 0.136703 seconds
Number of updated asset objects reloaded before import = 0
Number of asset objects unloaded after import = 1
========================================================================
Received Import Request.
  Time since last request: 0.005014 seconds.
  path: Assets/Mini First Person Controller/Scripts/Components/GroundCheck.cs
  artifactKey: Guid(084c01ab381b9da4082c1f84cf70751b) Importer(2089858483,0ecaa5967403d082aa24f35e1b516d23)
Start importing Assets/Mini First Person Controller/Scripts/Components/GroundCheck.cs using Guid(084c01ab381b9da4082c1f84cf70751b) Importer(2089858483,0ecaa5967403d082aa24f35e1b516d23) Generated GUIDs only implemented for interfaces!
 -> (artifact id: '4679e6a4127d9b09eb883f27e04477bd') in 0.128356 seconds
Number of updated asset objects reloaded before import = 0
Number of asset objects unloaded after import = 1
========================================================================
Received Import Request.
  Time since last request: 0.004258 seconds.
  path: Assets/PollyPrivateers/Objects/Batch of Decors 4/Batch of Decors 4_Albedo.tga
  artifactKey: Guid(c7d3decd2379cf14fa5024c74cdbb8bb) Importer(2089858483,0ecaa5967403d082aa24f35e1b516d23)
Start importing Assets/PollyPrivateers/Objects/Batch of Decors 4/Batch of Decors 4_Albedo.tga using Guid(c7d3decd2379cf14fa5024c74cdbb8bb) Importer(2089858483,0ecaa5967403d082aa24f35e1b516d23) Generated GUIDs only implemented for interfaces!
 -> (artifact id: 'a65c6fad8d68cf2c431ff71b3d9a0287') in 0.183671 seconds
Number of updated asset objects reloaded before import = 0
Number of asset objects unloaded after import = 1
========================================================================
Received Import Request.
  Time since last request: 0.003071 seconds.
  path: Assets/Scripts/Dart.cs
  artifactKey: Guid(4be6bcad76d75144b92dbdf75b7bd7f6) Importer(2089858483,0ecaa5967403d082aa24f35e1b516d23)
Start importing Assets/Scripts/Dart.cs using Guid(4be6bcad76d75144b92dbdf75b7bd7f6) Importer(2089858483,0ecaa5967403d082aa24f35e1b516d23) Generated GUIDs only implemented for interfaces!
 -> (artifact id: '294e1c587f1a6788fb51b45dd632ccfe') in 0.043416 seconds
Number of updated asset objects reloaded before import = 0
Number of asset objects unloaded after import = 1
========================================================================
Received Import Request.
  Time since last request: 0.003811 seconds.
  path: Assets/Scripts/DartThrower.cs
  artifactKey: Guid(46d49414bb45b5d48860c9e36ea095a4) Importer(2089858483,0ecaa5967403d082aa24f35e1b516d23)
Start importing Assets/Scripts/DartThrower.cs using Guid(46d49414bb45b5d48860c9e36ea095a4) Importer(2089858483,0ecaa5967403d082aa24f35e1b516d23) Generated GUIDs only implemented for interfaces!
 -> (artifact id: 'dafc4b5658800e189f360ba2f6b7b2f6') in 0.040287 seconds
Number of updated asset objects reloaded before import = 0
Number of asset objects unloaded after import = 1
========================================================================
Received Import Request.
  Time since last request: 0.003677 seconds.
  path: Assets/PollyPrivateers/Objects/Batch of Decors 4/Batch of Decors 4_Occlusion.tga
  artifactKey: Guid(f2e504783b31dd047b6de3d1f13728e5) Importer(2089858483,0ecaa5967403d082aa24f35e1b516d23)
Start importing Assets/PollyPrivateers/Objects/Batch of Decors 4/Batch of Decors 4_Occlusion.tga using Guid(f2e504783b31dd047b6de3d1f13728e5) Importer(2089858483,0ecaa5967403d082aa24f35e1b516d23) Generated GUIDs only implemented for interfaces!
 -> (artifact id: '09a8b45d93ee28f746c968368e637603') in 0.140828 seconds
Number of updated asset objects reloaded before import = 0
Number of asset objects unloaded after import = 1
========================================================================
Received Import Request.
  Time since last request: 0.011882 seconds.
  path: Assets/PollyPrivateers/PirateTavern/Lightmap-0_comp_dir.png
  artifactKey: Guid(b21d068cdb998ce43b119a3c15aa0c5b) Importer(2089858483,0ecaa5967403d082aa24f35e1b516d23)
Start importing Assets/PollyPrivateers/PirateTavern/Lightmap-0_comp_dir.png using Guid(b21d068cdb998ce43b119a3c15aa0c5b) Importer(2089858483,0ecaa5967403d082aa24f35e1b516d23) Generated GUIDs only implemented for interfaces!
 -> (artifact id: '3786f558cbf6ba1cc393a5647e228c55') in 0.214509 seconds
Number of updated asset objects reloaded before import = 0
Number of asset objects unloaded after import = 1
========================================================================
Received Import Request.
  Time since last request: 0.004621 seconds.
  path: Assets/PollyPrivateers/Objects/Batch of Decors 5/Batch of Decors 5_Occlusion.tga
  artifactKey: Guid(98d80bb1407758f4e9340f44da4b05e1) Importer(2089858483,0ecaa5967403d082aa24f35e1b516d23)
Start importing Assets/PollyPrivateers/Objects/Batch of Decors 5/Batch of Decors 5_Occlusion.tga using Guid(98d80bb1407758f4e9340f44da4b05e1) Importer(2089858483,0ecaa5967403d082aa24f35e1b516d23) Generated GUIDs only implemented for interfaces!
 -> (artifact id: '05b47622991af898a885e0e9a6b30090') in 0.128841 seconds
Number of updated asset objects reloaded before import = 0
Number of asset objects unloaded after import = 1
========================================================================
Received Import Request.
  Time since last request: 0.004196 seconds.
  path: Assets/PollyPrivateers/Objects/BoozeShelf/BoozeShelf_Specular.tga
  artifactKey: Guid(34062501f7e4d8c41855ab170b8ac0bc) Importer(2089858483,0ecaa5967403d082aa24f35e1b516d23)
Start importing Assets/PollyPrivateers/Objects/BoozeShelf/BoozeShelf_Specular.tga using Guid(34062501f7e4d8c41855ab170b8ac0bc) Importer(2089858483,0ecaa5967403d082aa24f35e1b516d23) Generated GUIDs only implemented for interfaces!
 -> (artifact id: 'dd8d23e637826c621678284330cb046b') in 0.208338 seconds
Number of updated asset objects reloaded before import = 0
Number of asset objects unloaded after import = 1
========================================================================
Received Import Request.
  Time since last request: 0.003622 seconds.
  path: Assets/PollyPrivateers/Objects/BoozeShelf/BoozeShelf_Occlusion.tga
  artifactKey: Guid(224f7a883b3e97d40bfb1a04b7e487f8) Importer(2089858483,0ecaa5967403d082aa24f35e1b516d23)
Start importing Assets/PollyPrivateers/Objects/BoozeShelf/BoozeShelf_Occlusion.tga using Guid(224f7a883b3e97d40bfb1a04b7e487f8) Importer(2089858483,0ecaa5967403d082aa24f35e1b516d23) Generated GUIDs only implemented for interfaces!
 -> (artifact id: 'c7ae6cf0e0447407b07a4a4fbfe0c627') in 0.182252 seconds
Number of updated asset objects reloaded before import = 0
Number of asset objects unloaded after import = 1
========================================================================
Received Import Request.
  Time since last request: 0.003792 seconds.
  path: Assets/PollyPrivateers/Objects/Batch of Decors 3/Batch of decors 3_Occlusion.tga
  artifactKey: Guid(2d757ea9f18af24419d6adbc12aa1906) Importer(2089858483,0ecaa5967403d082aa24f35e1b516d23)
Start importing Assets/PollyPrivateers/Objects/Batch of Decors 3/Batch of decors 3_Occlusion.tga using Guid(2d757ea9f18af24419d6adbc12aa1906) Importer(2089858483,0ecaa5967403d082aa24f35e1b516d23) Generated GUIDs only implemented for interfaces!
 -> (artifact id: 'edc1905814545944b96374a76d5dc001') in 0.179113 seconds
Number of updated asset objects reloaded before import = 0
Number of asset objects unloaded after import = 1
========================================================================
Received Import Request.
  Time since last request: 0.004591 seconds.
  path: Assets/PollyPrivateers/Objects/Cabinett/Cabinett_Occlusion.tga
  artifactKey: Guid(780250c1295fc9748b3036ba13569324) Importer(2089858483,0ecaa5967403d082aa24f35e1b516d23)
Start importing Assets/PollyPrivateers/Objects/Cabinett/Cabinett_Occlusion.tga using Guid(780250c1295fc9748b3036ba13569324) Importer(2089858483,0ecaa5967403d082aa24f35e1b516d23) Generated GUIDs only implemented for interfaces!
 -> (artifact id: '0d350203b4c3dafa9513f8e5eb0e4143') in 0.160821 seconds
Number of updated asset objects reloaded before import = 0
Number of asset objects unloaded after import = 1
========================================================================
Received Import Request.
  Time since last request: 0.003892 seconds.
  path: Assets/PollyPrivateers/Objects/Batch Of Decors 6/Batch Of Decors 6_Occlusion.tga
  artifactKey: Guid(e1c81bdac8bc8ba498f939edc9e84c0f) Importer(2089858483,0ecaa5967403d082aa24f35e1b516d23)
Start importing Assets/PollyPrivateers/Objects/Batch Of Decors 6/Batch Of Decors 6_Occlusion.tga using Guid(e1c81bdac8bc8ba498f939edc9e84c0f) Importer(2089858483,0ecaa5967403d082aa24f35e1b516d23) Generated GUIDs only implemented for interfaces!
 -> (artifact id: 'c6484bab795503bfa42fc9c5097d0370') in 0.150373 seconds
Number of updated asset objects reloaded before import = 0
Number of asset objects unloaded after import = 1
========================================================================
Received Import Request.
  Time since last request: 0.005868 seconds.
  path: Assets/PollyPrivateers/Objects/Chair/Chair.obj
  artifactKey: Guid(ad27498a33495be448901518391d7170) Importer(2089858483,0ecaa5967403d082aa24f35e1b516d23)
Start importing Assets/PollyPrivateers/Objects/Chair/Chair.obj using Guid(ad27498a33495be448901518391d7170) Importer(2089858483,0ecaa5967403d082aa24f35e1b516d23) Generated GUIDs only implemented for interfaces!
 -> (artifact id: '16a4c54bde268691288f1dd5d861db8e') in 0.111928 seconds
Number of updated asset objects reloaded before import = 0
Number of asset objects unloaded after import = 10
========================================================================
Received Import Request.
  Time since last request: 0.004869 seconds.
  path: Assets/PollyPrivateers/Objects/Chair/Chair_Albedo.tga
  artifactKey: Guid(d50b9869739dd9d458718541650d1866) Importer(2089858483,0ecaa5967403d082aa24f35e1b516d23)
Start importing Assets/PollyPrivateers/Objects/Chair/Chair_Albedo.tga using Guid(d50b9869739dd9d458718541650d1866) Importer(2089858483,0ecaa5967403d082aa24f35e1b516d23) Generated GUIDs only implemented for interfaces!
 -> (artifact id: '1acd0359fbb7d5a64dc9d062d62de5d7') in 0.119288 seconds
Number of updated asset objects reloaded before import = 0
Number of asset objects unloaded after import = 1
========================================================================
Received Import Request.
  Time since last request: 0.006743 seconds.
  path: Assets/PollyPrivateers/Objects/Bags/Bags_Albedo.tga
  artifactKey: Guid(10fa0d16d147df543ac620dda96925f7) Importer(2089858483,0ecaa5967403d082aa24f35e1b516d23)
Start importing Assets/PollyPrivateers/Objects/Bags/Bags_Albedo.tga using Guid(10fa0d16d147df543ac620dda96925f7) Importer(2089858483,0ecaa5967403d082aa24f35e1b516d23) Generated GUIDs only implemented for interfaces!
 -> (artifact id: '68e8f5c376f1b294a2711a744975f25d') in 0.240479 seconds
Number of updated asset objects reloaded before import = 0
Number of asset objects unloaded after import = 1
========================================================================
Received Import Request.
  Time since last request: 0.003017 seconds.
  path: Assets/PollyPrivateers/Objects/Chair2/Chair2.mat
  artifactKey: Guid(4b4a36b221875cb4aae94c431f95a0a0) Importer(2089858483,0ecaa5967403d082aa24f35e1b516d23)
Start importing Assets/PollyPrivateers/Objects/Chair2/Chair2.mat using Guid(4b4a36b221875cb4aae94c431f95a0a0) Importer(2089858483,0ecaa5967403d082aa24f35e1b516d23) Generated GUIDs only implemented for interfaces!
 -> (artifact id: 'f714521772e41362c7b0a4367c60cce0') in 0.630159 seconds
Number of updated asset objects reloaded before import = 0
Number of asset objects unloaded after import = 5
========================================================================
Received Import Request.
  Time since last request: 0.002189 seconds.
  path: Assets/PollyPrivateers/Objects/Cabinett/Cabinett_Normal.tga
  artifactKey: Guid(3971e2e8f39d9984cb6c79e143a913d3) Importer(2089858483,0ecaa5967403d082aa24f35e1b516d23)
Start importing Assets/PollyPrivateers/Objects/Cabinett/Cabinett_Normal.tga using Guid(3971e2e8f39d9984cb6c79e143a913d3) Importer(2089858483,0ecaa5967403d082aa24f35e1b516d23) Generated GUIDs only implemented for interfaces!
 -> (artifact id: '89222f3aeb4ab8784969dddc7aae03dd') in 0.093669 seconds
Number of updated asset objects reloaded before import = 0
Number of asset objects unloaded after import = 1
========================================================================
Received Import Request.
  Time since last request: 0.005435 seconds.
  path: Assets/PollyPrivateers/Objects/Bench/Bench_Occlusion.tga
  artifactKey: Guid(165ed5f83b268624da907a81dd871a8f) Importer(2089858483,0ecaa5967403d082aa24f35e1b516d23)
Start importing Assets/PollyPrivateers/Objects/Bench/Bench_Occlusion.tga using Guid(165ed5f83b268624da907a81dd871a8f) Importer(2089858483,0ecaa5967403d082aa24f35e1b516d23) Generated GUIDs only implemented for interfaces!
 -> (artifact id: 'fa09509efbf53775104ede2161422811') in 0.103673 seconds
Number of updated asset objects reloaded before import = 0
Number of asset objects unloaded after import = 1
========================================================================
Received Import Request.
  Time since last request: 0.003169 seconds.
  path: Assets/PollyPrivateers/Objects/CoinPurse(bag)/Coinpurse(bag)_Occlusion.tga
  artifactKey: Guid(179d8f3ceb2df0b44b1571c6e54bfb01) Importer(2089858483,0ecaa5967403d082aa24f35e1b516d23)
Start importing Assets/PollyPrivateers/Objects/CoinPurse(bag)/Coinpurse(bag)_Occlusion.tga using Guid(179d8f3ceb2df0b44b1571c6e54bfb01) Importer(2089858483,0ecaa5967403d082aa24f35e1b516d23) Generated GUIDs only implemented for interfaces!
 -> (artifact id: '0acc5485893d342a10d32d7561cfab02') in 0.085311 seconds
Number of updated asset objects reloaded before import = 0
Number of asset objects unloaded after import = 1
========================================================================
Received Import Request.
  Time since last request: 0.003626 seconds.
  path: Assets/PollyPrivateers/Objects/CoinPurse(bag)/Coinpurse(bag)_Normal.tga
  artifactKey: Guid(fb296a6f8ac13724392a9234cc3752c9) Importer(2089858483,0ecaa5967403d082aa24f35e1b516d23)
Start importing Assets/PollyPrivateers/Objects/CoinPurse(bag)/Coinpurse(bag)_Normal.tga using Guid(fb296a6f8ac13724392a9234cc3752c9) Importer(2089858483,0ecaa5967403d082aa24f35e1b516d23) Generated GUIDs only implemented for interfaces!
 -> (artifact id: '7cc9ec7b94adeb47b293a29e0f5feac7') in 0.093203 seconds
Number of updated asset objects reloaded before import = 0
Number of asset objects unloaded after import = 1
========================================================================
Received Import Request.
  Time since last request: 0.003838 seconds.
  path: Assets/Mini First Person Controller/Scripts/Components/Zoom.cs
  artifactKey: Guid(780f90e951d635f439326ea715cd97e9) Importer(2089858483,0ecaa5967403d082aa24f35e1b516d23)
Start importing Assets/Mini First Person Controller/Scripts/Components/Zoom.cs using Guid(780f90e951d635f439326ea715cd97e9) Importer(2089858483,0ecaa5967403d082aa24f35e1b516d23) Generated GUIDs only implemented for interfaces!
 -> (artifact id: 'b7bc17c5a467368eec48dd11bd5664e3') in 0.042164 seconds
Number of updated asset objects reloaded before import = 0
Number of asset objects unloaded after import = 1
========================================================================
Received Import Request.
  Time since last request: 0.004232 seconds.
  path: Assets/PollyPrivateers/Particles/Real-Fire-PNG-HD.png
  artifactKey: Guid(ad9e8458939ac3848a71f28aa4d3a8de) Importer(2089858483,0ecaa5967403d082aa24f35e1b516d23)
Start importing Assets/PollyPrivateers/Particles/Real-Fire-PNG-HD.png using Guid(ad9e8458939ac3848a71f28aa4d3a8de) Importer(2089858483,0ecaa5967403d082aa24f35e1b516d23) Generated GUIDs only implemented for interfaces!
 -> (artifact id: '0b028c4407f7e882636802b360bcb753') in 0.191779 seconds
Number of updated asset objects reloaded before import = 0
Number of asset objects unloaded after import = 1
========================================================================
Received Import Request.
  Time since last request: 0.002816 seconds.
  path: Assets/PollyPrivateers/Objects/CoinPurse(bag)/Coinpurse(bag)_Specular.tga
  artifactKey: Guid(fdc0753005df5fb45a901e1d47409a17) Importer(2089858483,0ecaa5967403d082aa24f35e1b516d23)
Start importing Assets/PollyPrivateers/Objects/CoinPurse(bag)/Coinpurse(bag)_Specular.tga using Guid(fdc0753005df5fb45a901e1d47409a17) Importer(2089858483,0ecaa5967403d082aa24f35e1b516d23) Generated GUIDs only implemented for interfaces!
 -> (artifact id: '36daa9b1e1a7264a2ee79aa979558a1a') in 0.137457 seconds
Number of updated asset objects reloaded before import = 0
Number of asset objects unloaded after import = 1
========================================================================
Received Import Request.
  Time since last request: 0.002988 seconds.
  path: Assets/PollyPrivateers/Misc/FX.asset
  artifactKey: Guid(17f0de64e48ad57479517423dc1fddc1) Importer(2089858483,0ecaa5967403d082aa24f35e1b516d23)
Start importing Assets/PollyPrivateers/Misc/FX.asset using Guid(17f0de64e48ad57479517423dc1fddc1) Importer(2089858483,0ecaa5967403d082aa24f35e1b516d23) Generated GUIDs only implemented for interfaces!
 -> (artifact id: '8dfceb8798244a64a978accead79081a') in 0.064314 seconds
Number of updated asset objects reloaded before import = 0
Number of asset objects unloaded after import = 1
========================================================================
Received Import Request.
  Time since last request: 0.002690 seconds.
  path: Assets/Mini First Person Controller/Audio/Crouch/Crouch end 3.wav
  artifactKey: Guid(9d46f9a0e3e8be44aa2dc581bd6e0c97) Importer(2089858483,0ecaa5967403d082aa24f35e1b516d23)
Start importing Assets/Mini First Person Controller/Audio/Crouch/Crouch end 3.wav using Guid(9d46f9a0e3e8be44aa2dc581bd6e0c97) Importer(2089858483,0ecaa5967403d082aa24f35e1b516d23) Generated GUIDs only implemented for interfaces!
 -> (artifact id: '2f28b8ea5c74429ef2a1960f86e24e8d') in 0.148179 seconds
Number of updated asset objects reloaded before import = 0
Number of asset objects unloaded after import = 1
========================================================================
Received Import Request.
  Time since last request: 0.003165 seconds.
  path: Assets/PollyPrivateers/Objects/Chair2/Chair2.obj
  artifactKey: Guid(9465193336fee9a468d35630254f78f0) Importer(2089858483,0ecaa5967403d082aa24f35e1b516d23)
Start importing Assets/PollyPrivateers/Objects/Chair2/Chair2.obj using Guid(9465193336fee9a468d35630254f78f0) Importer(2089858483,0ecaa5967403d082aa24f35e1b516d23) Generated GUIDs only implemented for interfaces!
 -> (artifact id: '067e80d198bfd19e7217ec94d06ed2c9') in 0.118496 seconds
Number of updated asset objects reloaded before import = 0
Number of asset objects unloaded after import = 10
========================================================================
Received Import Request.
  Time since last request: 0.003649 seconds.
  path: Assets/Mini First Person Controller/Audio/Crouch/Crouch end 2.wav
  artifactKey: Guid(e6f44b6fce71be34dbbd6d12cb3d3b8c) Importer(2089858483,0ecaa5967403d082aa24f35e1b516d23)
Start importing Assets/Mini First Person Controller/Audio/Crouch/Crouch end 2.wav using Guid(e6f44b6fce71be34dbbd6d12cb3d3b8c) Importer(2089858483,0ecaa5967403d082aa24f35e1b516d23) Generated GUIDs only implemented for interfaces!
 -> (artifact id: '67ccf33182d670a3d1e4095a3c1bb174') in 0.088997 seconds
Number of updated asset objects reloaded before import = 0
Number of asset objects unloaded after import = 1
========================================================================
Received Import Request.
  Time since last request: 0.005033 seconds.
  path: Assets/PollyPrivateers/Objects/Batch of Decors/Batch of Decors_Albedo.tga
  artifactKey: Guid(b89bdc7b81b4bae4fa8e8cf1b5f25b92) Importer(2089858483,0ecaa5967403d082aa24f35e1b516d23)
Start importing Assets/PollyPrivateers/Objects/Batch of Decors/Batch of Decors_Albedo.tga using Guid(b89bdc7b81b4bae4fa8e8cf1b5f25b92) Importer(2089858483,0ecaa5967403d082aa24f35e1b516d23) Generated GUIDs only implemented for interfaces!
 -> (artifact id: 'abb396f815f314a4d8bf5306d267c2c6') in 0.105992 seconds
Number of updated asset objects reloaded before import = 0
Number of asset objects unloaded after import = 1
========================================================================
Received Import Request.
  Time since last request: 0.003463 seconds.
  path: Assets/PollyPrivateers/Objects/Batch of Decors 4/Batch of Decors 4_Normal.tga
  artifactKey: Guid(1477efeba274c0e49bc0249de855b318) Importer(2089858483,0ecaa5967403d082aa24f35e1b516d23)
Start importing Assets/PollyPrivateers/Objects/Batch of Decors 4/Batch of Decors 4_Normal.tga using Guid(1477efeba274c0e49bc0249de855b318) Importer(2089858483,0ecaa5967403d082aa24f35e1b516d23) Generated GUIDs only implemented for interfaces!
 -> (artifact id: 'dfec9360b6fd131c06ea6ef45402de93') in 0.141548 seconds
Number of updated asset objects reloaded before import = 0
Number of asset objects unloaded after import = 1
========================================================================
Received Import Request.
  Time since last request: 0.005139 seconds.
  path: Assets/PollyPrivateers/Objects/FirePlace/FirePlace_Specular.tga
  artifactKey: Guid(ca02cf926788d714f885ba76b0305513) Importer(2089858483,0ecaa5967403d082aa24f35e1b516d23)
Start importing Assets/PollyPrivateers/Objects/FirePlace/FirePlace_Specular.tga using Guid(ca02cf926788d714f885ba76b0305513) Importer(2089858483,0ecaa5967403d082aa24f35e1b516d23) Generated GUIDs only implemented for interfaces!
 -> (artifact id: '162ce495ac185ea0079adb47510e046c') in 0.178043 seconds
Number of updated asset objects reloaded before import = 0
Number of asset objects unloaded after import = 1
========================================================================
Received Import Request.
  Time since last request: 0.004000 seconds.
  path: Assets/PollyPrivateers/Objects/Batch Of Decors 6/Batch Of Decors 6_Albedo.tga
  artifactKey: Guid(7eb281d8fbfb6da49b2b2ebf22a9642d) Importer(2089858483,0ecaa5967403d082aa24f35e1b516d23)
Start importing Assets/PollyPrivateers/Objects/Batch Of Decors 6/Batch Of Decors 6_Albedo.tga using Guid(7eb281d8fbfb6da49b2b2ebf22a9642d) Importer(2089858483,0ecaa5967403d082aa24f35e1b516d23) Generated GUIDs only implemented for interfaces!
 -> (artifact id: 'bfaa901b49ca0ba8ff22b5f25350361e') in 0.240058 seconds
Number of updated asset objects reloaded before import = 0
Number of asset objects unloaded after import = 1
========================================================================
Received Import Request.
  Time since last request: 0.004680 seconds.
  path: Assets/PollyPrivateers/Objects/Fish/Fish_Albedo.tga
  artifactKey: Guid(e2c6421ae112909489356bba9d2ce279) Importer(2089858483,0ecaa5967403d082aa24f35e1b516d23)
Start importing Assets/PollyPrivateers/Objects/Fish/Fish_Albedo.tga using Guid(e2c6421ae112909489356bba9d2ce279) Importer(2089858483,0ecaa5967403d082aa24f35e1b516d23) Generated GUIDs only implemented for interfaces!
 -> (artifact id: '5a50a94a70f29d990942c7646cba1b97') in 0.116490 seconds
Number of updated asset objects reloaded before import = 0
Number of asset objects unloaded after import = 1
========================================================================
Received Import Request.
  Time since last request: 0.004625 seconds.
  path: Assets/PollyPrivateers/Objects/Firewood/Firewood2_Specular.tga
  artifactKey: Guid(93c0480a1066dc441b80f77d8b6b0f7b) Importer(2089858483,0ecaa5967403d082aa24f35e1b516d23)
Start importing Assets/PollyPrivateers/Objects/Firewood/Firewood2_Specular.tga using Guid(93c0480a1066dc441b80f77d8b6b0f7b) Importer(2089858483,0ecaa5967403d082aa24f35e1b516d23) Generated GUIDs only implemented for interfaces!
 -> (artifact id: '8ef598be7a73ead9ad4f7f00bd9f6121') in 0.123153 seconds
Number of updated asset objects reloaded before import = 0
Number of asset objects unloaded after import = 1
========================================================================
Received Import Request.
  Time since last request: 0.005010 seconds.
  path: Assets/PollyPrivateers/Objects/Fish/Fish.obj
  artifactKey: Guid(ad0feec24b78c4b48bb138cda3d50055) Importer(2089858483,0ecaa5967403d082aa24f35e1b516d23)
Start importing Assets/PollyPrivateers/Objects/Fish/Fish.obj using Guid(ad0feec24b78c4b48bb138cda3d50055) Importer(2089858483,0ecaa5967403d082aa24f35e1b516d23) Generated GUIDs only implemented for interfaces!
 -> (artifact id: 'fb35430c2fa26ce290a06e5446c7bf3e') in 0.093830 seconds
Number of updated asset objects reloaded before import = 0
Number of asset objects unloaded after import = 10
========================================================================
Received Import Request.
  Time since last request: 0.003964 seconds.
  path: Assets/Mini First Person Controller/First Person Controller.prefab
  artifactKey: Guid(11aaea5348574644a9eb4f4504fcce3f) Importer(2089858483,0ecaa5967403d082aa24f35e1b516d23)
Start importing Assets/Mini First Person Controller/First Person Controller.prefab using Guid(11aaea5348574644a9eb4f4504fcce3f) Importer(2089858483,0ecaa5967403d082aa24f35e1b516d23) Generated GUIDs only implemented for interfaces!
 -> (artifact id: '968cfcce9ac77d180452350da55399e1') in 0.388761 seconds
Number of updated asset objects reloaded before import = 0
Number of asset objects unloaded after import = 61
========================================================================
Received Import Request.
  Time since last request: 0.000346 seconds.
  path: Assets/PollyPrivateers/Objects/Cabinett/cabinett.fbx
  artifactKey: Guid(2c420b86d0b0a0a45a000dc8800c41d7) Importer(2089858483,0ecaa5967403d082aa24f35e1b516d23)
Start importing Assets/PollyPrivateers/Objects/Cabinett/cabinett.fbx using Guid(2c420b86d0b0a0a45a000dc8800c41d7) Importer(2089858483,0ecaa5967403d082aa24f35e1b516d23) Generated GUIDs only implemented for interfaces!
 -> (artifact id: 'f2d00524c043e96f9bd03958ccd74123') in 0.098300 seconds
Number of updated asset objects reloaded before import = 0
Number of asset objects unloaded after import = 23
========================================================================
Received Import Request.
  Time since last request: 0.002699 seconds.
  path: Assets/PollyPrivateers/Objects/BoozeShelf/BoozeShelf_Albedo.tga
  artifactKey: Guid(d2f238fe4de0bcb4096263b2490e2354) Importer(2089858483,0ecaa5967403d082aa24f35e1b516d23)
Start importing Assets/PollyPrivateers/Objects/BoozeShelf/BoozeShelf_Albedo.tga using Guid(d2f238fe4de0bcb4096263b2490e2354) Importer(2089858483,0ecaa5967403d082aa24f35e1b516d23) Generated GUIDs only implemented for interfaces!
 -> (artifact id: '14d7d568189c1776cdf8f04d53380067') in 0.194042 seconds
Number of updated asset objects reloaded before import = 0
Number of asset objects unloaded after import = 1
========================================================================
Received Import Request.
  Time since last request: 0.003447 seconds.
  path: Assets/PollyPrivateers/Objects/Ingridients/Ingridients_Albedo.tga
  artifactKey: Guid(be285b7fe6b65244f838bca9f08f9773) Importer(2089858483,0ecaa5967403d082aa24f35e1b516d23)
Start importing Assets/PollyPrivateers/Objects/Ingridients/Ingridients_Albedo.tga using Guid(be285b7fe6b65244f838bca9f08f9773) Importer(2089858483,0ecaa5967403d082aa24f35e1b516d23) Generated GUIDs only implemented for interfaces!
 -> (artifact id: '44010d97fb8450ec4410abb57d711d4a') in 0.087688 seconds
Number of updated asset objects reloaded before import = 0
Number of asset objects unloaded after import = 1
========================================================================
Received Import Request.
  Time since last request: 0.003981 seconds.
  path: Assets/Prefabs/Dartboard.prefab
  artifactKey: Guid(cd5de5e3a6fec39448f517eea82f56ee) Importer(2089858483,0ecaa5967403d082aa24f35e1b516d23)
Start importing Assets/Prefabs/Dartboard.prefab using Guid(cd5de5e3a6fec39448f517eea82f56ee) Importer(2089858483,0ecaa5967403d082aa24f35e1b516d23) Generated GUIDs only implemented for interfaces!
 -> (artifact id: 'b65b7c3d99ffb02674c073b495289d76') in 0.123182 seconds
Number of updated asset objects reloaded before import = 0
Number of asset objects unloaded after import = 14
========================================================================
Received Import Request.
  Time since last request: 0.003019 seconds.
  path: Assets/Mini First Person Controller/Audio/Jump/Jump 3.wav
  artifactKey: Guid(b16dc74b7376aca46bd0c6be96c940fa) Importer(2089858483,0ecaa5967403d082aa24f35e1b516d23)
Start importing Assets/Mini First Person Controller/Audio/Jump/Jump 3.wav using Guid(b16dc74b7376aca46bd0c6be96c940fa) Importer(2089858483,0ecaa5967403d082aa24f35e1b516d23) Generated GUIDs only implemented for interfaces!
 -> (artifact id: '24dc230d00434b9096d673b78b3d9fd8') in 0.156305 seconds
Number of updated asset objects reloaded before import = 0
Number of asset objects unloaded after import = 1
========================================================================
Received Import Request.
  Time since last request: 0.003455 seconds.
  path: Assets/PollyPrivateers/Objects/JawMaster/JawMaster_Albedo.tga
  artifactKey: Guid(c0b6aaa59b319ce498e249f820a080dc) Importer(2089858483,0ecaa5967403d082aa24f35e1b516d23)
Start importing Assets/PollyPrivateers/Objects/JawMaster/JawMaster_Albedo.tga using Guid(c0b6aaa59b319ce498e249f820a080dc) Importer(2089858483,0ecaa5967403d082aa24f35e1b516d23) Generated GUIDs only implemented for interfaces!
 -> (artifact id: 'a761b41ef5b4e37b579dee3baa57aa7a') in 0.103371 seconds
Number of updated asset objects reloaded before import = 0
Number of asset objects unloaded after import = 1
========================================================================
Received Import Request.
  Time since last request: 0.003319 seconds.
  path: Assets/PollyPrivateers/Objects/JawMaster/JawMaster.obj
  artifactKey: Guid(1e116ef3bfc786c458186a6913a281a0) Importer(2089858483,0ecaa5967403d082aa24f35e1b516d23)
Start importing Assets/PollyPrivateers/Objects/JawMaster/JawMaster.obj using Guid(1e116ef3bfc786c458186a6913a281a0) Importer(2089858483,0ecaa5967403d082aa24f35e1b516d23) Generated GUIDs only implemented for interfaces!
 -> (artifact id: '64dab63bc9aa45b4fa74ea15c4045e70') in 0.065159 seconds
Number of updated asset objects reloaded before import = 0
Number of asset objects unloaded after import = 10
========================================================================
Received Import Request.
  Time since last request: 0.003267 seconds.
  path: Assets/PollyPrivateers/Objects/CoinPurse(bag)/Coinpurse(bag).obj
  artifactKey: Guid(9bebd9c58badd4642bfbddb9cc5a386e) Importer(2089858483,0ecaa5967403d082aa24f35e1b516d23)
Start importing Assets/PollyPrivateers/Objects/CoinPurse(bag)/Coinpurse(bag).obj using Guid(9bebd9c58badd4642bfbddb9cc5a386e) Importer(2089858483,0ecaa5967403d082aa24f35e1b516d23) Generated GUIDs only implemented for interfaces!
 -> (artifact id: 'd17c6b41de9f1b9e16adf04edc93c395') in 0.086237 seconds
Number of updated asset objects reloaded before import = 0
Number of asset objects unloaded after import = 16
========================================================================
Received Import Request.
  Time since last request: 0.003462 seconds.
  path: Assets/PollyPrivateers/Objects/KegSmooth/KegSmooth2_Occlusion.tga
  artifactKey: Guid(553bff2cb9fcba44183f73c482483081) Importer(2089858483,0ecaa5967403d082aa24f35e1b516d23)
Start importing Assets/PollyPrivateers/Objects/KegSmooth/KegSmooth2_Occlusion.tga using Guid(553bff2cb9fcba44183f73c482483081) Importer(2089858483,0ecaa5967403d082aa24f35e1b516d23) Generated GUIDs only implemented for interfaces!
 -> (artifact id: '9362f6d5a4b14194b9947f9f5c3cad57') in 0.115176 seconds
Number of updated asset objects reloaded before import = 0
Number of asset objects unloaded after import = 1
========================================================================
Received Import Request.
  Time since last request: 0.003729 seconds.
  path: Assets/PollyPrivateers/Readme.txt
  artifactKey: Guid(e5adde3fc89164e4585de4f7b98f14e9) Importer(2089858483,0ecaa5967403d082aa24f35e1b516d23)
Start importing Assets/PollyPrivateers/Readme.txt using Guid(e5adde3fc89164e4585de4f7b98f14e9) Importer(2089858483,0ecaa5967403d082aa24f35e1b516d23) Generated GUIDs only implemented for interfaces!
 -> (artifact id: '70dfa3631ac1bbdb7dde4654cb4f7697') in 0.087004 seconds
Number of updated asset objects reloaded before import = 0
Number of asset objects unloaded after import = 1
========================================================================
Received Import Request.
  Time since last request: 0.003729 seconds.
  path: Assets/PollyPrivateers/Objects/Ingridients/Ingridients_Height.tga
  artifactKey: Guid(0268bff31bfc1014e8bffc30c6b225fa) Importer(2089858483,0ecaa5967403d082aa24f35e1b516d23)
Start importing Assets/PollyPrivateers/Objects/Ingridients/Ingridients_Height.tga using Guid(0268bff31bfc1014e8bffc30c6b225fa) Importer(2089858483,0ecaa5967403d082aa24f35e1b516d23) Generated GUIDs only implemented for interfaces!
 -> (artifact id: '2094b8d69c624317f32ab87310182755') in 0.104896 seconds
Number of updated asset objects reloaded before import = 0
Number of asset objects unloaded after import = 1
========================================================================
Received Import Request.
  Time since last request: 0.003122 seconds.
  path: Assets/PollyPrivateers/Objects/Bags/Bags.mat
  artifactKey: Guid(97f960823f54c6e44a8a4fb1e36e9695) Importer(2089858483,0ecaa5967403d082aa24f35e1b516d23)
Start importing Assets/PollyPrivateers/Objects/Bags/Bags.mat using Guid(97f960823f54c6e44a8a4fb1e36e9695) Importer(2089858483,0ecaa5967403d082aa24f35e1b516d23) Generated GUIDs only implemented for interfaces!
 -> (artifact id: 'fadc453c6757a4da0a6314c9def53776') in 0.363354 seconds
Number of updated asset objects reloaded before import = 0
Number of asset objects unloaded after import = 5
========================================================================
Received Import Request.
  Time since last request: 0.002214 seconds.
  path: Assets/PollyPrivateers/Objects/Batch of Decors 3/Batch of decors 3_Albedo.tga
  artifactKey: Guid(8d47da5cce018894ca1d9a74296b8705) Importer(2089858483,0ecaa5967403d082aa24f35e1b516d23)
Start importing Assets/PollyPrivateers/Objects/Batch of Decors 3/Batch of decors 3_Albedo.tga using Guid(8d47da5cce018894ca1d9a74296b8705) Importer(2089858483,0ecaa5967403d082aa24f35e1b516d23) Generated GUIDs only implemented for interfaces!
 -> (artifact id: 'f20490635c643b78068832c02cca749b') in 0.168036 seconds
Number of updated asset objects reloaded before import = 0
Number of asset objects unloaded after import = 1
========================================================================
Received Import Request.
  Time since last request: 0.002928 seconds.
  path: Assets/PollyPrivateers/Objects/FireCamp/FireCamp_Albedo.tga
  artifactKey: Guid(e5a07c63cededb249b534bc42ed19781) Importer(2089858483,0ecaa5967403d082aa24f35e1b516d23)
Start importing Assets/PollyPrivateers/Objects/FireCamp/FireCamp_Albedo.tga using Guid(e5a07c63cededb249b534bc42ed19781) Importer(2089858483,0ecaa5967403d082aa24f35e1b516d23) Generated GUIDs only implemented for interfaces!
 -> (artifact id: 'd4f6d117a22f9b0e8ae13a58971a6d87') in 0.234140 seconds
Number of updated asset objects reloaded before import = 0
Number of asset objects unloaded after import = 1
========================================================================
Received Import Request.
  Time since last request: 0.003978 seconds.
  path: Assets/PollyPrivateers/Objects/Knifes and Forks/Knives and Forks_Occlusion.tga
  artifactKey: Guid(9079fbdd7a9edd34ba095c9910f549df) Importer(2089858483,0ecaa5967403d082aa24f35e1b516d23)
Start importing Assets/PollyPrivateers/Objects/Knifes and Forks/Knives and Forks_Occlusion.tga using Guid(9079fbdd7a9edd34ba095c9910f549df) Importer(2089858483,0ecaa5967403d082aa24f35e1b516d23) Generated GUIDs only implemented for interfaces!
 -> (artifact id: '92a94eb4a097fd7961ceac308a2620a8') in 0.125390 seconds
Number of updated asset objects reloaded before import = 0
Number of asset objects unloaded after import = 1
========================================================================
Received Import Request.
  Time since last request: 0.003396 seconds.
  path: Assets/PollyPrivateers/Objects/Batch of Decors 2/Batch of Decors 2_Albedo.tga
  artifactKey: Guid(5aa7775c586eea948b53038cb51b670b) Importer(2089858483,0ecaa5967403d082aa24f35e1b516d23)
Start importing Assets/PollyPrivateers/Objects/Batch of Decors 2/Batch of Decors 2_Albedo.tga using Guid(5aa7775c586eea948b53038cb51b670b) Importer(2089858483,0ecaa5967403d082aa24f35e1b516d23) Generated GUIDs only implemented for interfaces!
 -> (artifact id: 'a5187c86f91328111c848c8a0e070cbb') in 0.147867 seconds
Number of updated asset objects reloaded before import = 0
Number of asset objects unloaded after import = 1
========================================================================
Received Import Request.
  Time since last request: 0.003179 seconds.
  path: Assets/PollyPrivateers/PirateTavern/Lightmap-5_comp_dir.png
  artifactKey: Guid(0cad5b2858137cb4a928eddcd3a7b440) Importer(2089858483,0ecaa5967403d082aa24f35e1b516d23)
Start importing Assets/PollyPrivateers/PirateTavern/Lightmap-5_comp_dir.png using Guid(0cad5b2858137cb4a928eddcd3a7b440) Importer(2089858483,0ecaa5967403d082aa24f35e1b516d23) Generated GUIDs only implemented for interfaces!
 -> (artifact id: '95da74ec7b2ee3497096a0c8cb0d7f34') in 0.209212 seconds
Number of updated asset objects reloaded before import = 0
Number of asset objects unloaded after import = 1
========================================================================
Received Import Request.
  Time since last request: 0.004581 seconds.
  path: Assets/PollyPrivateers/Objects/Ladle/Ladle.mat
  artifactKey: Guid(0b7abb609b02016488670433234fa763) Importer(2089858483,0ecaa5967403d082aa24f35e1b516d23)
Start importing Assets/PollyPrivateers/Objects/Ladle/Ladle.mat using Guid(0b7abb609b02016488670433234fa763) Importer(2089858483,0ecaa5967403d082aa24f35e1b516d23) Generated GUIDs only implemented for interfaces!
 -> (artifact id: '61c20e9eeaea8b51f08cff68b398bebb') in 0.209687 seconds
Number of updated asset objects reloaded before import = 0
Number of asset objects unloaded after import = 4
========================================================================
Received Import Request.
  Time since last request: 0.002127 seconds.
  path: Assets/PollyPrivateers/PirateTavern/Lightmap-4_comp_dir.png
  artifactKey: Guid(a39484e869262d447810e4e6aeb1110e) Importer(2089858483,0ecaa5967403d082aa24f35e1b516d23)
Start importing Assets/PollyPrivateers/PirateTavern/Lightmap-4_comp_dir.png using Guid(a39484e869262d447810e4e6aeb1110e) Importer(2089858483,0ecaa5967403d082aa24f35e1b516d23) Generated GUIDs only implemented for interfaces!
 -> (artifact id: '22359d14f24a7a500b2c983c2d304ac1') in 0.165010 seconds
Number of updated asset objects reloaded before import = 0
Number of asset objects unloaded after import = 1
========================================================================
Received Import Request.
  Time since last request: 0.003570 seconds.
  path: Assets/PollyPrivateers/Objects/Lantern/LanternGlass_Albedo.tga
  artifactKey: Guid(3008e942583ddf547af9aed9262314b6) Importer(2089858483,0ecaa5967403d082aa24f35e1b516d23)
Start importing Assets/PollyPrivateers/Objects/Lantern/LanternGlass_Albedo.tga using Guid(3008e942583ddf547af9aed9262314b6) Importer(2089858483,0ecaa5967403d082aa24f35e1b516d23) Generated GUIDs only implemented for interfaces!
 -> (artifact id: '786805fe4955e543e9fbcdb658c21ffe') in 0.074695 seconds
Number of updated asset objects reloaded before import = 0
Number of asset objects unloaded after import = 1
========================================================================
Received Import Request.
  Time since last request: 0.003691 seconds.
  path: Assets/PollyPrivateers/PirateTavern/ReflectionProbe-2.exr
  artifactKey: Guid(7a960da4dbaeb564fac583cca7c7626e) Importer(2089858483,0ecaa5967403d082aa24f35e1b516d23)
Start importing Assets/PollyPrivateers/PirateTavern/ReflectionProbe-2.exr using Guid(7a960da4dbaeb564fac583cca7c7626e) Importer(2089858483,0ecaa5967403d082aa24f35e1b516d23) Generated GUIDs only implemented for interfaces!
 -> (artifact id: '17a04a0557bb364302d7e724466238c1') in 0.119630 seconds
Number of updated asset objects reloaded before import = 0
Number of asset objects unloaded after import = 1
========================================================================
Received Import Request.
  Time since last request: 0.003718 seconds.
  path: Assets/PollyPrivateers/PirateTavern/Lightmap-3_comp_light.exr
  artifactKey: Guid(d5973704cdccc5042a2e6a67fa3e508a) Importer(2089858483,0ecaa5967403d082aa24f35e1b516d23)
Start importing Assets/PollyPrivateers/PirateTavern/Lightmap-3_comp_light.exr using Guid(d5973704cdccc5042a2e6a67fa3e508a) Importer(2089858483,0ecaa5967403d082aa24f35e1b516d23) Generated GUIDs only implemented for interfaces!
 -> (artifact id: '3eed9d06f70cf0e125ac9c810d37be98') in 0.275008 seconds
Number of updated asset objects reloaded before import = 0
Number of asset objects unloaded after import = 1
========================================================================
Received Import Request.
  Time since last request: 0.003042 seconds.
  path: Assets/PollyPrivateers/Objects/Lantern/Lantern_Normal.tga
  artifactKey: Guid(96ecb3dff388ddf44ab00f057fa08e3f) Importer(2089858483,0ecaa5967403d082aa24f35e1b516d23)
Start importing Assets/PollyPrivateers/Objects/Lantern/Lantern_Normal.tga using Guid(96ecb3dff388ddf44ab00f057fa08e3f) Importer(2089858483,0ecaa5967403d082aa24f35e1b516d23) Generated GUIDs only implemented for interfaces!
 -> (artifact id: '7f909f30f89013a26ff1bcd5816fc0a8') in 0.083034 seconds
Number of updated asset objects reloaded before import = 0
Number of asset objects unloaded after import = 1
========================================================================
Received Import Request.
  Time since last request: 0.003536 seconds.
  path: Assets/PollyPrivateers/Objects/Bench/Bench_Normal.tga
  artifactKey: Guid(71d9a88db20642e47a85b0e90e43710e) Importer(2089858483,0ecaa5967403d082aa24f35e1b516d23)
Start importing Assets/PollyPrivateers/Objects/Bench/Bench_Normal.tga using Guid(71d9a88db20642e47a85b0e90e43710e) Importer(2089858483,0ecaa5967403d082aa24f35e1b516d23) Generated GUIDs only implemented for interfaces!
 -> (artifact id: '31750e71ffd998d25bde369468eea48c') in 0.146066 seconds
Number of updated asset objects reloaded before import = 0
Number of asset objects unloaded after import = 1
========================================================================
Received Import Request.
  Time since last request: 0.002597 seconds.
  path: Assets/PollyPrivateers/Objects/Bags/Bags_Occlusion.tga
  artifactKey: Guid(a450affdcef92f949b0bde8eccb06358) Importer(2089858483,0ecaa5967403d082aa24f35e1b516d23)
Start importing Assets/PollyPrivateers/Objects/Bags/Bags_Occlusion.tga using Guid(a450affdcef92f949b0bde8eccb06358) Importer(2089858483,0ecaa5967403d082aa24f35e1b516d23) Generated GUIDs only implemented for interfaces!
 -> (artifact id: 'd2bf5d04405674f1c0f5e338c78a87ae') in 0.158011 seconds
Number of updated asset objects reloaded before import = 0
Number of asset objects unloaded after import = 1
========================================================================
Received Import Request.
  Time since last request: 0.003582 seconds.
  path: Assets/PollyPrivateers/Objects/LargeTable/LargeTable.mat
  artifactKey: Guid(19fb12877030cbf4fa27bf46e752e892) Importer(2089858483,0ecaa5967403d082aa24f35e1b516d23)
Start importing Assets/PollyPrivateers/Objects/LargeTable/LargeTable.mat using Guid(19fb12877030cbf4fa27bf46e752e892) Importer(2089858483,0ecaa5967403d082aa24f35e1b516d23) Generated GUIDs only implemented for interfaces!
 -> (artifact id: '25f8b5755735f965509da0f74a2952f8') in 0.453797 seconds
Number of updated asset objects reloaded before import = 0
Number of asset objects unloaded after import = 5
========================================================================
Received Import Request.
  Time since last request: 0.001315 seconds.
  path: Assets/PollyPrivateers/Objects/FireCamp/FireCamp_Specular.tga
  artifactKey: Guid(b994a384fac45404b9d3deebe76e0460) Importer(2089858483,0ecaa5967403d082aa24f35e1b516d23)
Start importing Assets/PollyPrivateers/Objects/FireCamp/FireCamp_Specular.tga using Guid(b994a384fac45404b9d3deebe76e0460) Importer(2089858483,0ecaa5967403d082aa24f35e1b516d23) Generated GUIDs only implemented for interfaces!
 -> (artifact id: '309d1a321fc0a38e79ae4cc20e17900b') in 0.154941 seconds
Number of updated asset objects reloaded before import = 0
Number of asset objects unloaded after import = 1
========================================================================
Received Import Request.
  Time since last request: 0.003088 seconds.
  path: Assets/PollyPrivateers/Objects/Batch of Decors/Batch of Decors_Specular.tga
  artifactKey: Guid(df1fc31c39dc7094aa4eb948fe8e50c0) Importer(2089858483,0ecaa5967403d082aa24f35e1b516d23)
Start importing Assets/PollyPrivateers/Objects/Batch of Decors/Batch of Decors_Specular.tga using Guid(df1fc31c39dc7094aa4eb948fe8e50c0) Importer(2089858483,0ecaa5967403d082aa24f35e1b516d23) Generated GUIDs only implemented for interfaces!
 -> (artifact id: 'e3a7f0a99f72f6674d3f1fb042ab5b9c') in 0.136326 seconds
Number of updated asset objects reloaded before import = 0
Number of asset objects unloaded after import = 1
========================================================================
Received Import Request.
  Time since last request: 0.003739 seconds.
  path: Assets/PollyPrivateers/Objects/KitchenDesk/KitchenDesk.obj
  artifactKey: Guid(d2274dd03582d3b40b9d25f79d84e176) Importer(2089858483,0ecaa5967403d082aa24f35e1b516d23)
Start importing Assets/PollyPrivateers/Objects/KitchenDesk/KitchenDesk.obj using Guid(d2274dd03582d3b40b9d25f79d84e176) Importer(2089858483,0ecaa5967403d082aa24f35e1b516d23) Generated GUIDs only implemented for interfaces!
 -> (artifact id: '4a4012a3c0954b9a525eb3ed58cd9783') in 0.066080 seconds
Number of updated asset objects reloaded before import = 0
Number of asset objects unloaded after import = 9
========================================================================
Received Import Request.
  Time since last request: 0.002935 seconds.
  path: Assets/PollyPrivateers/Objects/Loot/Loot_Specular.tga
  artifactKey: Guid(16de240b519aa38439862ea206449bfe) Importer(2089858483,0ecaa5967403d082aa24f35e1b516d23)
Start importing Assets/PollyPrivateers/Objects/Loot/Loot_Specular.tga using Guid(16de240b519aa38439862ea206449bfe) Importer(2089858483,0ecaa5967403d082aa24f35e1b516d23) Generated GUIDs only implemented for interfaces!
 -> (artifact id: '2fa27994f91b8d5ca5be89e124eb01de') in 0.081348 seconds
Number of updated asset objects reloaded before import = 0
Number of asset objects unloaded after import = 1
========================================================================
Received Import Request.
  Time since last request: 0.002877 seconds.
  path: Assets/PollyPrivateers/Objects/Loot/Loot_Occlusion.tga
  artifactKey: Guid(24554e64967c632478dcb44b93018454) Importer(2089858483,0ecaa5967403d082aa24f35e1b516d23)
Start importing Assets/PollyPrivateers/Objects/Loot/Loot_Occlusion.tga using Guid(24554e64967c632478dcb44b93018454) Importer(2089858483,0ecaa5967403d082aa24f35e1b516d23) Generated GUIDs only implemented for interfaces!
 -> (artifact id: '156e7d70be5dc9d5d8d2228fd0468219') in 0.079322 seconds
Number of updated asset objects reloaded before import = 0
Number of asset objects unloaded after import = 1
========================================================================
Received Import Request.
  Time since last request: 0.002850 seconds.
  path: Assets/PollyPrivateers/Objects/Batch of Decors 5/Batch of Decors 5.fbx
  artifactKey: Guid(ff620b01a898f2a4e894b933363afe9c) Importer(2089858483,0ecaa5967403d082aa24f35e1b516d23)
Start importing Assets/PollyPrivateers/Objects/Batch of Decors 5/Batch of Decors 5.fbx using Guid(ff620b01a898f2a4e894b933363afe9c) Importer(2089858483,0ecaa5967403d082aa24f35e1b516d23) Generated GUIDs only implemented for interfaces!
 -> (artifact id: 'c4d06646c2553e4686d115b3bac5ce86') in 0.076603 seconds
Number of updated asset objects reloaded before import = 0
Number of asset objects unloaded after import = 19
========================================================================
Received Import Request.
  Time since last request: 0.003106 seconds.
  path: Assets/Mini First Person Controller/Audio/Crouch/Crouch start 2.wav
  artifactKey: Guid(8a49e3e94b1e34e47bc5f47c5233c5a5) Importer(2089858483,0ecaa5967403d082aa24f35e1b516d23)
Start importing Assets/Mini First Person Controller/Audio/Crouch/Crouch start 2.wav using Guid(8a49e3e94b1e34e47bc5f47c5233c5a5) Importer(2089858483,0ecaa5967403d082aa24f35e1b516d23) Generated GUIDs only implemented for interfaces!
 -> (artifact id: 'd9d18f28007aedf93f12097abb7a9120') in 0.074595 seconds
Number of updated asset objects reloaded before import = 0
Number of asset objects unloaded after import = 1
========================================================================
Received Import Request.
  Time since last request: 0.002835 seconds.
  path: Assets/Mini First Person Controller/Audio/Crouch/Crouch end 1.wav
  artifactKey: Guid(aac7fe48a39af6e46a2d48c5d2655976) Importer(2089858483,0ecaa5967403d082aa24f35e1b516d23)
Start importing Assets/Mini First Person Controller/Audio/Crouch/Crouch end 1.wav using Guid(aac7fe48a39af6e46a2d48c5d2655976) Importer(2089858483,0ecaa5967403d082aa24f35e1b516d23) Generated GUIDs only implemented for interfaces!
 -> (artifact id: 'e279f4efe4684ab27068da8dfabdebc6') in 0.087698 seconds
Number of updated asset objects reloaded before import = 0
Number of asset objects unloaded after import = 1
========================================================================
Received Import Request.
  Time since last request: 0.003075 seconds.
  path: Assets/PollyPrivateers/Objects/NewRoundTable/NewRoundTable_Occlusion.tga
  artifactKey: Guid(9e472348f97849a43af82414c12ec2de) Importer(2089858483,0ecaa5967403d082aa24f35e1b516d23)
Start importing Assets/PollyPrivateers/Objects/NewRoundTable/NewRoundTable_Occlusion.tga using Guid(9e472348f97849a43af82414c12ec2de) Importer(2089858483,0ecaa5967403d082aa24f35e1b516d23) Generated GUIDs only implemented for interfaces!
 -> (artifact id: '636f73e5b047cc592f5bac8b4ac3681f') in 0.112179 seconds
Number of updated asset objects reloaded before import = 0
Number of asset objects unloaded after import = 1
========================================================================
Received Import Request.
  Time since last request: 0.004592 seconds.
  path: Assets/PollyPrivateers/Objects/OpenBarrel/OpenBarrel_Occlusion.tga
  artifactKey: Guid(947b97c76020e3c4b9f068d7e1e1c010) Importer(2089858483,0ecaa5967403d082aa24f35e1b516d23)
Start importing Assets/PollyPrivateers/Objects/OpenBarrel/OpenBarrel_Occlusion.tga using Guid(947b97c76020e3c4b9f068d7e1e1c010) Importer(2089858483,0ecaa5967403d082aa24f35e1b516d23) Generated GUIDs only implemented for interfaces!
 -> (artifact id: 'bda9b965f8fa7476f2d83ab945563683') in 0.156529 seconds
Number of updated asset objects reloaded before import = 0
Number of asset objects unloaded after import = 1
========================================================================
Received Import Request.
  Time since last request: 0.002997 seconds.
  path: Assets/PollyPrivateers/Objects/OpenBarrel/OpenBarrel_Normal.tga
  artifactKey: Guid(6b1d13cbf2d2a7849bf2f7c1e70b3283) Importer(2089858483,0ecaa5967403d082aa24f35e1b516d23)
Start importing Assets/PollyPrivateers/Objects/OpenBarrel/OpenBarrel_Normal.tga using Guid(6b1d13cbf2d2a7849bf2f7c1e70b3283) Importer(2089858483,0ecaa5967403d082aa24f35e1b516d23) Generated GUIDs only implemented for interfaces!
 -> (artifact id: 'b210fd8a0260ed3dd01eee6d9557db40') in 0.146733 seconds
Number of updated asset objects reloaded before import = 0
Number of asset objects unloaded after import = 1
========================================================================
Received Import Request.
  Time since last request: 0.004505 seconds.
  path: Assets/PollyPrivateers/Objects/Plank and Beam/PAB_Normal.tga
  artifactKey: Guid(8b4c9df7c01869748902649a71999265) Importer(2089858483,0ecaa5967403d082aa24f35e1b516d23)
Start importing Assets/PollyPrivateers/Objects/Plank and Beam/PAB_Normal.tga using Guid(8b4c9df7c01869748902649a71999265) Importer(2089858483,0ecaa5967403d082aa24f35e1b516d23) Generated GUIDs only implemented for interfaces!
 -> (artifact id: 'b92ae9fea9e8a0e3648aab8c316d7fdd') in 0.107543 seconds
Number of updated asset objects reloaded before import = 0
Number of asset objects unloaded after import = 1
========================================================================
Received Import Request.
  Time since last request: 0.003568 seconds.
  path: Assets/PollyPrivateers/Objects/Pear/Pear_Occlusion.tga
  artifactKey: Guid(265edac1e6c69f14abffcd098c956ed1) Importer(2089858483,0ecaa5967403d082aa24f35e1b516d23)
Start importing Assets/PollyPrivateers/Objects/Pear/Pear_Occlusion.tga using Guid(265edac1e6c69f14abffcd098c956ed1) Importer(2089858483,0ecaa5967403d082aa24f35e1b516d23) Generated GUIDs only implemented for interfaces!
 -> (artifact id: '912308d3c9a1f114cd99b06cb0627a66') in 0.077291 seconds
Number of updated asset objects reloaded before import = 0
Number of asset objects unloaded after import = 1
========================================================================
Received Import Request.
  Time since last request: 0.004958 seconds.
  path: Assets/Mini First Person Controller/Audio/Landing/Landing 3.wav
  artifactKey: Guid(50b288ce0d5ac1e439827c5365c74c31) Importer(2089858483,0ecaa5967403d082aa24f35e1b516d23)
Start importing Assets/Mini First Person Controller/Audio/Landing/Landing 3.wav using Guid(50b288ce0d5ac1e439827c5365c74c31) Importer(2089858483,0ecaa5967403d082aa24f35e1b516d23) Generated GUIDs only implemented for interfaces!
 -> (artifact id: '4e08bb35d568f85a9f146a01145ec7e1') in 0.096852 seconds
Number of updated asset objects reloaded before import = 0
Number of asset objects unloaded after import = 1
========================================================================
Received Import Request.
  Time since last request: 0.003228 seconds.
  path: Assets/PollyPrivateers/Objects/KegSmooth/KegSmooth2_Normal.tga
  artifactKey: Guid(c30c7bbe6b0a0cf49b0c687c2ce6645d) Importer(2089858483,0ecaa5967403d082aa24f35e1b516d23)
Start importing Assets/PollyPrivateers/Objects/KegSmooth/KegSmooth2_Normal.tga using Guid(c30c7bbe6b0a0cf49b0c687c2ce6645d) Importer(2089858483,0ecaa5967403d082aa24f35e1b516d23) Generated GUIDs only implemented for interfaces!
 -> (artifact id: '8f94dccba47a25307ec7612ca8929f9b') in 0.196508 seconds
Number of updated asset objects reloaded before import = 0
Number of asset objects unloaded after import = 1
========================================================================
Received Import Request.
  Time since last request: 0.003076 seconds.
  path: Assets/PollyPrivateers/Objects/Pollybu/Pollybu_Albedo.tga
  artifactKey: Guid(7659e6b7c5e045a489312f599d2351f8) Importer(2089858483,0ecaa5967403d082aa24f35e1b516d23)
Start importing Assets/PollyPrivateers/Objects/Pollybu/Pollybu_Albedo.tga using Guid(7659e6b7c5e045a489312f599d2351f8) Importer(2089858483,0ecaa5967403d082aa24f35e1b516d23) Generated GUIDs only implemented for interfaces!
 -> (artifact id: '97175f3dc978c9d034c4717c6c285b5d') in 0.085650 seconds
Number of updated asset objects reloaded before import = 0
Number of asset objects unloaded after import = 1
========================================================================
Received Import Request.
  Time since last request: 0.003506 seconds.
  path: Assets/PollyPrivateers/Objects/Plank and Beam/PAB_Occlusion.tga
  artifactKey: Guid(5816c0cd301cbf341ad1beddaa07c99b) Importer(2089858483,0ecaa5967403d082aa24f35e1b516d23)
Start importing Assets/PollyPrivateers/Objects/Plank and Beam/PAB_Occlusion.tga using Guid(5816c0cd301cbf341ad1beddaa07c99b) Importer(2089858483,0ecaa5967403d082aa24f35e1b516d23) Generated GUIDs only implemented for interfaces!
 -> (artifact id: 'e266b755c1225d7294daf4e36bd5f49c') in 0.093100 seconds
Number of updated asset objects reloaded before import = 0
Number of asset objects unloaded after import = 1
========================================================================
Received Import Request.
  Time since last request: 0.003417 seconds.
  path: Assets/PollyPrivateers/Objects/Lantern/Lantern_Specular.tga
  artifactKey: Guid(7ff6d4bbda84a8c4494e780f6e6c3176) Importer(2089858483,0ecaa5967403d082aa24f35e1b516d23)
Start importing Assets/PollyPrivateers/Objects/Lantern/Lantern_Specular.tga using Guid(7ff6d4bbda84a8c4494e780f6e6c3176) Importer(2089858483,0ecaa5967403d082aa24f35e1b516d23) Generated GUIDs only implemented for interfaces!
 -> (artifact id: '361f9570e24c50df580883d31f423850') in 0.091001 seconds
Number of updated asset objects reloaded before import = 0
Number of asset objects unloaded after import = 1
========================================================================
Received Import Request.
  Time since last request: 0.003387 seconds.
  path: Assets/Mini First Person Controller/Scripts/FirstPersonMovement.cs
  artifactKey: Guid(97fca36bd81de7c4cafce7bbf02ca611) Importer(2089858483,0ecaa5967403d082aa24f35e1b516d23)
Start importing Assets/Mini First Person Controller/Scripts/FirstPersonMovement.cs using Guid(97fca36bd81de7c4cafce7bbf02ca611) Importer(2089858483,0ecaa5967403d082aa24f35e1b516d23) Generated GUIDs only implemented for interfaces!
 -> (artifact id: '0048ba83a9731d96c79fa359c5a6e356') in 0.042965 seconds
Number of updated asset objects reloaded before import = 0
Number of asset objects unloaded after import = 1
========================================================================
Received Import Request.
  Time since last request: 0.002827 seconds.
  path: Assets/PollyPrivateers/Objects/Pots/Pots.mat
  artifactKey: Guid(b98ddf7fdf8cf3547b889956067679e3) Importer(2089858483,0ecaa5967403d082aa24f35e1b516d23)
Start importing Assets/PollyPrivateers/Objects/Pots/Pots.mat using Guid(b98ddf7fdf8cf3547b889956067679e3) Importer(2089858483,0ecaa5967403d082aa24f35e1b516d23) Generated GUIDs only implemented for interfaces!
 -> (artifact id: '8df7fb6be85d4bbe68bb030857aed5be') in 0.498487 seconds
Number of updated asset objects reloaded before import = 0
Number of asset objects unloaded after import = 5
========================================================================
Received Import Request.
  Time since last request: 0.001119 seconds.
  path: Assets/PollyPrivateers/Objects/RareColor/RareColor_Albedo.tga
  artifactKey: Guid(73cad7c4d5c5c0947b0d0df8793ede35) Importer(2089858483,0ecaa5967403d082aa24f35e1b516d23)
Start importing Assets/PollyPrivateers/Objects/RareColor/RareColor_Albedo.tga using Guid(73cad7c4d5c5c0947b0d0df8793ede35) Importer(2089858483,0ecaa5967403d082aa24f35e1b516d23) Generated GUIDs only implemented for interfaces!
 -> (artifact id: 'd7a525dad8ba2ee55103701632085044') in 0.177496 seconds
Number of updated asset objects reloaded before import = 0
Number of asset objects unloaded after import = 1
========================================================================
Received Import Request.
  Time since last request: 0.003627 seconds.
  path: Assets/PollyPrivateers/Objects/RareColor/RareColor_Normal.tga
  artifactKey: Guid(913074291d1aa3747b036e3c5f2ae59e) Importer(2089858483,0ecaa5967403d082aa24f35e1b516d23)
Start importing Assets/PollyPrivateers/Objects/RareColor/RareColor_Normal.tga using Guid(913074291d1aa3747b036e3c5f2ae59e) Importer(2089858483,0ecaa5967403d082aa24f35e1b516d23) Generated GUIDs only implemented for interfaces!
 -> (artifact id: '6757249d41e187a70023ce5007d73a84') in 0.186857 seconds
Number of updated asset objects reloaded before import = 0
Number of asset objects unloaded after import = 1
========================================================================
Received Import Request.
  Time since last request: 0.002359 seconds.
  path: Assets/PollyPrivateers/Objects/KitchenDesk/KitchenDesk_Specular.tga
  artifactKey: Guid(06cab9bc45440914aa7970a6dacabecd) Importer(2089858483,0ecaa5967403d082aa24f35e1b516d23)
Start importing Assets/PollyPrivateers/Objects/KitchenDesk/KitchenDesk_Specular.tga using Guid(06cab9bc45440914aa7970a6dacabecd) Importer(2089858483,0ecaa5967403d082aa24f35e1b516d23) Generated GUIDs only implemented for interfaces!
 -> (artifact id: 'f7c55a064cad21adad99bf720c1b2480') in 0.122692 seconds
Number of updated asset objects reloaded before import = 0
Number of asset objects unloaded after import = 1
========================================================================
Received Import Request.
  Time since last request: 0.002807 seconds.
  path: Assets/PollyPrivateers/Objects/SculptedDesk/ScupltedDesk.mat
  artifactKey: Guid(0d67c2ca758372f4d8ddf89256b8dd38) Importer(2089858483,0ecaa5967403d082aa24f35e1b516d23)
Start importing Assets/PollyPrivateers/Objects/SculptedDesk/ScupltedDesk.mat using Guid(0d67c2ca758372f4d8ddf89256b8dd38) Importer(2089858483,0ecaa5967403d082aa24f35e1b516d23) Generated GUIDs only implemented for interfaces!
 -> (artifact id: '2c5e472e1333f6545edbb941df8f52f2') in 0.630448 seconds
Number of updated asset objects reloaded before import = 0
Number of asset objects unloaded after import = 5
========================================================================
Received Import Request.
  Time since last request: 0.001611 seconds.
  path: Assets/PollyPrivateers/Objects/ShootBeforeYou´reShot/ShootBeforeYou´reShot_Albedo.tga
  artifactKey: Guid(9f381310eae72c740bfa177b6621a68b) Importer(2089858483,0ecaa5967403d082aa24f35e1b516d23)
Start importing Assets/PollyPrivateers/Objects/ShootBeforeYou´reShot/ShootBeforeYou´reShot_Albedo.tga using Guid(9f381310eae72c740bfa177b6621a68b) Importer(2089858483,0ecaa5967403d082aa24f35e1b516d23) Generated GUIDs only implemented for interfaces!
 -> (artifact id: '03c9eb40af5f0d15f2fa970d26ee55d8') in 0.143170 seconds
Number of updated asset objects reloaded before import = 0
Number of asset objects unloaded after import = 1
========================================================================
Received Import Request.
  Time since last request: 0.003528 seconds.
  path: Assets/PollyPrivateers/Objects/Plank and Beam/WoodenBeam.obj
  artifactKey: Guid(747108b98c6f06f47b788767f6056f2e) Importer(2089858483,0ecaa5967403d082aa24f35e1b516d23)
Start importing Assets/PollyPrivateers/Objects/Plank and Beam/WoodenBeam.obj using Guid(747108b98c6f06f47b788767f6056f2e) Importer(2089858483,0ecaa5967403d082aa24f35e1b516d23) Generated GUIDs only implemented for interfaces!
 -> (artifact id: '5bf1e8ccdc7971e2976b448af042fa7e') in 0.067299 seconds
Number of updated asset objects reloaded before import = 0
Number of asset objects unloaded after import = 10
========================================================================
Received Import Request.
  Time since last request: 0.002840 seconds.
  path: Assets/PollyPrivateers/Objects/Lantern/Lantern.mat
  artifactKey: Guid(6eb9109149976264f98551eaee832ff2) Importer(2089858483,0ecaa5967403d082aa24f35e1b516d23)
Start importing Assets/PollyPrivateers/Objects/Lantern/Lantern.mat using Guid(6eb9109149976264f98551eaee832ff2) Importer(2089858483,0ecaa5967403d082aa24f35e1b516d23) Generated GUIDs only implemented for interfaces!
 -> (artifact id: '382749a2da73db60bf47fe20b37c38cc') in 0.127080 seconds
Number of updated asset objects reloaded before import = 0
Number of asset objects unloaded after import = 5
========================================================================
Received Import Request.
  Time since last request: 0.002050 seconds.
  path: Assets/PollyPrivateers/Objects/ShootBeforeYou´reShot/ShootBeforeYou´reShot_Occlusion.tga
  artifactKey: Guid(5c114a4f22b25024f8da01daa418d877) Importer(2089858483,0ecaa5967403d082aa24f35e1b516d23)
Start importing Assets/PollyPrivateers/Objects/ShootBeforeYou´reShot/ShootBeforeYou´reShot_Occlusion.tga using Guid(5c114a4f22b25024f8da01daa418d877) Importer(2089858483,0ecaa5967403d082aa24f35e1b516d23) Generated GUIDs only implemented for interfaces!
 -> (artifact id: '967e5df54c14996e3131a0112c18fee8') in 0.123996 seconds
Number of updated asset objects reloaded before import = 0
Number of asset objects unloaded after import = 1
========================================================================
Received Import Request.
  Time since last request: 0.004826 seconds.
  path: Assets/PollyPrivateers/Objects/Pollybu/Pollybu.obj
  artifactKey: Guid(577fe2276cce82741a3637a4f64980ed) Importer(2089858483,0ecaa5967403d082aa24f35e1b516d23)
Start importing Assets/PollyPrivateers/Objects/Pollybu/Pollybu.obj using Guid(577fe2276cce82741a3637a4f64980ed) Importer(2089858483,0ecaa5967403d082aa24f35e1b516d23) Generated GUIDs only implemented for interfaces!
 -> (artifact id: '1b1bdefd4587931968623382ff3c93a8') in 0.067469 seconds
Number of updated asset objects reloaded before import = 0
Number of asset objects unloaded after import = 14
========================================================================
Received Import Request.
  Time since last request: 0.003002 seconds.
  path: Assets/PollyPrivateers/Objects/Batch Of Decors 6/Batch Of Decors 6_Normal.tga
  artifactKey: Guid(77d1548ec5c283a418f2bf7eb21a9587) Importer(2089858483,0ecaa5967403d082aa24f35e1b516d23)
Start importing Assets/PollyPrivateers/Objects/Batch Of Decors 6/Batch Of Decors 6_Normal.tga using Guid(77d1548ec5c283a418f2bf7eb21a9587) Importer(2089858483,0ecaa5967403d082aa24f35e1b516d23) Generated GUIDs only implemented for interfaces!
 -> (artifact id: 'a82bbb6588739a45c77d4c0e06bb2ce6') in 0.136463 seconds
Number of updated asset objects reloaded before import = 0
Number of asset objects unloaded after import = 1
========================================================================
Received Import Request.
  Time since last request: 0.003734 seconds.
  path: Assets/PollyPrivateers/Objects/Plank and Beam/PAB_Specular.tga
  artifactKey: Guid(80e5203c1e0965c4d8c0cc06dfa4152e) Importer(2089858483,0ecaa5967403d082aa24f35e1b516d23)
Start importing Assets/PollyPrivateers/Objects/Plank and Beam/PAB_Specular.tga using Guid(80e5203c1e0965c4d8c0cc06dfa4152e) Importer(2089858483,0ecaa5967403d082aa24f35e1b516d23) Generated GUIDs only implemented for interfaces!
 -> (artifact id: 'b6bca340ef1ab02e51a37e0277b1ffd3') in 0.111631 seconds
Number of updated asset objects reloaded before import = 0
Number of asset objects unloaded after import = 1
========================================================================
Received Import Request.
  Time since last request: 0.004106 seconds.
  path: Assets/PollyPrivateers/Objects/Simple Bottle/Simple Bottle_Normal.tga
  artifactKey: Guid(52dadd71ff4c3f94390686ed95149351) Importer(2089858483,0ecaa5967403d082aa24f35e1b516d23)
Start importing Assets/PollyPrivateers/Objects/Simple Bottle/Simple Bottle_Normal.tga using Guid(52dadd71ff4c3f94390686ed95149351) Importer(2089858483,0ecaa5967403d082aa24f35e1b516d23) Generated GUIDs only implemented for interfaces!
 -> (artifact id: '4fa04a622fc3da026ab83f69cfbd8089') in 0.131198 seconds
Number of updated asset objects reloaded before import = 0
Number of asset objects unloaded after import = 1
========================================================================
Received Import Request.
  Time since last request: 0.003175 seconds.
  path: Assets/PollyPrivateers/Objects/KitchenDesk/KitchenDesk_Normal.tga
  artifactKey: Guid(567153c8dcad8d844998dc293275a219) Importer(2089858483,0ecaa5967403d082aa24f35e1b516d23)
Start importing Assets/PollyPrivateers/Objects/KitchenDesk/KitchenDesk_Normal.tga using Guid(567153c8dcad8d844998dc293275a219) Importer(2089858483,0ecaa5967403d082aa24f35e1b516d23) Generated GUIDs only implemented for interfaces!
 -> (artifact id: '8fcdb84df08f8883b7ad608f3fc9b20d') in 0.117470 seconds
Number of updated asset objects reloaded before import = 0
Number of asset objects unloaded after import = 1
========================================================================
Received Import Request.
  Time since last request: 0.003741 seconds.
  path: Assets/PollyPrivateers/Objects/Loot/Loot_Normal.tga
  artifactKey: Guid(72e1d4946472fd149ad8b65674329fbe) Importer(2089858483,0ecaa5967403d082aa24f35e1b516d23)
Start importing Assets/PollyPrivateers/Objects/Loot/Loot_Normal.tga using Guid(72e1d4946472fd149ad8b65674329fbe) Importer(2089858483,0ecaa5967403d082aa24f35e1b516d23) Generated GUIDs only implemented for interfaces!
 -> (artifact id: '0661e162a526a152ef9ef6bd9caa0f50') in 0.083681 seconds
Number of updated asset objects reloaded before import = 0
Number of asset objects unloaded after import = 1
========================================================================
Received Import Request.
  Time since last request: 0.003800 seconds.
  path: Assets/PollyPrivateers/Objects/TanjasDesk/TanjasDesk_Albedo.tga
  artifactKey: Guid(7fc34aea732c6a347a597edc7f277409) Importer(2089858483,0ecaa5967403d082aa24f35e1b516d23)
Start importing Assets/PollyPrivateers/Objects/TanjasDesk/TanjasDesk_Albedo.tga using Guid(7fc34aea732c6a347a597edc7f277409) Importer(2089858483,0ecaa5967403d082aa24f35e1b516d23) Generated GUIDs only implemented for interfaces!
 -> (artifact id: 'e560edfbe553680988c031f72eec8230') in 0.236576 seconds
Number of updated asset objects reloaded before import = 0
Number of asset objects unloaded after import = 1
========================================================================
Received Import Request.
  Time since last request: 0.002951 seconds.
  path: Assets/PollyPrivateers/Objects/Stair and Kitchen props/Stairs and Kitchen Props_Specular.tga
  artifactKey: Guid(090d8ea9948676b479f22b878b7ffeae) Importer(2089858483,0ecaa5967403d082aa24f35e1b516d23)
Start importing Assets/PollyPrivateers/Objects/Stair and Kitchen props/Stairs and Kitchen Props_Specular.tga using Guid(090d8ea9948676b479f22b878b7ffeae) Importer(2089858483,0ecaa5967403d082aa24f35e1b516d23) Generated GUIDs only implemented for interfaces!
 -> (artifact id: '5cc45afe2bb9adb26dc7f8d9fead9c15') in 0.158859 seconds
Number of updated asset objects reloaded before import = 0
Number of asset objects unloaded after import = 1
========================================================================
Received Import Request.
  Time since last request: 0.002978 seconds.
  path: Assets/PollyPrivateers/Objects/TanjasDesk/TanjasDesk_Specular.tga
  artifactKey: Guid(b67fd8a5561bcc147babadd93eeddd8c) Importer(2089858483,0ecaa5967403d082aa24f35e1b516d23)
Start importing Assets/PollyPrivateers/Objects/TanjasDesk/TanjasDesk_Specular.tga using Guid(b67fd8a5561bcc147babadd93eeddd8c) Importer(2089858483,0ecaa5967403d082aa24f35e1b516d23) Generated GUIDs only implemented for interfaces!
 -> (artifact id: '7d02436afad49e42056771905e4d09c1') in 0.145601 seconds
Number of updated asset objects reloaded before import = 0
Number of asset objects unloaded after import = 1
========================================================================
Received Import Request.
  Time since last request: 0.003783 seconds.
  path: Assets/PollyPrivateers/Objects/TavernDoor/TavernDoor_Albedo.tga
  artifactKey: Guid(b26f2d25a25c31147a1d8e69a05fe0a6) Importer(2089858483,0ecaa5967403d082aa24f35e1b516d23)
Start importing Assets/PollyPrivateers/Objects/TavernDoor/TavernDoor_Albedo.tga using Guid(b26f2d25a25c31147a1d8e69a05fe0a6) Importer(2089858483,0ecaa5967403d082aa24f35e1b516d23) Generated GUIDs only implemented for interfaces!
 -> (artifact id: 'b32288564ed11f2b4bbe0f3cafc796ab') in 0.213918 seconds
Number of updated asset objects reloaded before import = 0
Number of asset objects unloaded after import = 1
========================================================================
Received Import Request.
  Time since last request: 0.003344 seconds.
  path: Assets/PollyPrivateers/Objects/TanjasDesk/TanjasDesk_Occlusion.tga
  artifactKey: Guid(976ea2103cd9cf2408c589e3a02b4e15) Importer(2089858483,0ecaa5967403d082aa24f35e1b516d23)
Start importing Assets/PollyPrivateers/Objects/TanjasDesk/TanjasDesk_Occlusion.tga using Guid(976ea2103cd9cf2408c589e3a02b4e15) Importer(2089858483,0ecaa5967403d082aa24f35e1b516d23) Generated GUIDs only implemented for interfaces!
 -> (artifact id: '081470291f1fb6a63d78265e2d75ebcb') in 0.208090 seconds
Number of updated asset objects reloaded before import = 0
Number of asset objects unloaded after import = 1
========================================================================
Received Import Request.
  Time since last request: 0.003127 seconds.
  path: Assets/PollyPrivateers/Objects/TavernDoor/TavernDoor_Specular.tga
  artifactKey: Guid(aa61aeb59a39d264385287b67d0b21fa) Importer(2089858483,0ecaa5967403d082aa24f35e1b516d23)
Start importing Assets/PollyPrivateers/Objects/TavernDoor/TavernDoor_Specular.tga using Guid(aa61aeb59a39d264385287b67d0b21fa) Importer(2089858483,0ecaa5967403d082aa24f35e1b516d23) Generated GUIDs only implemented for interfaces!
 -> (artifact id: '258dd605fc4830d7650e9e77d7ab3636') in 0.172138 seconds
Number of updated asset objects reloaded before import = 0
Number of asset objects unloaded after import = 1
========================================================================
Received Import Request.
  Time since last request: 0.003277 seconds.
  path: Assets/PollyPrivateers/Objects/RareColor/RareColor.mat
  artifactKey: Guid(6e83ad593ec0bc2439d4e9a86c3d34c1) Importer(2089858483,0ecaa5967403d082aa24f35e1b516d23)
Start importing Assets/PollyPrivateers/Objects/RareColor/RareColor.mat using Guid(6e83ad593ec0bc2439d4e9a86c3d34c1) Importer(2089858483,0ecaa5967403d082aa24f35e1b516d23) Generated GUIDs only implemented for interfaces!
 -> (artifact id: '87555fd97e2d72adc4a497135a100717') in 0.402550 seconds
Number of updated asset objects reloaded before import = 0
Number of asset objects unloaded after import = 5
========================================================================
Received Import Request.
  Time since last request: 0.000896 seconds.
  path: Assets/PollyPrivateers/Objects/ThatTable/ThatTable.obj
  artifactKey: Guid(80ad679398489e643bad436e0b8262b9) Importer(2089858483,0ecaa5967403d082aa24f35e1b516d23)
Start importing Assets/PollyPrivateers/Objects/ThatTable/ThatTable.obj using Guid(80ad679398489e643bad436e0b8262b9) Importer(2089858483,0ecaa5967403d082aa24f35e1b516d23) Generated GUIDs only implemented for interfaces!
 -> (artifact id: 'd2f9248f089179ebec5a74af359e7ac4') in 0.074915 seconds
Number of updated asset objects reloaded before import = 0
Number of asset objects unloaded after import = 10
========================================================================
Received Import Request.
  Time since last request: 0.003928 seconds.
  path: Assets/PollyPrivateers/Objects/Stair and Kitchen props/Stairs and Kitchen props.mat
  artifactKey: Guid(9f852984a399a204cb7e5a3df0fc7d7b) Importer(2089858483,0ecaa5967403d082aa24f35e1b516d23)
Start importing Assets/PollyPrivateers/Objects/Stair and Kitchen props/Stairs and Kitchen props.mat using Guid(9f852984a399a204cb7e5a3df0fc7d7b) Importer(2089858483,0ecaa5967403d082aa24f35e1b516d23) Generated GUIDs only implemented for interfaces!
 -> (artifact id: '780415c057d8286665633143b4261d40') in 0.341798 seconds
Number of updated asset objects reloaded before import = 0
Number of asset objects unloaded after import = 5
========================================================================
Received Import Request.
  Time since last request: 0.002075 seconds.
  path: Assets/PollyPrivateers/Objects/TheGreatHunt Book/The Great Hunt Book_Specular.tga
  artifactKey: Guid(a16ab5404902b4348bfea1d59ae88df1) Importer(2089858483,0ecaa5967403d082aa24f35e1b516d23)
Start importing Assets/PollyPrivateers/Objects/TheGreatHunt Book/The Great Hunt Book_Specular.tga using Guid(a16ab5404902b4348bfea1d59ae88df1) Importer(2089858483,0ecaa5967403d082aa24f35e1b516d23) Generated GUIDs only implemented for interfaces!
 -> (artifact id: '13e9a2ebd8fa5c40207067ac662a8bdb') in 0.080725 seconds
Number of updated asset objects reloaded before import = 0
Number of asset objects unloaded after import = 1
========================================================================
Received Import Request.
  Time since last request: 0.003054 seconds.
  path: Assets/PollyPrivateers/Objects/ThatTable/ThatTable_Specular.tga
  artifactKey: Guid(47791ca4da2b4d8418cbe08262c134b0) Importer(2089858483,0ecaa5967403d082aa24f35e1b516d23)
Start importing Assets/PollyPrivateers/Objects/ThatTable/ThatTable_Specular.tga using Guid(47791ca4da2b4d8418cbe08262c134b0) Importer(2089858483,0ecaa5967403d082aa24f35e1b516d23) Generated GUIDs only implemented for interfaces!
 -> (artifact id: '30249314a04c7ffe1a52392e3313da2f') in 0.160483 seconds
Number of updated asset objects reloaded before import = 0
Number of asset objects unloaded after import = 1
========================================================================
Received Import Request.
  Time since last request: 0.003622 seconds.
  path: Assets/PollyPrivateers/Objects/TheShelf/TheShelf.mat
  artifactKey: Guid(98063969f47e6154bab6ec8d6d93787b) Importer(2089858483,0ecaa5967403d082aa24f35e1b516d23)
Start importing Assets/PollyPrivateers/Objects/TheShelf/TheShelf.mat using Guid(98063969f47e6154bab6ec8d6d93787b) Importer(2089858483,0ecaa5967403d082aa24f35e1b516d23) Generated GUIDs only implemented for interfaces!
 -> (artifact id: '771b153708c551bbe5b834d5847509cb') in 0.231616 seconds
Number of updated asset objects reloaded before import = 0
Number of asset objects unloaded after import = 5
========================================================================
Received Import Request.
  Time since last request: 0.001294 seconds.
  path: Assets/PollyPrivateers/Objects/KitchenDesk/KitchenDeskMaterial.mat
  artifactKey: Guid(847b236bd307e5649ad95d779158baa8) Importer(2089858483,0ecaa5967403d082aa24f35e1b516d23)
Start importing Assets/PollyPrivateers/Objects/KitchenDesk/KitchenDeskMaterial.mat using Guid(847b236bd307e5649ad95d779158baa8) Importer(2089858483,0ecaa5967403d082aa24f35e1b516d23) Generated GUIDs only implemented for interfaces!
 -> (artifact id: '7ecc06664d829ed2ac5ca4ac737ae45c') in 0.281378 seconds
Number of updated asset objects reloaded before import = 0
Number of asset objects unloaded after import = 6
========================================================================
Received Import Request.
  Time since last request: 0.000961 seconds.
  path: Assets/PollyPrivateers/Objects/Torch/Torch.obj
  artifactKey: Guid(ca97b8d375de2a74fa2a10104b81f264) Importer(2089858483,0ecaa5967403d082aa24f35e1b516d23)
Start importing Assets/PollyPrivateers/Objects/Torch/Torch.obj using Guid(ca97b8d375de2a74fa2a10104b81f264) Importer(2089858483,0ecaa5967403d082aa24f35e1b516d23) Generated GUIDs only implemented for interfaces!
 -> (artifact id: '575f7156ec3e2bbb7898770fefe87e26') in 0.092920 seconds
Number of updated asset objects reloaded before import = 0
Number of asset objects unloaded after import = 10
========================================================================
Received Import Request.
  Time since last request: 0.003674 seconds.
  path: Assets/PollyPrivateers/Objects/Torch/Torch.mat
  artifactKey: Guid(0c87e4c98417bd0489053fd56ce4faef) Importer(2089858483,0ecaa5967403d082aa24f35e1b516d23)
Start importing Assets/PollyPrivateers/Objects/Torch/Torch.mat using Guid(0c87e4c98417bd0489053fd56ce4faef) Importer(2089858483,0ecaa5967403d082aa24f35e1b516d23) Generated GUIDs only implemented for interfaces!
 -> (artifact id: 'e8b97ddb357f836432d4efc97ec98b68') in 0.460523 seconds
Number of updated asset objects reloaded before import = 0
Number of asset objects unloaded after import = 6
========================================================================
Received Import Request.
  Time since last request: 0.000553 seconds.
  path: Assets/PollyPrivateers/Objects/Torch/Torch_Specular.tga
  artifactKey: Guid(92318610dfa0ed14cb6afeb1d16c92b6) Importer(2089858483,0ecaa5967403d082aa24f35e1b516d23)
Start importing Assets/PollyPrivateers/Objects/Torch/Torch_Specular.tga using Guid(92318610dfa0ed14cb6afeb1d16c92b6) Importer(2089858483,0ecaa5967403d082aa24f35e1b516d23) Generated GUIDs only implemented for interfaces!
 -> (artifact id: 'dae75f22d7809664fca144f23a18a218') in 0.129924 seconds
Number of updated asset objects reloaded before import = 0
Number of asset objects unloaded after import = 1
========================================================================
Received Import Request.
  Time since last request: 0.003106 seconds.
  path: Assets/PollyPrivateers/Objects/Simple Bottle/Simple Bottle.obj
  artifactKey: Guid(ce0910c24095cc740898d62d47cdd05b) Importer(2089858483,0ecaa5967403d082aa24f35e1b516d23)
Start importing Assets/PollyPrivateers/Objects/Simple Bottle/Simple Bottle.obj using Guid(ce0910c24095cc740898d62d47cdd05b) Importer(2089858483,0ecaa5967403d082aa24f35e1b516d23) Generated GUIDs only implemented for interfaces!
 -> (artifact id: '024e7e98e92141255c6125b5592c05e6') in 0.067645 seconds
Number of updated asset objects reloaded before import = 0
Number of asset objects unloaded after import = 14
========================================================================
Received Import Request.
  Time since last request: 0.003182 seconds.
  path: Assets/PollyPrivateers/Objects/JawMaster/JawMaster_Specular.tga
  artifactKey: Guid(0a03fc7bf5466ed45a0923d71473c2b2) Importer(2089858483,0ecaa5967403d082aa24f35e1b516d23)
Start importing Assets/PollyPrivateers/Objects/JawMaster/JawMaster_Specular.tga using Guid(0a03fc7bf5466ed45a0923d71473c2b2) Importer(2089858483,0ecaa5967403d082aa24f35e1b516d23) Generated GUIDs only implemented for interfaces!
 -> (artifact id: '9c0aa56ead36e4fcf88ecba521d5f368') in 0.080301 seconds
Number of updated asset objects reloaded before import = 0
Number of asset objects unloaded after import = 1
========================================================================
Received Import Request.
  Time since last request: 0.003734 seconds.
  path: Assets/PollyPrivateers/Objects/Trifold/Trifold_Occlusion.tga
  artifactKey: Guid(5f1fa3e6acebc0e439489f4f6ae5cea5) Importer(2089858483,0ecaa5967403d082aa24f35e1b516d23)
Start importing Assets/PollyPrivateers/Objects/Trifold/Trifold_Occlusion.tga using Guid(5f1fa3e6acebc0e439489f4f6ae5cea5) Importer(2089858483,0ecaa5967403d082aa24f35e1b516d23) Generated GUIDs only implemented for interfaces!
 -> (artifact id: 'cdc4f445a18c3e74504eaced77920528') in 0.146165 seconds
Number of updated asset objects reloaded before import = 0
Number of asset objects unloaded after import = 1
========================================================================
Received Import Request.
  Time since last request: 0.004496 seconds.
  path: Assets/PollyPrivateers/Objects/Knifes and Forks/Knives and Forks.mat
  artifactKey: Guid(b1a374a3b635dab4c9444c30faf3e298) Importer(2089858483,0ecaa5967403d082aa24f35e1b516d23)
Start importing Assets/PollyPrivateers/Objects/Knifes and Forks/Knives and Forks.mat using Guid(b1a374a3b635dab4c9444c30faf3e298) Importer(2089858483,0ecaa5967403d082aa24f35e1b516d23) Generated GUIDs only implemented for interfaces!
 -> (artifact id: '369e9a5cc41c7837c5d823ab066362eb') in 0.441575 seconds
Number of updated asset objects reloaded before import = 0
Number of asset objects unloaded after import = 5
========================================================================
Received Import Request.
  Time since last request: 0.001698 seconds.
  path: Assets/PollyPrivateers/Objects/Wanted Posters/Wanted Posters_Normal.tga
  artifactKey: Guid(012e429e8e61ca6409bdfa66a0696823) Importer(2089858483,0ecaa5967403d082aa24f35e1b516d23)
Start importing Assets/PollyPrivateers/Objects/Wanted Posters/Wanted Posters_Normal.tga using Guid(012e429e8e61ca6409bdfa66a0696823) Importer(2089858483,0ecaa5967403d082aa24f35e1b516d23) Generated GUIDs only implemented for interfaces!
 -> (artifact id: '932c96a17a0089d15ef7d48994afd7a9') in 0.080822 seconds
Number of updated asset objects reloaded before import = 0
Number of asset objects unloaded after import = 1
========================================================================
Received Import Request.
  Time since last request: 0.004029 seconds.
  path: Assets/PollyPrivateers/Objects/Lantern/Lantern_Occlusion.tga
  artifactKey: Guid(1b5a4e6c297682546adb7771bfe488db) Importer(2089858483,0ecaa5967403d082aa24f35e1b516d23)
Start importing Assets/PollyPrivateers/Objects/Lantern/Lantern_Occlusion.tga using Guid(1b5a4e6c297682546adb7771bfe488db) Importer(2089858483,0ecaa5967403d082aa24f35e1b516d23) Generated GUIDs only implemented for interfaces!
 -> (artifact id: 'b0aa1250385fdfcb229c67efdd02ce59') in 0.074259 seconds
Number of updated asset objects reloaded before import = 0
Number of asset objects unloaded after import = 1
========================================================================
Received Import Request.
  Time since last request: 0.004382 seconds.
  path: Assets/PollyPrivateers/Objects/Torch/Torch_Normal.tga
  artifactKey: Guid(73acae9b942f5d341a4f0656f3ad4c18) Importer(2089858483,0ecaa5967403d082aa24f35e1b516d23)
Start importing Assets/PollyPrivateers/Objects/Torch/Torch_Normal.tga using Guid(73acae9b942f5d341a4f0656f3ad4c18) Importer(2089858483,0ecaa5967403d082aa24f35e1b516d23) Generated GUIDs only implemented for interfaces!
 -> (artifact id: 'b5072a96381433812387affc54639340') in 0.171050 seconds
Number of updated asset objects reloaded before import = 0
Number of asset objects unloaded after import = 1
========================================================================
Received Import Request.
  Time since last request: 0.004147 seconds.
  path: Assets/PollyPrivateers/Objects/WhiskeyGlass/WhiskeyGlass_Albedo.tga
  artifactKey: Guid(38b4bd943856e704485e2b080a2e233d) Importer(2089858483,0ecaa5967403d082aa24f35e1b516d23)
Start importing Assets/PollyPrivateers/Objects/WhiskeyGlass/WhiskeyGlass_Albedo.tga using Guid(38b4bd943856e704485e2b080a2e233d) Importer(2089858483,0ecaa5967403d082aa24f35e1b516d23) Generated GUIDs only implemented for interfaces!
 -> (artifact id: 'a8326d5d6ffd2d9578b14dcb18fd93a9') in 0.194745 seconds
Number of updated asset objects reloaded before import = 0
Number of asset objects unloaded after import = 1
========================================================================
Received Import Request.
  Time since last request: 0.002889 seconds.
  path: Assets/PollyPrivateers/Objects/Simple Bottle/Simple Bottle_Albedo.tga
  artifactKey: Guid(d9e7368001cb09d488992e6c2876453b) Importer(2089858483,0ecaa5967403d082aa24f35e1b516d23)
Start importing Assets/PollyPrivateers/Objects/Simple Bottle/Simple Bottle_Albedo.tga using Guid(d9e7368001cb09d488992e6c2876453b) Importer(2089858483,0ecaa5967403d082aa24f35e1b516d23) Generated GUIDs only implemented for interfaces!
 -> (artifact id: '5a8163c2571e0c10f1d1bf745fae7a27') in 0.132498 seconds
Number of updated asset objects reloaded before import = 0
Number of asset objects unloaded after import = 1
========================================================================
Received Import Request.
  Time since last request: 0.002637 seconds.
  path: Assets/PollyPrivateers/Objects/SculptedDesk/SculptedDesk_Normal.tga
  artifactKey: Guid(5fe671ed51544524e9bdfddfb0b7f4ff) Importer(2089858483,0ecaa5967403d082aa24f35e1b516d23)
Start importing Assets/PollyPrivateers/Objects/SculptedDesk/SculptedDesk_Normal.tga using Guid(5fe671ed51544524e9bdfddfb0b7f4ff) Importer(2089858483,0ecaa5967403d082aa24f35e1b516d23) Generated GUIDs only implemented for interfaces!
 -> (artifact id: '4e332114c9c1dbbf616b8fa3a3e53782') in 0.133883 seconds
Number of updated asset objects reloaded before import = 0
Number of asset objects unloaded after import = 1
========================================================================
Received Import Request.
  Time since last request: 0.003440 seconds.
  path: Assets/PollyPrivateers/Objects/Window/Window.mat
  artifactKey: Guid(8c91a1e15d3410a4891c5ac2300fe799) Importer(2089858483,0ecaa5967403d082aa24f35e1b516d23)
Start importing Assets/PollyPrivateers/Objects/Window/Window.mat using Guid(8c91a1e15d3410a4891c5ac2300fe799) Importer(2089858483,0ecaa5967403d082aa24f35e1b516d23) Generated GUIDs only implemented for interfaces!
 -> (artifact id: '5245e9d88df7686adbe4fafe2459508a') in 0.553540 seconds
Number of updated asset objects reloaded before import = 0
Number of asset objects unloaded after import = 6
========================================================================
Received Import Request.
  Time since last request: 0.000717 seconds.
  path: Assets/PollyPrivateers/Prefabs/Furnishings/Bed.prefab
  artifactKey: Guid(500ae0ce6d19f554e8adfb905245f988) Importer(2089858483,0ecaa5967403d082aa24f35e1b516d23)
Start importing Assets/PollyPrivateers/Prefabs/Furnishings/Bed.prefab using Guid(500ae0ce6d19f554e8adfb905245f988) Importer(2089858483,0ecaa5967403d082aa24f35e1b516d23) Generated GUIDs only implemented for interfaces!
 -> (artifact id: 'a3b0f969f5c5f2a970b3d5144d93084a') in 0.061967 seconds
Number of updated asset objects reloaded before import = 0
Number of asset objects unloaded after import = 29
========================================================================
Received Import Request.
  Time since last request: 0.002936 seconds.
  path: Assets/PollyPrivateers/Objects/Window/Window_Specular2.tga
  artifactKey: Guid(0d2a1c4e7c5f3dc409d56a3066db24da) Importer(2089858483,0ecaa5967403d082aa24f35e1b516d23)
Start importing Assets/PollyPrivateers/Objects/Window/Window_Specular2.tga using Guid(0d2a1c4e7c5f3dc409d56a3066db24da) Importer(2089858483,0ecaa5967403d082aa24f35e1b516d23) Generated GUIDs only implemented for interfaces!
 -> (artifact id: '2a2f4ebe81cbc258350538445a56ce6e') in 0.135302 seconds
Number of updated asset objects reloaded before import = 0
Number of asset objects unloaded after import = 1
========================================================================
Received Import Request.
  Time since last request: 0.002997 seconds.
  path: Assets/PollyPrivateers/Objects/TheShelf/TheShelf.obj
  artifactKey: Guid(760734cbf27070d4c9475cbfefa700db) Importer(2089858483,0ecaa5967403d082aa24f35e1b516d23)
Start importing Assets/PollyPrivateers/Objects/TheShelf/TheShelf.obj using Guid(760734cbf27070d4c9475cbfefa700db) Importer(2089858483,0ecaa5967403d082aa24f35e1b516d23) Generated GUIDs only implemented for interfaces!
 -> (artifact id: '8269017ea296057a565cbe2520af6382') in 0.113466 seconds
Number of updated asset objects reloaded before import = 0
Number of asset objects unloaded after import = 10
========================================================================
Received Import Request.
  Time since last request: 0.003845 seconds.
  path: Assets/PollyPrivateers/Prefabs/Furnishings/LargeRoundTable.prefab
  artifactKey: Guid(5e5ff3f0c335b83438b02a4f1020a3cc) Importer(2089858483,0ecaa5967403d082aa24f35e1b516d23)
Start importing Assets/PollyPrivateers/Prefabs/Furnishings/LargeRoundTable.prefab using Guid(5e5ff3f0c335b83438b02a4f1020a3cc) Importer(2089858483,0ecaa5967403d082aa24f35e1b516d23) Generated GUIDs only implemented for interfaces!
 -> (artifact id: '715b298ec98a16e1a4bc7571eb5f11e6') in 0.056803 seconds
Number of updated asset objects reloaded before import = 0
Number of asset objects unloaded after import = 10
========================================================================
Received Import Request.
  Time since last request: 0.002152 seconds.
  path: Assets/PollyPrivateers/Objects/Trifold/Trifold_Normal.tga
  artifactKey: Guid(29ab5264d8946f04f98a03e3e16e2e87) Importer(2089858483,0ecaa5967403d082aa24f35e1b516d23)
Start importing Assets/PollyPrivateers/Objects/Trifold/Trifold_Normal.tga using Guid(29ab5264d8946f04f98a03e3e16e2e87) Importer(2089858483,0ecaa5967403d082aa24f35e1b516d23) Generated GUIDs only implemented for interfaces!
 -> (artifact id: '504d7e310d08a8eaf9ef00a59ca28b21') in 0.193730 seconds
Number of updated asset objects reloaded before import = 0
Number of asset objects unloaded after import = 1
========================================================================
Received Import Request.
  Time since last request: 0.003418 seconds.
  path: Assets/PollyPrivateers/Objects/Wanted Posters/Wanted Posters_Occlusion.tga
  artifactKey: Guid(a658f59c4cc7a954aa6e6267c27707f6) Importer(2089858483,0ecaa5967403d082aa24f35e1b516d23)
Start importing Assets/PollyPrivateers/Objects/Wanted Posters/Wanted Posters_Occlusion.tga using Guid(a658f59c4cc7a954aa6e6267c27707f6) Importer(2089858483,0ecaa5967403d082aa24f35e1b516d23) Generated GUIDs only implemented for interfaces!
 -> (artifact id: 'e75f8ba7fad977a6f949aa97fff15cec') in 0.078753 seconds
Number of updated asset objects reloaded before import = 0
Number of asset objects unloaded after import = 1
========================================================================
Received Import Request.
  Time since last request: 0.003118 seconds.
  path: Assets/PollyPrivateers/Objects/KitchenDesk/KitchenDesk_Height.tga
  artifactKey: Guid(9a383b1fc98b27a4aaa93dd154f44602) Importer(2089858483,0ecaa5967403d082aa24f35e1b516d23)
Start importing Assets/PollyPrivateers/Objects/KitchenDesk/KitchenDesk_Height.tga using Guid(9a383b1fc98b27a4aaa93dd154f44602) Importer(2089858483,0ecaa5967403d082aa24f35e1b516d23) Generated GUIDs only implemented for interfaces!
 -> (artifact id: '91a3000e91be614f0b7abb91adaf5ab3') in 0.124821 seconds
Number of updated asset objects reloaded before import = 0
Number of asset objects unloaded after import = 1
========================================================================
Received Import Request.
  Time since last request: 0.003654 seconds.
  path: Assets/PollyPrivateers/Prefabs/Medium Decors/BigPlant.prefab
  artifactKey: Guid(80ba9994526ed2b489c3c0e315dbdae7) Importer(2089858483,0ecaa5967403d082aa24f35e1b516d23)
Start importing Assets/PollyPrivateers/Prefabs/Medium Decors/BigPlant.prefab using Guid(80ba9994526ed2b489c3c0e315dbdae7) Importer(2089858483,0ecaa5967403d082aa24f35e1b516d23) Generated GUIDs only implemented for interfaces!
 -> (artifact id: '7da3024fe59e90e3f4e6afcbe989efe4') in 0.064000 seconds
Number of updated asset objects reloaded before import = 0
Number of asset objects unloaded after import = 8
========================================================================
Received Import Request.
  Time since last request: 0.002437 seconds.
  path: Assets/PollyPrivateers/Prefabs/Furnishings/SimpleChair2.prefab
  artifactKey: Guid(0c43e1aa262fe0947b9560e839018f99) Importer(2089858483,0ecaa5967403d082aa24f35e1b516d23)
Start importing Assets/PollyPrivateers/Prefabs/Furnishings/SimpleChair2.prefab using Guid(0c43e1aa262fe0947b9560e839018f99) Importer(2089858483,0ecaa5967403d082aa24f35e1b516d23) Generated GUIDs only implemented for interfaces!
 -> (artifact id: '30aef7ee8403fbc557c6f5866f26affb') in 0.061605 seconds
Number of updated asset objects reloaded before import = 0
Number of asset objects unloaded after import = 8
========================================================================
Received Import Request.
  Time since last request: 0.003131 seconds.
  path: Assets/PollyPrivateers/Prefabs/Furnishings/TanjasDesk.prefab
  artifactKey: Guid(80b680ac849218d40863562332d0ffe3) Importer(2089858483,0ecaa5967403d082aa24f35e1b516d23)
Start importing Assets/PollyPrivateers/Prefabs/Furnishings/TanjasDesk.prefab using Guid(80b680ac849218d40863562332d0ffe3) Importer(2089858483,0ecaa5967403d082aa24f35e1b516d23) Generated GUIDs only implemented for interfaces!
 -> (artifact id: '1f6b26b7118550fbbfbe38185a04c291') in 0.059427 seconds
Number of updated asset objects reloaded before import = 0
Number of asset objects unloaded after import = 8
========================================================================
Received Import Request.
  Time since last request: 0.002817 seconds.
  path: Assets/PollyPrivateers/Objects/JawMaster/JawMaster_Normal.tga
  artifactKey: Guid(f8bf4ce25c124974eb5b9fb6de71c60b) Importer(2089858483,0ecaa5967403d082aa24f35e1b516d23)
Start importing Assets/PollyPrivateers/Objects/JawMaster/JawMaster_Normal.tga using Guid(f8bf4ce25c124974eb5b9fb6de71c60b) Importer(2089858483,0ecaa5967403d082aa24f35e1b516d23) Generated GUIDs only implemented for interfaces!
 -> (artifact id: 'a6d1a78ca1efbf59ab78c9ec4a7b53ec') in 0.133222 seconds
Number of updated asset objects reloaded before import = 0
Number of asset objects unloaded after import = 1
========================================================================
Received Import Request.
  Time since last request: 0.003589 seconds.
  path: Assets/PollyPrivateers/Objects/Ladle/Ladle_Specular.tga
  artifactKey: Guid(76099cf9520752041a6b49bd6ed92c6e) Importer(2089858483,0ecaa5967403d082aa24f35e1b516d23)
Start importing Assets/PollyPrivateers/Objects/Ladle/Ladle_Specular.tga using Guid(76099cf9520752041a6b49bd6ed92c6e) Importer(2089858483,0ecaa5967403d082aa24f35e1b516d23) Generated GUIDs only implemented for interfaces!
 -> (artifact id: 'ee3ec877aec8e0900e97d03e5c8a5e35') in 0.146801 seconds
Number of updated asset objects reloaded before import = 0
Number of asset objects unloaded after import = 1
========================================================================
Received Import Request.
  Time since last request: 0.003133 seconds.
  path: Assets/PollyPrivateers/Prefabs/Medium Decors/Firewood.prefab
  artifactKey: Guid(c7fb84e8bf9ec5448af25927bb301986) Importer(2089858483,0ecaa5967403d082aa24f35e1b516d23)
Start importing Assets/PollyPrivateers/Prefabs/Medium Decors/Firewood.prefab using Guid(c7fb84e8bf9ec5448af25927bb301986) Importer(2089858483,0ecaa5967403d082aa24f35e1b516d23) Generated GUIDs only implemented for interfaces!
 -> (artifact id: '964d3ebe77fee096b30126db13fc906c') in 0.060999 seconds
Number of updated asset objects reloaded before import = 0
Number of asset objects unloaded after import = 42
========================================================================
Received Import Request.
  Time since last request: 0.002956 seconds.
  path: Assets/PollyPrivateers/Prefabs/Medium Decors/LargePotRice.prefab
  artifactKey: Guid(279c130b4eecaa9499b465bc9d34f277) Importer(2089858483,0ecaa5967403d082aa24f35e1b516d23)
Start importing Assets/PollyPrivateers/Prefabs/Medium Decors/LargePotRice.prefab using Guid(279c130b4eecaa9499b465bc9d34f277) Importer(2089858483,0ecaa5967403d082aa24f35e1b516d23) Generated GUIDs only implemented for interfaces!
 -> (artifact id: '264792206bf435882d545c9e5b2820b2') in 0.074918 seconds
Number of updated asset objects reloaded before import = 0
Number of asset objects unloaded after import = 21
========================================================================
Received Import Request.
  Time since last request: 0.002247 seconds.
  path: Assets/PollyPrivateers/Prefabs/Medium Decors/MediumPot Tea.prefab
  artifactKey: Guid(5591e5f4d3d6d8846ba817fc630e0647) Importer(2089858483,0ecaa5967403d082aa24f35e1b516d23)
Start importing Assets/PollyPrivateers/Prefabs/Medium Decors/MediumPot Tea.prefab using Guid(5591e5f4d3d6d8846ba817fc630e0647) Importer(2089858483,0ecaa5967403d082aa24f35e1b516d23) Generated GUIDs only implemented for interfaces!
 -> (artifact id: '4cc0b5be31049d423c2b7dd1780d663e') in 0.076034 seconds
Number of updated asset objects reloaded before import = 0
Number of asset objects unloaded after import = 21
========================================================================
Received Import Request.
  Time since last request: 0.002527 seconds.
  path: Assets/PollyPrivateers/Prefabs/Medium Decors/LargePotLid.prefab
  artifactKey: Guid(449e59375fe479740866269108608b17) Importer(2089858483,0ecaa5967403d082aa24f35e1b516d23)
Start importing Assets/PollyPrivateers/Prefabs/Medium Decors/LargePotLid.prefab using Guid(449e59375fe479740866269108608b17) Importer(2089858483,0ecaa5967403d082aa24f35e1b516d23) Generated GUIDs only implemented for interfaces!
 -> (artifact id: '7a9d18d576b096ea79bff739039ef2ae') in 0.061866 seconds
Number of updated asset objects reloaded before import = 0
Number of asset objects unloaded after import = 16
========================================================================
Received Import Request.
  Time since last request: 0.003030 seconds.
  path: Assets/PollyPrivateers/Prefabs/Misc/Reflection probes.prefab
  artifactKey: Guid(4a4aa7f9d44993a459fb1ff1b2a90205) Importer(2089858483,0ecaa5967403d082aa24f35e1b516d23)
Start importing Assets/PollyPrivateers/Prefabs/Misc/Reflection probes.prefab using Guid(4a4aa7f9d44993a459fb1ff1b2a90205) Importer(2089858483,0ecaa5967403d082aa24f35e1b516d23) Generated GUIDs only implemented for interfaces!
 -> (artifact id: '10dda2e99f87c8f626e24ec001b96f5b') in 0.043519 seconds
Number of updated asset objects reloaded before import = 0
Number of asset objects unloaded after import = 13
========================================================================
Received Import Request.
  Time since last request: 0.004400 seconds.
  path: Assets/PollyPrivateers/Prefabs/Medium Decors/PotatoBag.prefab
  artifactKey: Guid(0e15e027360be914ab7ff88dca3142ba) Importer(2089858483,0ecaa5967403d082aa24f35e1b516d23)
Start importing Assets/PollyPrivateers/Prefabs/Medium Decors/PotatoBag.prefab using Guid(0e15e027360be914ab7ff88dca3142ba) Importer(2089858483,0ecaa5967403d082aa24f35e1b516d23) Generated GUIDs only implemented for interfaces!
 -> (artifact id: 'a8d8353e00267327b320048bcc0d3c5c') in 0.063514 seconds
Number of updated asset objects reloaded before import = 0
Number of asset objects unloaded after import = 8
========================================================================
Received Import Request.
  Time since last request: 0.003096 seconds.
  path: Assets/PollyPrivateers/Prefabs/Medium Decors/SmallPotLid.prefab
  artifactKey: Guid(19e5dc85b8252ac44a75fae54704685a) Importer(2089858483,0ecaa5967403d082aa24f35e1b516d23)
Start importing Assets/PollyPrivateers/Prefabs/Medium Decors/SmallPotLid.prefab using Guid(19e5dc85b8252ac44a75fae54704685a) Importer(2089858483,0ecaa5967403d082aa24f35e1b516d23) Generated GUIDs only implemented for interfaces!
 -> (artifact id: '198bf98315b3e8dae0e2636778d4f5aa') in 0.060260 seconds
Number of updated asset objects reloaded before import = 0
Number of asset objects unloaded after import = 16
========================================================================
Received Import Request.
  Time since last request: 0.002533 seconds.
  path: Assets/PollyPrivateers/Prefabs/Medium Decors/SmallPotLidOffTea.prefab
  artifactKey: Guid(31ddff2ef1ed4c74c8557b6c3dd68e42) Importer(2089858483,0ecaa5967403d082aa24f35e1b516d23)
Start importing Assets/PollyPrivateers/Prefabs/Medium Decors/SmallPotLidOffTea.prefab using Guid(31ddff2ef1ed4c74c8557b6c3dd68e42) Importer(2089858483,0ecaa5967403d082aa24f35e1b516d23) Generated GUIDs only implemented for interfaces!
 -> (artifact id: '791eb9e144d4aa61df3558d06d619568') in 0.075339 seconds
Number of updated asset objects reloaded before import = 0
Number of asset objects unloaded after import = 21
========================================================================
Received Import Request.
  Time since last request: 0.003228 seconds.
  path: Assets/PollyPrivateers/Objects/Trifold/Trifold.obj
  artifactKey: Guid(4a02aaac5ccae8a4c8feb94907d6790b) Importer(2089858483,0ecaa5967403d082aa24f35e1b516d23)
Start importing Assets/PollyPrivateers/Objects/Trifold/Trifold.obj using Guid(4a02aaac5ccae8a4c8feb94907d6790b) Importer(2089858483,0ecaa5967403d082aa24f35e1b516d23) Generated GUIDs only implemented for interfaces!
 -> (artifact id: '4cc4213ca1b50ffd739aecdc27a9cc0a') in 0.075157 seconds
Number of updated asset objects reloaded before import = 0
Number of asset objects unloaded after import = 10
========================================================================
Received Import Request.
  Time since last request: 0.004051 seconds.
  path: Assets/PollyPrivateers/Prefabs/Medium Decors/SmallPotLidHalfRice.prefab
  artifactKey: Guid(46dc69ef34f86364ebf9cf7ac409bb92) Importer(2089858483,0ecaa5967403d082aa24f35e1b516d23)
Start importing Assets/PollyPrivateers/Prefabs/Medium Decors/SmallPotLidHalfRice.prefab using Guid(46dc69ef34f86364ebf9cf7ac409bb92) Importer(2089858483,0ecaa5967403d082aa24f35e1b516d23) Generated GUIDs only implemented for interfaces!
 -> (artifact id: '2839b847fc3ccdfacf7db2a55af56f9f') in 0.076213 seconds
Number of updated asset objects reloaded before import = 0
Number of asset objects unloaded after import = 21
========================================================================
Received Import Request.
  Time since last request: 0.002377 seconds.
  path: Assets/PollyPrivateers/Prefabs/Part Of House/TavernHouseModel (1).prefab
  artifactKey: Guid(a7cedddad4c543048b8d5f673e260c24) Importer(2089858483,0ecaa5967403d082aa24f35e1b516d23)
Start importing Assets/PollyPrivateers/Prefabs/Part Of House/TavernHouseModel (1).prefab using Guid(a7cedddad4c543048b8d5f673e260c24) Importer(2089858483,0ecaa5967403d082aa24f35e1b516d23) Generated GUIDs only implemented for interfaces!
 -> (artifact id: 'c43658c6ee795c655776aaa459b9f318') in 0.058960 seconds
Number of updated asset objects reloaded before import = 0
Number of asset objects unloaded after import = 33
========================================================================
Received Import Request.
  Time since last request: 0.004215 seconds.
  path: Assets/PollyPrivateers/Prefabs/Objects with FX/Torch.prefab
  artifactKey: Guid(116bb782fc074544ea65474dc7355f53) Importer(2089858483,0ecaa5967403d082aa24f35e1b516d23)
Start importing Assets/PollyPrivateers/Prefabs/Objects with FX/Torch.prefab using Guid(116bb782fc074544ea65474dc7355f53) Importer(2089858483,0ecaa5967403d082aa24f35e1b516d23) Generated GUIDs only implemented for interfaces!
 -> (artifact id: '209a255d11b495a58b2644fc294d88ee') in 0.069526 seconds
Number of updated asset objects reloaded before import = 0
Number of asset objects unloaded after import = 26
========================================================================
Received Import Request.
  Time since last request: 0.002878 seconds.
  path: Assets/PollyPrivateers/Prefabs/Part Of House/Wooden_BeamML.prefab
  artifactKey: Guid(c2fc011b40469e54c91f055945093ff6) Importer(2089858483,0ecaa5967403d082aa24f35e1b516d23)
Start importing Assets/PollyPrivateers/Prefabs/Part Of House/Wooden_BeamML.prefab using Guid(c2fc011b40469e54c91f055945093ff6) Importer(2089858483,0ecaa5967403d082aa24f35e1b516d23) Generated GUIDs only implemented for interfaces!
 -> (artifact id: '763fe27005a1246ed2de4e07ada2e310') in 0.066706 seconds
Number of updated asset objects reloaded before import = 0
Number of asset objects unloaded after import = 8
========================================================================
Received Import Request.
  Time since last request: 0.002059 seconds.
  path: Assets/PollyPrivateers/Prefabs/SmallDecors/AppleRed.prefab
  artifactKey: Guid(e9208149138941f4788c0a2b2a11ed45) Importer(2089858483,0ecaa5967403d082aa24f35e1b516d23)
Start importing Assets/PollyPrivateers/Prefabs/SmallDecors/AppleRed.prefab using Guid(e9208149138941f4788c0a2b2a11ed45) Importer(2089858483,0ecaa5967403d082aa24f35e1b516d23) Generated GUIDs only implemented for interfaces!
 -> (artifact id: 'e3a6bd9c65cecc2482cf42fead25a6df') in 0.056821 seconds
Number of updated asset objects reloaded before import = 0
Number of asset objects unloaded after import = 10
========================================================================
Received Import Request.
  Time since last request: 0.002487 seconds.
  path: Assets/PollyPrivateers/Prefabs/Part Of House/Plank.prefab
  artifactKey: Guid(eb560bbeecfb49c45aaf858e99451db1) Importer(2089858483,0ecaa5967403d082aa24f35e1b516d23)
Start importing Assets/PollyPrivateers/Prefabs/Part Of House/Plank.prefab using Guid(eb560bbeecfb49c45aaf858e99451db1) Importer(2089858483,0ecaa5967403d082aa24f35e1b516d23) Generated GUIDs only implemented for interfaces!
 -> (artifact id: 'afd15bc78a4d071cf845d7074349fb46') in 0.055207 seconds
Number of updated asset objects reloaded before import = 0
Number of asset objects unloaded after import = 10
========================================================================
Received Import Request.
  Time since last request: 0.003234 seconds.
  path: Assets/PollyPrivateers/PirateTavern/Lightmap-2_comp_dir.png
  artifactKey: Guid(9dfbedd5b29c78247b567584150bccf7) Importer(2089858483,0ecaa5967403d082aa24f35e1b516d23)
Start importing Assets/PollyPrivateers/PirateTavern/Lightmap-2_comp_dir.png using Guid(9dfbedd5b29c78247b567584150bccf7) Importer(2089858483,0ecaa5967403d082aa24f35e1b516d23) Generated GUIDs only implemented for interfaces!
 -> (artifact id: 'd77d96b5e0397c37103453ea2b3cfa8e') in 0.140472 seconds
Number of updated asset objects reloaded before import = 0
Number of asset objects unloaded after import = 1
========================================================================
Received Import Request.
  Time since last request: 0.002913 seconds.
  path: Assets/PollyPrivateers/Prefabs/SmallDecors/BottleCoriander.prefab
  artifactKey: Guid(f8d55c3473d395e4aa3163a2376c41fa) Importer(2089858483,0ecaa5967403d082aa24f35e1b516d23)
Start importing Assets/PollyPrivateers/Prefabs/SmallDecors/BottleCoriander.prefab using Guid(f8d55c3473d395e4aa3163a2376c41fa) Importer(2089858483,0ecaa5967403d082aa24f35e1b516d23) Generated GUIDs only implemented for interfaces!
 -> (artifact id: 'c3206601be415b74f5cb169723f6ed1c') in 0.060313 seconds
Number of updated asset objects reloaded before import = 0
Number of asset objects unloaded after import = 21
========================================================================
Received Import Request.
  Time since last request: 0.002391 seconds.
  path: Assets/PollyPrivateers/Prefabs/SmallDecors/Candle.prefab
  artifactKey: Guid(f0317d1736c8360418370bd5dd25470a) Importer(2089858483,0ecaa5967403d082aa24f35e1b516d23)
Start importing Assets/PollyPrivateers/Prefabs/SmallDecors/Candle.prefab using Guid(f0317d1736c8360418370bd5dd25470a) Importer(2089858483,0ecaa5967403d082aa24f35e1b516d23) Generated GUIDs only implemented for interfaces!
 -> (artifact id: 'd3d12a1a16a712c3a695e61c77c1eb2c') in 0.066778 seconds
Number of updated asset objects reloaded before import = 0
Number of asset objects unloaded after import = 8
========================================================================
Received Import Request.
  Time since last request: 0.003078 seconds.
  path: Assets/PollyPrivateers/Prefabs/SmallDecors/BottleParsley.prefab
  artifactKey: Guid(007d0aeeb74384a4598a274118c51f6e) Importer(2089858483,0ecaa5967403d082aa24f35e1b516d23)
Start importing Assets/PollyPrivateers/Prefabs/SmallDecors/BottleParsley.prefab using Guid(007d0aeeb74384a4598a274118c51f6e) Importer(2089858483,0ecaa5967403d082aa24f35e1b516d23) Generated GUIDs only implemented for interfaces!
 -> (artifact id: '74c6607855467c513305b0c0676981b7') in 0.061019 seconds
Number of updated asset objects reloaded before import = 0
Number of asset objects unloaded after import = 21
========================================================================
Received Import Request.
  Time since last request: 0.003256 seconds.
  path: Assets/PollyPrivateers/Prefabs/SmallDecors/CookingPot.prefab
  artifactKey: Guid(8ad197d547c1a1d4c950d4e41dfe70df) Importer(2089858483,0ecaa5967403d082aa24f35e1b516d23)
Start importing Assets/PollyPrivateers/Prefabs/SmallDecors/CookingPot.prefab using Guid(8ad197d547c1a1d4c950d4e41dfe70df) Importer(2089858483,0ecaa5967403d082aa24f35e1b516d23) Generated GUIDs only implemented for interfaces!
 -> (artifact id: 'e3c4e14d536368fc9591e8ef53a51ca3') in 0.062789 seconds
Number of updated asset objects reloaded before import = 0
Number of asset objects unloaded after import = 22
========================================================================
Received Import Request.
  Time since last request: 0.002804 seconds.
  path: Assets/PollyPrivateers/Prefabs/SmallDecors/FlintPistol.prefab
  artifactKey: Guid(a390d7ffe7394604eae27a1bb3f96054) Importer(2089858483,0ecaa5967403d082aa24f35e1b516d23)
Start importing Assets/PollyPrivateers/Prefabs/SmallDecors/FlintPistol.prefab using Guid(a390d7ffe7394604eae27a1bb3f96054) Importer(2089858483,0ecaa5967403d082aa24f35e1b516d23) Generated GUIDs only implemented for interfaces!
 -> (artifact id: '41ee398b4d888a0485843a5870c830e7') in 0.062739 seconds
Number of updated asset objects reloaded before import = 0
Number of asset objects unloaded after import = 8
========================================================================
Received Import Request.
  Time since last request: 0.002667 seconds.
  path: Assets/PollyPrivateers/Prefabs/SmallDecors/JawMaster.prefab
  artifactKey: Guid(8a86120174a9e51418167d774b32df53) Importer(2089858483,0ecaa5967403d082aa24f35e1b516d23)
Start importing Assets/PollyPrivateers/Prefabs/SmallDecors/JawMaster.prefab using Guid(8a86120174a9e51418167d774b32df53) Importer(2089858483,0ecaa5967403d082aa24f35e1b516d23) Generated GUIDs only implemented for interfaces!
 -> (artifact id: '51611bb1a378ff3795477fe887d6b1a8') in 0.054004 seconds
Number of updated asset objects reloaded before import = 0
Number of asset objects unloaded after import = 10
========================================================================
Received Import Request.
  Time since last request: 0.002916 seconds.
  path: Assets/PollyPrivateers/Prefabs/SmallDecors/Knives and Forks 1.prefab
  artifactKey: Guid(29f76be3238965b4bb81682f63d72ddb) Importer(2089858483,0ecaa5967403d082aa24f35e1b516d23)
Start importing Assets/PollyPrivateers/Prefabs/SmallDecors/Knives and Forks 1.prefab using Guid(29f76be3238965b4bb81682f63d72ddb) Importer(2089858483,0ecaa5967403d082aa24f35e1b516d23) Generated GUIDs only implemented for interfaces!
 -> (artifact id: 'd90f0970224f1c89aaec896b55329e2b') in 0.060837 seconds
Number of updated asset objects reloaded before import = 0
Number of asset objects unloaded after import = 28
========================================================================
Received Import Request.
  Time since last request: 0.002955 seconds.
  path: Assets/PollyPrivateers/Prefabs/SmallDecors/HatAndPistolBoard.prefab
  artifactKey: Guid(6f5668ddbb207ae49a9823ae673e1eec) Importer(2089858483,0ecaa5967403d082aa24f35e1b516d23)
Start importing Assets/PollyPrivateers/Prefabs/SmallDecors/HatAndPistolBoard.prefab using Guid(6f5668ddbb207ae49a9823ae673e1eec) Importer(2089858483,0ecaa5967403d082aa24f35e1b516d23) Generated GUIDs only implemented for interfaces!
 -> (artifact id: 'df62fa727994e7797918d60f78890d04') in 0.099565 seconds
Number of updated asset objects reloaded before import = 0
Number of asset objects unloaded after import = 27
========================================================================
Received Import Request.
  Time since last request: 0.002660 seconds.
  path: Assets/PollyPrivateers/Objects/Bench/Bench_Albedo.tga
  artifactKey: Guid(c7b3a52e5ecb1cd43bee921c3bca961a) Importer(2089858483,0ecaa5967403d082aa24f35e1b516d23)
Start importing Assets/PollyPrivateers/Objects/Bench/Bench_Albedo.tga using Guid(c7b3a52e5ecb1cd43bee921c3bca961a) Importer(2089858483,0ecaa5967403d082aa24f35e1b516d23) Generated GUIDs only implemented for interfaces!
 -> (artifact id: '50e955fd74711f06309952ada111af1c') in 0.166342 seconds
Number of updated asset objects reloaded before import = 0
Number of asset objects unloaded after import = 1
========================================================================
Received Import Request.
  Time since last request: 0.002685 seconds.
  path: Assets/PollyPrivateers/Prefabs/SmallDecors/Plate.prefab
  artifactKey: Guid(4c6c270f6e9bafd4badeef37e350e9d9) Importer(2089858483,0ecaa5967403d082aa24f35e1b516d23)
Start importing Assets/PollyPrivateers/Prefabs/SmallDecors/Plate.prefab using Guid(4c6c270f6e9bafd4badeef37e350e9d9) Importer(2089858483,0ecaa5967403d082aa24f35e1b516d23) Generated GUIDs only implemented for interfaces!
 -> (artifact id: '97c6cfcd9f719372a469d96407d918c5') in 0.061307 seconds
Number of updated asset objects reloaded before import = 0
Number of asset objects unloaded after import = 8
========================================================================
Received Import Request.
  Time since last request: 0.002131 seconds.
  path: Assets/PollyPrivateers/Prefabs/SmallDecors/Pollybu.prefab
  artifactKey: Guid(6a87146b6ade0f14093322506fc00a84) Importer(2089858483,0ecaa5967403d082aa24f35e1b516d23)
Start importing Assets/PollyPrivateers/Prefabs/SmallDecors/Pollybu.prefab using Guid(6a87146b6ade0f14093322506fc00a84) Importer(2089858483,0ecaa5967403d082aa24f35e1b516d23) Generated GUIDs only implemented for interfaces!
 -> (artifact id: '117802d5e4d4daf26654bd2d43292b9d') in 0.059186 seconds
Number of updated asset objects reloaded before import = 0
Number of asset objects unloaded after import = 16
========================================================================
Received Import Request.
  Time since last request: 0.003010 seconds.
  path: Assets/PollyPrivateers/Prefabs/SmallDecors/PotFromBatch6.prefab
  artifactKey: Guid(ad038b8d4ab181b4383ce46ca335d69b) Importer(2089858483,0ecaa5967403d082aa24f35e1b516d23)
Start importing Assets/PollyPrivateers/Prefabs/SmallDecors/PotFromBatch6.prefab using Guid(ad038b8d4ab181b4383ce46ca335d69b) Importer(2089858483,0ecaa5967403d082aa24f35e1b516d23) Generated GUIDs only implemented for interfaces!
 -> (artifact id: '40d4bcc81e4e588e622bdf0c2a92bd2f') in 0.051195 seconds
Number of updated asset objects reloaded before import = 0
Number of asset objects unloaded after import = 8
========================================================================
Received Import Request.
  Time since last request: 0.002446 seconds.
  path: Assets/PollyPrivateers/Prefabs/SmallDecors/RareColor.prefab
  artifactKey: Guid(4f32d5132707bc3448ca4bf191ff59b3) Importer(2089858483,0ecaa5967403d082aa24f35e1b516d23)
Start importing Assets/PollyPrivateers/Prefabs/SmallDecors/RareColor.prefab using Guid(4f32d5132707bc3448ca4bf191ff59b3) Importer(2089858483,0ecaa5967403d082aa24f35e1b516d23) Generated GUIDs only implemented for interfaces!
 -> (artifact id: '2af6f8e198403aa1ccefe00a2d1caa07') in 0.055890 seconds
Number of updated asset objects reloaded before import = 0
Number of asset objects unloaded after import = 10
========================================================================
Received Import Request.
  Time since last request: 0.002644 seconds.
  path: Assets/PollyPrivateers/Objects/FirePlace/FirePlace.mat
  artifactKey: Guid(79c1be663dba1fa408dc4f12a6b5865d) Importer(2089858483,0ecaa5967403d082aa24f35e1b516d23)
Start importing Assets/PollyPrivateers/Objects/FirePlace/FirePlace.mat using Guid(79c1be663dba1fa408dc4f12a6b5865d) Importer(2089858483,0ecaa5967403d082aa24f35e1b516d23) Generated GUIDs only implemented for interfaces!
 -> (artifact id: 'a57be11850ba4345fafd5b037110132a') in 0.336016 seconds
Number of updated asset objects reloaded before import = 0
Number of asset objects unloaded after import = 5
========================================================================
Received Import Request.
  Time since last request: 0.001778 seconds.
  path: Assets/PollyPrivateers/Prefabs/SmallDecors/Tankard.prefab
  artifactKey: Guid(db9ce3c9875b73342a2f74e76fb702f4) Importer(2089858483,0ecaa5967403d082aa24f35e1b516d23)
Start importing Assets/PollyPrivateers/Prefabs/SmallDecors/Tankard.prefab using Guid(db9ce3c9875b73342a2f74e76fb702f4) Importer(2089858483,0ecaa5967403d082aa24f35e1b516d23) Generated GUIDs only implemented for interfaces!
 -> (artifact id: '150dff32a03a80be2477ad45ad3f0a32') in 0.070885 seconds
Number of updated asset objects reloaded before import = 0
Number of asset objects unloaded after import = 8
========================================================================
Received Import Request.
  Time since last request: 0.002800 seconds.
  path: Assets/PollyPrivateers/Prefabs/SmallDecors/Scales.prefab
  artifactKey: Guid(d6ec8f7e5978f854b8685ecd5e01e338) Importer(2089858483,0ecaa5967403d082aa24f35e1b516d23)
Start importing Assets/PollyPrivateers/Prefabs/SmallDecors/Scales.prefab using Guid(d6ec8f7e5978f854b8685ecd5e01e338) Importer(2089858483,0ecaa5967403d082aa24f35e1b516d23) Generated GUIDs only implemented for interfaces!
 -> (artifact id: '9e710c14141c310e3be240662dc55273') in 0.066415 seconds
Number of updated asset objects reloaded before import = 0
Number of asset objects unloaded after import = 8
========================================================================
Received Import Request.
  Time since last request: 0.002457 seconds.
  path: Assets/PollyPrivateers/Prefabs/SmallDecors/ShootBeforeYou´reShot.prefab
  artifactKey: Guid(dc95205d456f00f44bcc80929f49c90f) Importer(2089858483,0ecaa5967403d082aa24f35e1b516d23)
Start importing Assets/PollyPrivateers/Prefabs/SmallDecors/ShootBeforeYou´reShot.prefab using Guid(dc95205d456f00f44bcc80929f49c90f) Importer(2089858483,0ecaa5967403d082aa24f35e1b516d23) Generated GUIDs only implemented for interfaces!
 -> (artifact id: '3321411195120afe51766209df55bdc3') in 0.054622 seconds
Number of updated asset objects reloaded before import = 0
Number of asset objects unloaded after import = 10
========================================================================
Received Import Request.
  Time since last request: 0.003716 seconds.
  path: Assets/PollyPrivateers/Objects/ThatTable/ThatTable.mat
  artifactKey: Guid(5c53760d95cf6e6488e5e10d6c151469) Importer(2089858483,0ecaa5967403d082aa24f35e1b516d23)
Start importing Assets/PollyPrivateers/Objects/ThatTable/ThatTable.mat using Guid(5c53760d95cf6e6488e5e10d6c151469) Importer(2089858483,0ecaa5967403d082aa24f35e1b516d23) Generated GUIDs only implemented for interfaces!
 -> (artifact id: '31b76604b3632d51c2bfc019b0265eaa') in 0.373187 seconds
Number of updated asset objects reloaded before import = 0
Number of asset objects unloaded after import = 5
========================================================================
Received Import Request.
  Time since last request: 0.001394 seconds.
  path: Assets/PollyPrivateers/Prefabs/SmallDecors/The Great Hunt Book.prefab
  artifactKey: Guid(72dbf941ca37c404ba3d5b536dfccb0b) Importer(2089858483,0ecaa5967403d082aa24f35e1b516d23)
Start importing Assets/PollyPrivateers/Prefabs/SmallDecors/The Great Hunt Book.prefab using Guid(72dbf941ca37c404ba3d5b536dfccb0b) Importer(2089858483,0ecaa5967403d082aa24f35e1b516d23) Generated GUIDs only implemented for interfaces!
 -> (artifact id: '20bc4d5490b42b5219d14f609e9a9cb4') in 0.090385 seconds
Number of updated asset objects reloaded before import = 0
Number of asset objects unloaded after import = 10
========================================================================
Received Import Request.
  Time since last request: 0.003297 seconds.
  path: Assets/PollyPrivateers/Prefabs/SmallDecors/WhiskeyGlass.prefab
  artifactKey: Guid(636ecd2aed1948948b4b9897a7a66864) Importer(2089858483,0ecaa5967403d082aa24f35e1b516d23)
Start importing Assets/PollyPrivateers/Prefabs/SmallDecors/WhiskeyGlass.prefab using Guid(636ecd2aed1948948b4b9897a7a66864) Importer(2089858483,0ecaa5967403d082aa24f35e1b516d23) Generated GUIDs only implemented for interfaces!
 -> (artifact id: 'e0daba027bb67fe48cff0dd4f57c05ee') in 0.116433 seconds
Number of updated asset objects reloaded before import = 0
Number of asset objects unloaded after import = 10
========================================================================
Received Import Request.
  Time since last request: 0.003523 seconds.
  path: Assets/PollyPrivateers/SeamlessMaterials/PlanksTiled/PlanksTiled_Occlusion.tga
  artifactKey: Guid(817d519398e9adc438efab5bb152339f) Importer(2089858483,0ecaa5967403d082aa24f35e1b516d23)
Start importing Assets/PollyPrivateers/SeamlessMaterials/PlanksTiled/PlanksTiled_Occlusion.tga using Guid(817d519398e9adc438efab5bb152339f) Importer(2089858483,0ecaa5967403d082aa24f35e1b516d23) Generated GUIDs only implemented for interfaces!
 -> (artifact id: 'f88fd84db78a0db58887af5f38ea6038') in 0.091508 seconds
Number of updated asset objects reloaded before import = 0
Number of asset objects unloaded after import = 1
========================================================================
Received Import Request.
  Time since last request: 0.003425 seconds.
  path: Assets/PollyPrivateers/SeamlessMaterials/PlanksTiled/PlanksTiled_Albedo.tga
  artifactKey: Guid(f195d2cddd059b5428605c4b2fbc0103) Importer(2089858483,0ecaa5967403d082aa24f35e1b516d23)
Start importing Assets/PollyPrivateers/SeamlessMaterials/PlanksTiled/PlanksTiled_Albedo.tga using Guid(f195d2cddd059b5428605c4b2fbc0103) Importer(2089858483,0ecaa5967403d082aa24f35e1b516d23) Generated GUIDs only implemented for interfaces!
 -> (artifact id: '4640bfd66da320ce207f3b3271c207d6') in 0.107040 seconds
Number of updated asset objects reloaded before import = 0
Number of asset objects unloaded after import = 1
========================================================================
Received Import Request.
  Time since last request: 0.003881 seconds.
  path: Assets/PollyPrivateers/Prefabs/SmallDecors/Trifold.prefab
  artifactKey: Guid(d909d62b4ae21e349a91f047fec6e8c5) Importer(2089858483,0ecaa5967403d082aa24f35e1b516d23)
Start importing Assets/PollyPrivateers/Prefabs/SmallDecors/Trifold.prefab using Guid(d909d62b4ae21e349a91f047fec6e8c5) Importer(2089858483,0ecaa5967403d082aa24f35e1b516d23) Generated GUIDs only implemented for interfaces!
 -> (artifact id: 'a029a2b050d0337526fbe38cd66ed519') in 0.063187 seconds
Number of updated asset objects reloaded before import = 0
Number of asset objects unloaded after import = 10
========================================================================
Received Import Request.
  Time since last request: 0.049149 seconds.
  path: Assets/PollyPrivateers/Prefabs/SmallDecors/Ladle, Fork, Spatula.prefab
  artifactKey: Guid(f0f0b86e0895c964c8c161dac3ca0b19) Importer(2089858483,0ecaa5967403d082aa24f35e1b516d23)
Start importing Assets/PollyPrivateers/Prefabs/SmallDecors/Ladle, Fork, Spatula.prefab using Guid(f0f0b86e0895c964c8c161dac3ca0b19) Importer(2089858483,0ecaa5967403d082aa24f35e1b516d23) Generated GUIDs only implemented for interfaces!
 -> (artifact id: 'bb90ca7c618cae1d5f02dfadd5635ebc') in 0.143784 seconds
Number of updated asset objects reloaded before import = 0
Number of asset objects unloaded after import = 22
========================================================================
Received Import Request.
  Time since last request: 0.002315 seconds.
  path: Assets/PollyPrivateers/SeamlessMaterials/Roof/Roof.mat
  artifactKey: Guid(58f1a1a8d31901443bd07117861fa60c) Importer(2089858483,0ecaa5967403d082aa24f35e1b516d23)
Start importing Assets/PollyPrivateers/SeamlessMaterials/Roof/Roof.mat using Guid(58f1a1a8d31901443bd07117861fa60c) Importer(2089858483,0ecaa5967403d082aa24f35e1b516d23) Generated GUIDs only implemented for interfaces!
 -> (artifact id: '78389c10cf7251d5c19c237935038f22') in 0.336173 seconds
Number of updated asset objects reloaded before import = 0
Number of asset objects unloaded after import = 5
========================================================================
Received Import Request.
  Time since last request: 0.001834 seconds.
  path: Assets/PollyPrivateers/SeamlessMaterials/PlanksTiled/PlanksTiled_Specular.tga
  artifactKey: Guid(fc904ec6c96b45f4490c73604265e6fb) Importer(2089858483,0ecaa5967403d082aa24f35e1b516d23)
Start importing Assets/PollyPrivateers/SeamlessMaterials/PlanksTiled/PlanksTiled_Specular.tga using Guid(fc904ec6c96b45f4490c73604265e6fb) Importer(2089858483,0ecaa5967403d082aa24f35e1b516d23) Generated GUIDs only implemented for interfaces!
 -> (artifact id: '61a1cc3b5ceea5666c90daa176aafb17') in 0.135582 seconds
Number of updated asset objects reloaded before import = 0
Number of asset objects unloaded after import = 1
========================================================================
Received Import Request.
  Time since last request: 0.002539 seconds.
  path: Assets/PollyPrivateers/SeamlessMaterials/Roof/Roof_Specular.tga
  artifactKey: Guid(87637264f2ea22e43a8f4bc89cbcc2fd) Importer(2089858483,0ecaa5967403d082aa24f35e1b516d23)
Start importing Assets/PollyPrivateers/SeamlessMaterials/Roof/Roof_Specular.tga using Guid(87637264f2ea22e43a8f4bc89cbcc2fd) Importer(2089858483,0ecaa5967403d082aa24f35e1b516d23) Generated GUIDs only implemented for interfaces!
 -> (artifact id: 'dfcf5988fd977b395269db0b15634b98') in 0.131307 seconds
Number of updated asset objects reloaded before import = 0
Number of asset objects unloaded after import = 1
========================================================================
Received Import Request.
  Time since last request: 0.002676 seconds.
  path: Assets/PollyPrivateers/Objects/Batch of Decors 5/Batch of Decors 5_Specular.tga
  artifactKey: Guid(569cc76e9d47f6a47a2a41f6e8303fd4) Importer(2089858483,0ecaa5967403d082aa24f35e1b516d23)
Start importing Assets/PollyPrivateers/Objects/Batch of Decors 5/Batch of Decors 5_Specular.tga using Guid(569cc76e9d47f6a47a2a41f6e8303fd4) Importer(2089858483,0ecaa5967403d082aa24f35e1b516d23) Generated GUIDs only implemented for interfaces!
 -> (artifact id: '04ea552b4e877f0493ee81af69a20b35') in 0.187035 seconds
Number of updated asset objects reloaded before import = 0
Number of asset objects unloaded after import = 1
========================================================================
Received Import Request.
  Time since last request: 0.002554 seconds.
  path: Assets/PollyPrivateers/Objects/Apple/Materials/äpple_RetopoGroup1Mat.mat
  artifactKey: Guid(2c1935368f8c8c941a5be6f7c64b0b09) Importer(2089858483,0ecaa5967403d082aa24f35e1b516d23)
Start importing Assets/PollyPrivateers/Objects/Apple/Materials/äpple_RetopoGroup1Mat.mat using Guid(2c1935368f8c8c941a5be6f7c64b0b09) Importer(2089858483,0ecaa5967403d082aa24f35e1b516d23) Generated GUIDs only implemented for interfaces!
 -> (artifact id: '2cd31148279760c6f6fb844b035435b5') in 0.061518 seconds
Number of updated asset objects reloaded before import = 0
Number of asset objects unloaded after import = 1
========================================================================
Received Import Request.
  Time since last request: 0.002722 seconds.
  path: Assets/PollyPrivateers/Objects/KegSmooth/KegSmooth2.obj
  artifactKey: Guid(1243dfb9f420a4244843d50fb33eee2d) Importer(2089858483,0ecaa5967403d082aa24f35e1b516d23)
Start importing Assets/PollyPrivateers/Objects/KegSmooth/KegSmooth2.obj using Guid(1243dfb9f420a4244843d50fb33eee2d) Importer(2089858483,0ecaa5967403d082aa24f35e1b516d23) Generated GUIDs only implemented for interfaces!
 -> (artifact id: 'fa05adc8de7bb2fc770854dde4c36dae') in 0.085332 seconds
Number of updated asset objects reloaded before import = 0
Number of asset objects unloaded after import = 16
========================================================================
Received Import Request.
  Time since last request: 0.002756 seconds.
  path: Assets/PollyPrivateers/Objects/ShootBeforeYou´reShot/ShootBeforeYou´reShot.obj
  artifactKey: Guid(3b7db3ae29667bf4280edf64936e963b) Importer(2089858483,0ecaa5967403d082aa24f35e1b516d23)
Start importing Assets/PollyPrivateers/Objects/ShootBeforeYou´reShot/ShootBeforeYou´reShot.obj using Guid(3b7db3ae29667bf4280edf64936e963b) Importer(2089858483,0ecaa5967403d082aa24f35e1b516d23) Generated GUIDs only implemented for interfaces!
 -> (artifact id: '8777be7e5d7d17957f31a02c9294af32') in 0.076225 seconds
Number of updated asset objects reloaded before import = 0
Number of asset objects unloaded after import = 9
========================================================================
Received Import Request.
  Time since last request: 0.003471 seconds.
  path: Assets/3D Models/dart/11750_throwing_dart_v1_L3.mtl
  artifactKey: Guid(74ea5c670c8dd2949904a5209a4ae6ef) Importer(2089858483,0ecaa5967403d082aa24f35e1b516d23)
Start importing Assets/3D Models/dart/11750_throwing_dart_v1_L3.mtl using Guid(74ea5c670c8dd2949904a5209a4ae6ef) Importer(2089858483,0ecaa5967403d082aa24f35e1b516d23) Generated GUIDs only implemented for interfaces!
 -> (artifact id: '121ccde6f8b606d6c45868c675150c66') in 0.033625 seconds
Number of updated asset objects reloaded before import = 0
Number of asset objects unloaded after import = 1
========================================================================
Received Import Request.
  Time since last request: 0.003421 seconds.
  path: Assets/PollyPrivateers/Objects/FirePlace/FirePlace_Normal.tga
  artifactKey: Guid(c0400032d343ba14580e333ed305d2f1) Importer(2089858483,0ecaa5967403d082aa24f35e1b516d23)
Start importing Assets/PollyPrivateers/Objects/FirePlace/FirePlace_Normal.tga using Guid(c0400032d343ba14580e333ed305d2f1) Importer(2089858483,0ecaa5967403d082aa24f35e1b516d23) Generated GUIDs only implemented for interfaces!
 -> (artifact id: '87bad2df58f400da68ba06adacd377aa') in 0.141664 seconds
Number of updated asset objects reloaded before import = 0
Number of asset objects unloaded after import = 1
========================================================================
Received Import Request.
  Time since last request: 0.003993 seconds.
  path: Assets/PollyPrivateers/Prefabs/Part Of House/Window.prefab
  artifactKey: Guid(3caa6e7a2f8a26443ba0e58d01efc1cc) Importer(2089858483,0ecaa5967403d082aa24f35e1b516d23)
Start importing Assets/PollyPrivateers/Prefabs/Part Of House/Window.prefab using Guid(3caa6e7a2f8a26443ba0e58d01efc1cc) Importer(2089858483,0ecaa5967403d082aa24f35e1b516d23) Generated GUIDs only implemented for interfaces!
 -> (artifact id: 'a201811bceef03f5dda8343c6084977e') in 0.062772 seconds
Number of updated asset objects reloaded before import = 0
Number of asset objects unloaded after import = 27
========================================================================
Received Import Request.
  Time since last request: 0.003896 seconds.
  path: Assets/PollyPrivateers/Objects/Knifes and Forks/Knives and Forks_Normal.tga
  artifactKey: Guid(3ba60226c9f3b5f458dfd098f6923572) Importer(2089858483,0ecaa5967403d082aa24f35e1b516d23)
Start importing Assets/PollyPrivateers/Objects/Knifes and Forks/Knives and Forks_Normal.tga using Guid(3ba60226c9f3b5f458dfd098f6923572) Importer(2089858483,0ecaa5967403d082aa24f35e1b516d23) Generated GUIDs only implemented for interfaces!
 -> (artifact id: '1d8df964ae68114982c015cca39e97e9') in 0.140556 seconds
Number of updated asset objects reloaded before import = 0
Number of asset objects unloaded after import = 1
========================================================================
Received Import Request.
  Time since last request: 0.004306 seconds.
  path: Assets/3D Models/dart/throwing_dart_diffuse.jpg
  artifactKey: Guid(e2dad99cb46a78a4f8e446164dc4cabe) Importer(2089858483,0ecaa5967403d082aa24f35e1b516d23)
Start importing Assets/3D Models/dart/throwing_dart_diffuse.jpg using Guid(e2dad99cb46a78a4f8e446164dc4cabe) Importer(2089858483,0ecaa5967403d082aa24f35e1b516d23) Generated GUIDs only implemented for interfaces!
 -> (artifact id: 'fef3eda3de4634a9e9038b59d7ac612c') in 0.108423 seconds
Number of updated asset objects reloaded before import = 0
Number of asset objects unloaded after import = 1
========================================================================
Received Import Request.
  Time since last request: 0.002914 seconds.
  path: Assets/PollyPrivateers/Objects/Bed/Bed_Occlusion.tga
  artifactKey: Guid(58d4c81e998ceb74e9a1777bc73c239b) Importer(2089858483,0ecaa5967403d082aa24f35e1b516d23)
Start importing Assets/PollyPrivateers/Objects/Bed/Bed_Occlusion.tga using Guid(58d4c81e998ceb74e9a1777bc73c239b) Importer(2089858483,0ecaa5967403d082aa24f35e1b516d23) Generated GUIDs only implemented for interfaces!
 -> (artifact id: '2b1c02901ce44ffb88e78c7352566d0a') in 0.110548 seconds
Number of updated asset objects reloaded before import = 0
Number of asset objects unloaded after import = 1
========================================================================
Received Import Request.
  Time since last request: 0.004077 seconds.
  path: Assets/PollyPrivateers/Objects/KegSmooth/KegSmooth2_Specular.tga
  artifactKey: Guid(efda0053bceae804088e0b4606e99a33) Importer(2089858483,0ecaa5967403d082aa24f35e1b516d23)
Start importing Assets/PollyPrivateers/Objects/KegSmooth/KegSmooth2_Specular.tga using Guid(efda0053bceae804088e0b4606e99a33) Importer(2089858483,0ecaa5967403d082aa24f35e1b516d23) Generated GUIDs only implemented for interfaces!
 -> (artifact id: 'a79880d8fe64550d0d77efd96e88db27') in 0.251078 seconds
Number of updated asset objects reloaded before import = 0
Number of asset objects unloaded after import = 1
========================================================================
Received Import Request.
  Time since last request: 0.003738 seconds.
  path: Assets/PollyPrivateers/Objects/NewRoundTable/NewRoundTable.mat
  artifactKey: Guid(f739b6a4d0e5342469100b8450cf85ad) Importer(2089858483,0ecaa5967403d082aa24f35e1b516d23)
Start importing Assets/PollyPrivateers/Objects/NewRoundTable/NewRoundTable.mat using Guid(f739b6a4d0e5342469100b8450cf85ad) Importer(2089858483,0ecaa5967403d082aa24f35e1b516d23) Generated GUIDs only implemented for interfaces!
 -> (artifact id: '7802bc1a8ee8f348a501a39a0ca3c399') in 0.387382 seconds
Number of updated asset objects reloaded before import = 0
Number of asset objects unloaded after import = 5
========================================================================
Received Import Request.
  Time since last request: 0.002704 seconds.
  path: Assets/Mini First Person Controller/Audio/Crouch/Crouch start 1.wav
  artifactKey: Guid(9b910aa79c186384cb17f28fad642b0a) Importer(2089858483,0ecaa5967403d082aa24f35e1b516d23)
Start importing Assets/Mini First Person Controller/Audio/Crouch/Crouch start 1.wav using Guid(9b910aa79c186384cb17f28fad642b0a) Importer(2089858483,0ecaa5967403d082aa24f35e1b516d23) Generated GUIDs only implemented for interfaces!
 -> (artifact id: '6b363b10f3d4aa6ffee7124acc3b9871') in 0.073381 seconds
Number of updated asset objects reloaded before import = 0
Number of asset objects unloaded after import = 1
========================================================================
Received Import Request.
  Time since last request: 0.002203 seconds.
  path: Assets/PollyPrivateers/Objects/Batch of Decors 3/Batch of Decors 3.mat
  artifactKey: Guid(f17ec661b889fd941a4a333de0a4b52e) Importer(2089858483,0ecaa5967403d082aa24f35e1b516d23)
Start importing Assets/PollyPrivateers/Objects/Batch of Decors 3/Batch of Decors 3.mat using Guid(f17ec661b889fd941a4a333de0a4b52e) Importer(2089858483,0ecaa5967403d082aa24f35e1b516d23) Generated GUIDs only implemented for interfaces!
 -> (artifact id: 'd2743277e41edad4e0e0827ec7a72d78') in 0.497541 seconds
Number of updated asset objects reloaded before import = 0
Number of asset objects unloaded after import = 5
========================================================================
Received Import Request.
  Time since last request: 0.002371 seconds.
  path: Assets/PollyPrivateers/Objects/Plank and Beam/Plank.obj
  artifactKey: Guid(0642988139e541043b41bfc429fb5155) Importer(2089858483,0ecaa5967403d082aa24f35e1b516d23)
Start importing Assets/PollyPrivateers/Objects/Plank and Beam/Plank.obj using Guid(0642988139e541043b41bfc429fb5155) Importer(2089858483,0ecaa5967403d082aa24f35e1b516d23) Generated GUIDs only implemented for interfaces!
 -> (artifact id: 'a0249c5eb82ee80e94ac2295581f12c0') in 0.068031 seconds
Number of updated asset objects reloaded before import = 0
Number of asset objects unloaded after import = 10
========================================================================
Received Import Request.
  Time since last request: 0.003142 seconds.
  path: Assets/PollyPrivateers/Objects/OpenBarrel/OpenBarrel.mat
  artifactKey: Guid(92fc7673f75855a4eb1997d5004e7af3) Importer(2089858483,0ecaa5967403d082aa24f35e1b516d23)
Start importing Assets/PollyPrivateers/Objects/OpenBarrel/OpenBarrel.mat using Guid(92fc7673f75855a4eb1997d5004e7af3) Importer(2089858483,0ecaa5967403d082aa24f35e1b516d23) Generated GUIDs only implemented for interfaces!
 -> (artifact id: '412b5b1e35f515f924956282b9fd7ee7') in 0.331409 seconds
Number of updated asset objects reloaded before import = 0
Number of asset objects unloaded after import = 5
========================================================================
Received Import Request.
  Time since last request: 0.002256 seconds.
  path: Assets/PollyPrivateers/Objects/Stair and Kitchen props/Stairs and Kitchen Props_Normal.tga
  artifactKey: Guid(dd8e6680405916d4da2bb215e911fda0) Importer(2089858483,0ecaa5967403d082aa24f35e1b516d23)
Start importing Assets/PollyPrivateers/Objects/Stair and Kitchen props/Stairs and Kitchen Props_Normal.tga using Guid(dd8e6680405916d4da2bb215e911fda0) Importer(2089858483,0ecaa5967403d082aa24f35e1b516d23) Generated GUIDs only implemented for interfaces!
 -> (artifact id: '9e590e327cddcd61be70d44f414f62df') in 0.144583 seconds
Number of updated asset objects reloaded before import = 0
Number of asset objects unloaded after import = 1
========================================================================
Received Import Request.
  Time since last request: 0.003423 seconds.
  path: Assets/PollyPrivateers/Objects/Loot/Loot.fbx
  artifactKey: Guid(995cc63524c24874aa10bdc2d95e07f1) Importer(2089858483,0ecaa5967403d082aa24f35e1b516d23)
Start importing Assets/PollyPrivateers/Objects/Loot/Loot.fbx using Guid(995cc63524c24874aa10bdc2d95e07f1) Importer(2089858483,0ecaa5967403d082aa24f35e1b516d23) Generated GUIDs only implemented for interfaces!
 -> (artifact id: '815f7d246da1da54d64353f879fb0a64') in 0.095616 seconds
Number of updated asset objects reloaded before import = 0
Number of asset objects unloaded after import = 59
========================================================================
Received Import Request.
  Time since last request: 0.002750 seconds.
  path: Assets/PollyPrivateers/Objects/Pollybu/Materials/Cube.000_Cube.002Mat.mat
  artifactKey: Guid(56fcc11153097594d878993ac5803378) Importer(2089858483,0ecaa5967403d082aa24f35e1b516d23)
Start importing Assets/PollyPrivateers/Objects/Pollybu/Materials/Cube.000_Cube.002Mat.mat using Guid(56fcc11153097594d878993ac5803378) Importer(2089858483,0ecaa5967403d082aa24f35e1b516d23) Generated GUIDs only implemented for interfaces!
 -> (artifact id: 'bb622acaa602537ef47832a238f4aea4') in 0.045983 seconds
Number of updated asset objects reloaded before import = 0
Number of asset objects unloaded after import = 1
========================================================================
Received Import Request.
  Time since last request: 0.003376 seconds.
  path: Assets/PollyPrivateers/Objects/Batch of Decors 5/Batch of decors 5.mat
  artifactKey: Guid(e6b3b3e5e97d4734886babc77b11db20) Importer(2089858483,0ecaa5967403d082aa24f35e1b516d23)
Start importing Assets/PollyPrivateers/Objects/Batch of Decors 5/Batch of decors 5.mat using Guid(e6b3b3e5e97d4734886babc77b11db20) Importer(2089858483,0ecaa5967403d082aa24f35e1b516d23) Generated GUIDs only implemented for interfaces!
 -> (artifact id: 'ff786761f4cab75941cb564eb78e71cd') in 0.668216 seconds
Number of updated asset objects reloaded before import = 0
Number of asset objects unloaded after import = 5
========================================================================
Received Import Request.
  Time since last request: 0.003048 seconds.
  path: Assets/PollyPrivateers/Prefabs/SmallDecors/Flask.prefab
  artifactKey: Guid(94d9c0c2de8c92c40bbe2bfd7328be10) Importer(2089858483,0ecaa5967403d082aa24f35e1b516d23)
Start importing Assets/PollyPrivateers/Prefabs/SmallDecors/Flask.prefab using Guid(94d9c0c2de8c92c40bbe2bfd7328be10) Importer(2089858483,0ecaa5967403d082aa24f35e1b516d23) Generated GUIDs only implemented for interfaces!
 -> (artifact id: '72124c22a5db359cd8f53d49e554fadb') in 0.131434 seconds
Number of updated asset objects reloaded before import = 0
Number of asset objects unloaded after import = 16
========================================================================
Received Import Request.
  Time since last request: 0.002317 seconds.
  path: Assets/PollyPrivateers/Objects/Loot/LootMaterial.mat
  artifactKey: Guid(82b6907273defac4bbe69c1e5dbe7991) Importer(2089858483,0ecaa5967403d082aa24f35e1b516d23)
Start importing Assets/PollyPrivateers/Objects/Loot/LootMaterial.mat using Guid(82b6907273defac4bbe69c1e5dbe7991) Importer(2089858483,0ecaa5967403d082aa24f35e1b516d23) Generated GUIDs only implemented for interfaces!
 -> (artifact id: 'ce51d947ef4ab6016f80aaf6a9b5c057') in 0.222693 seconds
Number of updated asset objects reloaded before import = 0
Number of asset objects unloaded after import = 5
========================================================================
Received Import Request.
  Time since last request: 0.001017 seconds.
  path: Assets/Scenes/Test.unity
  artifactKey: Guid(f96c57c9553b21145a0cc5e6f3122a09) Importer(2089858483,0ecaa5967403d082aa24f35e1b516d23)
Start importing Assets/Scenes/Test.unity using Guid(f96c57c9553b21145a0cc5e6f3122a09) Importer(2089858483,0ecaa5967403d082aa24f35e1b516d23) Generated GUIDs only implemented for interfaces!
 -> (artifact id: '5b98d7ddc2f2bb17ae18979ee288eb73') in 0.035090 seconds
Number of updated asset objects reloaded before import = 0
Number of asset objects unloaded after import = 1
========================================================================
Received Import Request.
  Time since last request: 0.004776 seconds.
  path: Assets/PollyPrivateers/Prefabs/SmallDecors/TableKnife.prefab
  artifactKey: Guid(94718fea2e5f321498e60e6e6dd036b0) Importer(2089858483,0ecaa5967403d082aa24f35e1b516d23)
Start importing Assets/PollyPrivateers/Prefabs/SmallDecors/TableKnife.prefab using Guid(94718fea2e5f321498e60e6e6dd036b0) Importer(2089858483,0ecaa5967403d082aa24f35e1b516d23) Generated GUIDs only implemented for interfaces!
 -> (artifact id: '6cba968c6f3784b0fefe8a7db2919ab4') in 0.066443 seconds
Number of updated asset objects reloaded before import = 0
Number of asset objects unloaded after import = 8
========================================================================
Received Import Request.
  Time since last request: 0.002756 seconds.
  path: Assets/PollyPrivateers/Prefabs/SmallDecors/SimpleBottle.prefab
  artifactKey: Guid(8eb84f58a0e2f7a4591b34186281a1c5) Importer(2089858483,0ecaa5967403d082aa24f35e1b516d23)
Start importing Assets/PollyPrivateers/Prefabs/SmallDecors/SimpleBottle.prefab using Guid(8eb84f58a0e2f7a4591b34186281a1c5) Importer(2089858483,0ecaa5967403d082aa24f35e1b516d23) Generated GUIDs only implemented for interfaces!
 -> (artifact id: '98f8a2387975b8071585bddab7ef0e3c') in 0.137690 seconds
Number of updated asset objects reloaded before import = 0
Number of asset objects unloaded after import = 16
========================================================================
Received Import Request.
  Time since last request: 0.002703 seconds.
  path: Assets/PollyPrivateers/Objects/ShootBeforeYou´reShot/ShootBeforeYou´reShot_Normal.tga
  artifactKey: Guid(2e1a3e20cdff5eb44bc3598fed1a3cd6) Importer(2089858483,0ecaa5967403d082aa24f35e1b516d23)
Start importing Assets/PollyPrivateers/Objects/ShootBeforeYou´reShot/ShootBeforeYou´reShot_Normal.tga using Guid(2e1a3e20cdff5eb44bc3598fed1a3cd6) Importer(2089858483,0ecaa5967403d082aa24f35e1b516d23) Generated GUIDs only implemented for interfaces!
 -> (artifact id: '8e2b3d85e73b63acff6951c32cb617cd') in 0.116227 seconds
Number of updated asset objects reloaded before import = 0
Number of asset objects unloaded after import = 1
========================================================================
Received Import Request.
  Time since last request: 0.003687 seconds.
  path: Assets/PollyPrivateers/PirateTavern/Lightmap-3_comp_dir.png
  artifactKey: Guid(c3f810749f3a63e49bcf5c836efa8545) Importer(2089858483,0ecaa5967403d082aa24f35e1b516d23)
Start importing Assets/PollyPrivateers/PirateTavern/Lightmap-3_comp_dir.png using Guid(c3f810749f3a63e49bcf5c836efa8545) Importer(2089858483,0ecaa5967403d082aa24f35e1b516d23) Generated GUIDs only implemented for interfaces!
 -> (artifact id: 'df542f5828dfe61e9875180f84f9d58d') in 0.177326 seconds
Number of updated asset objects reloaded before import = 0
Number of asset objects unloaded after import = 1
========================================================================
Received Import Request.
  Time since last request: 0.003844 seconds.
  path: Assets/PollyPrivateers/Objects/Torch/Torch_Albedo.tga
  artifactKey: Guid(5f9771b7833a7d445912f3975d5a5301) Importer(2089858483,0ecaa5967403d082aa24f35e1b516d23)
Start importing Assets/PollyPrivateers/Objects/Torch/Torch_Albedo.tga using Guid(5f9771b7833a7d445912f3975d5a5301) Importer(2089858483,0ecaa5967403d082aa24f35e1b516d23) Generated GUIDs only implemented for interfaces!
 -> (artifact id: '52b4a37692825b993af86e28f1f8066b') in 0.140709 seconds
Number of updated asset objects reloaded before import = 0
Number of asset objects unloaded after import = 1
========================================================================
Received Import Request.
  Time since last request: 0.002929 seconds.
  path: Assets/PollyPrivateers/Prefabs/SmallDecors/SaucePan.prefab
  artifactKey: Guid(b5afceff7e0dc6e4aba154d0e92b919d) Importer(2089858483,0ecaa5967403d082aa24f35e1b516d23)
Start importing Assets/PollyPrivateers/Prefabs/SmallDecors/SaucePan.prefab using Guid(b5afceff7e0dc6e4aba154d0e92b919d) Importer(2089858483,0ecaa5967403d082aa24f35e1b516d23) Generated GUIDs only implemented for interfaces!
 -> (artifact id: '5d39b7ad60f218bbb01fe9bfc9112573') in 0.062053 seconds
Number of updated asset objects reloaded before import = 0
Number of asset objects unloaded after import = 8
========================================================================
Received Import Request.
  Time since last request: 0.003484 seconds.
  path: Assets/PollyPrivateers/Objects/Wanted Posters/WantedPosters .fbx
  artifactKey: Guid(090c3a1ec4b0a8f4bb615d51080a510a) Importer(2089858483,0ecaa5967403d082aa24f35e1b516d23)
Start importing Assets/PollyPrivateers/Objects/Wanted Posters/WantedPosters .fbx using Guid(090c3a1ec4b0a8f4bb615d51080a510a) Importer(2089858483,0ecaa5967403d082aa24f35e1b516d23) Generated GUIDs only implemented for interfaces!
 -> (artifact id: '2ef15302caefdb9c9a5c889223f7f7ad') in 0.079911 seconds
Number of updated asset objects reloaded before import = 0
Number of asset objects unloaded after import = 29
========================================================================
Received Import Request.
  Time since last request: 0.003167 seconds.
  path: Assets/PollyPrivateers/Prefabs/Furnishings/ThatTable.prefab
  artifactKey: Guid(d22cc3752b0128f459217d462b1d5145) Importer(2089858483,0ecaa5967403d082aa24f35e1b516d23)
Start importing Assets/PollyPrivateers/Prefabs/Furnishings/ThatTable.prefab using Guid(d22cc3752b0128f459217d462b1d5145) Importer(2089858483,0ecaa5967403d082aa24f35e1b516d23) Generated GUIDs only implemented for interfaces!
 -> (artifact id: '388a2b99ca3c332f8d59e3e3416b78a0') in 0.072040 seconds
Number of updated asset objects reloaded before import = 0
Number of asset objects unloaded after import = 10
========================================================================
Received Import Request.
  Time since last request: 0.002081 seconds.
  path: Assets/PollyPrivateers/Objects/Batch of Decors 5/Batch of Decors 5_Albedo.tga
  artifactKey: Guid(79e6959ba1a07ee40a0ba3167707cb68) Importer(2089858483,0ecaa5967403d082aa24f35e1b516d23)
Start importing Assets/PollyPrivateers/Objects/Batch of Decors 5/Batch of Decors 5_Albedo.tga using Guid(79e6959ba1a07ee40a0ba3167707cb68) Importer(2089858483,0ecaa5967403d082aa24f35e1b516d23) Generated GUIDs only implemented for interfaces!
 -> (artifact id: '513f243b29aaa30266c6cc8932399256') in 0.134687 seconds
Number of updated asset objects reloaded before import = 0
Number of asset objects unloaded after import = 1
========================================================================
Received Import Request.
  Time since last request: 0.003717 seconds.
  path: Assets/Mini First Person Controller/Scripts/FirstPersonLook.cs
  artifactKey: Guid(ec72980442fddac4d86e75ab24b4d027) Importer(2089858483,0ecaa5967403d082aa24f35e1b516d23)
Start importing Assets/Mini First Person Controller/Scripts/FirstPersonLook.cs using Guid(ec72980442fddac4d86e75ab24b4d027) Importer(2089858483,0ecaa5967403d082aa24f35e1b516d23) Generated GUIDs only implemented for interfaces!
 -> (artifact id: 'e39f8c7a217fdaed18d97964e5eaeffd') in 0.037690 seconds
Number of updated asset objects reloaded before import = 0
Number of asset objects unloaded after import = 1
========================================================================
Received Import Request.
  Time since last request: 0.002700 seconds.
  path: Assets/PollyPrivateers/SeamlessMaterials/Wall2/NORMAL.tga
  artifactKey: Guid(0ebe6680d47b5144bafc5ee0fcd9f6a0) Importer(2089858483,0ecaa5967403d082aa24f35e1b516d23)
Start importing Assets/PollyPrivateers/SeamlessMaterials/Wall2/NORMAL.tga using Guid(0ebe6680d47b5144bafc5ee0fcd9f6a0) Importer(2089858483,0ecaa5967403d082aa24f35e1b516d23) Generated GUIDs only implemented for interfaces!
 -> (artifact id: '715b434b103f03f507b4ebe9f644ce1d') in 0.143183 seconds
Number of updated asset objects reloaded before import = 0
Number of asset objects unloaded after import = 1
========================================================================
Received Import Request.
  Time since last request: 0.003554 seconds.
  path: Assets/PollyPrivateers/Prefabs/Objects with FX/FirePlace.prefab
  artifactKey: Guid(0120696b197baa24f933e17ce5431cb8) Importer(2089858483,0ecaa5967403d082aa24f35e1b516d23)
Start importing Assets/PollyPrivateers/Prefabs/Objects with FX/FirePlace.prefab using Guid(0120696b197baa24f933e17ce5431cb8) Importer(2089858483,0ecaa5967403d082aa24f35e1b516d23) Generated GUIDs only implemented for interfaces!
 -> (artifact id: '0f4578bb6ff99d4ca0dceacb070b4165') in 0.126091 seconds
Number of updated asset objects reloaded before import = 0
Number of asset objects unloaded after import = 97
========================================================================
Received Import Request.
  Time since last request: 0.001476 seconds.
  path: Assets/PollyPrivateers/SeamlessMaterials/PlanksTiled/PlanksTiled_Normal.tga
  artifactKey: Guid(7368c4c675c49f54fa86c304eb160ed4) Importer(2089858483,0ecaa5967403d082aa24f35e1b516d23)
Start importing Assets/PollyPrivateers/SeamlessMaterials/PlanksTiled/PlanksTiled_Normal.tga using Guid(7368c4c675c49f54fa86c304eb160ed4) Importer(2089858483,0ecaa5967403d082aa24f35e1b516d23) Generated GUIDs only implemented for interfaces!
 -> (artifact id: '4c60b9139d9e6446d99fd9a3cce6cdb3') in 0.144600 seconds
Number of updated asset objects reloaded before import = 0
Number of asset objects unloaded after import = 1
========================================================================
Received Import Request.
  Time since last request: 0.003145 seconds.
  path: Assets/PollyPrivateers/Objects/TanjasDesk/TanjasDesk.mat
  artifactKey: Guid(71d4ce9a8b078f3458d5a05a53f63272) Importer(2089858483,0ecaa5967403d082aa24f35e1b516d23)
Start importing Assets/PollyPrivateers/Objects/TanjasDesk/TanjasDesk.mat using Guid(71d4ce9a8b078f3458d5a05a53f63272) Importer(2089858483,0ecaa5967403d082aa24f35e1b516d23) Generated GUIDs only implemented for interfaces!
 -> (artifact id: '8c0f0031c45ceae9f3cdb80264eb18ce') in 0.341685 seconds
Number of updated asset objects reloaded before import = 0
Number of asset objects unloaded after import = 5
========================================================================
Received Import Request.
  Time since last request: 0.000803 seconds.
  path: Assets/PollyPrivateers/Prefabs/SmallDecors/Howards Compass (2).prefab
  artifactKey: Guid(2e30bca6a4f62364bb170b0f7167b5e7) Importer(2089858483,0ecaa5967403d082aa24f35e1b516d23)
Start importing Assets/PollyPrivateers/Prefabs/SmallDecors/Howards Compass (2).prefab using Guid(2e30bca6a4f62364bb170b0f7167b5e7) Importer(2089858483,0ecaa5967403d082aa24f35e1b516d23) Generated GUIDs only implemented for interfaces!
 -> (artifact id: '48971a9958340d1b54b3e690c8c9f329') in 0.067415 seconds
Number of updated asset objects reloaded before import = 0
Number of asset objects unloaded after import = 16
========================================================================
Received Import Request.
  Time since last request: 0.001930 seconds.
  path: Assets/Mini First Person Controller/Audio/Landing/Landing 2.wav
  artifactKey: Guid(ab9637a2491abbf4ca9c9601321cbb88) Importer(2089858483,0ecaa5967403d082aa24f35e1b516d23)
Start importing Assets/Mini First Person Controller/Audio/Landing/Landing 2.wav using Guid(ab9637a2491abbf4ca9c9601321cbb88) Importer(2089858483,0ecaa5967403d082aa24f35e1b516d23) Generated GUIDs only implemented for interfaces!
 -> (artifact id: '34a6a8209f0ab6445c0e5f7af560559c') in 0.165339 seconds
Number of updated asset objects reloaded before import = 0
Number of asset objects unloaded after import = 1
========================================================================
Received Import Request.
  Time since last request: 0.002402 seconds.
  path: Assets/PollyPrivateers/Objects/WhiskeyGlass/WhiskeyGlass.mat
  artifactKey: Guid(875e93603692d8341a99c7990d28b406) Importer(2089858483,0ecaa5967403d082aa24f35e1b516d23)
Start importing Assets/PollyPrivateers/Objects/WhiskeyGlass/WhiskeyGlass.mat using Guid(875e93603692d8341a99c7990d28b406) Importer(2089858483,0ecaa5967403d082aa24f35e1b516d23) Generated GUIDs only implemented for interfaces!
 -> (artifact id: '8ef6850e6db94a5a501d4eab3d4c35b6') in 0.253341 seconds
Number of updated asset objects reloaded before import = 0
Number of asset objects unloaded after import = 3
========================================================================
Received Import Request.
  Time since last request: 0.002223 seconds.
  path: Assets/PollyPrivateers/Objects/Fish/Fish_Occlusion.tga
  artifactKey: Guid(bf75598193a8d084fa60660990fa512d) Importer(2089858483,0ecaa5967403d082aa24f35e1b516d23)
Start importing Assets/PollyPrivateers/Objects/Fish/Fish_Occlusion.tga using Guid(bf75598193a8d084fa60660990fa512d) Importer(2089858483,0ecaa5967403d082aa24f35e1b516d23) Generated GUIDs only implemented for interfaces!
 -> (artifact id: '66ce2d6e3aea45409b3d784f155db7c1') in 0.136153 seconds
Number of updated asset objects reloaded before import = 0
Number of asset objects unloaded after import = 1
========================================================================
Received Import Request.
  Time since last request: 0.004201 seconds.
  path: Assets/PollyPrivateers/Prefabs/SmallDecors/teacup.prefab
  artifactKey: Guid(a572b028515e3004f920d5ec7faace96) Importer(2089858483,0ecaa5967403d082aa24f35e1b516d23)
Start importing Assets/PollyPrivateers/Prefabs/SmallDecors/teacup.prefab using Guid(a572b028515e3004f920d5ec7faace96) Importer(2089858483,0ecaa5967403d082aa24f35e1b516d23) Generated GUIDs only implemented for interfaces!
 -> (artifact id: '392a45d4f452972c2f29ef9b084e4411') in 0.083476 seconds
Number of updated asset objects reloaded before import = 0
Number of asset objects unloaded after import = 8
========================================================================
Received Import Request.
  Time since last request: 0.003214 seconds.
  path: Assets/PollyPrivateers/SeamlessMaterials/PlanksTiled/PlanksTiled_Height.tga
  artifactKey: Guid(edcb6c31cb2d73045bbb5add984da41f) Importer(2089858483,0ecaa5967403d082aa24f35e1b516d23)
Start importing Assets/PollyPrivateers/SeamlessMaterials/PlanksTiled/PlanksTiled_Height.tga using Guid(edcb6c31cb2d73045bbb5add984da41f) Importer(2089858483,0ecaa5967403d082aa24f35e1b516d23) Generated GUIDs only implemented for interfaces!
 -> (artifact id: '75be81965328bb2d0ebe96e5a1fc7305') in 0.150148 seconds
Number of updated asset objects reloaded before import = 0
Number of asset objects unloaded after import = 1
========================================================================
Received Import Request.
  Time since last request: 0.004313 seconds.
  path: Assets/PollyPrivateers/Prefabs/Furnishings/Bench 1.prefab
  artifactKey: Guid(4f74d685db28d5f47970f2c8d1bf4c8a) Importer(2089858483,0ecaa5967403d082aa24f35e1b516d23)
Start importing Assets/PollyPrivateers/Prefabs/Furnishings/Bench 1.prefab using Guid(4f74d685db28d5f47970f2c8d1bf4c8a) Importer(2089858483,0ecaa5967403d082aa24f35e1b516d23) Generated GUIDs only implemented for interfaces!
 -> (artifact id: 'd406b19d937499a2a5619b79c4a9e4f8') in 0.059197 seconds
Number of updated asset objects reloaded before import = 0
Number of asset objects unloaded after import = 8
========================================================================
Received Import Request.
  Time since last request: 0.002712 seconds.
  path: Assets/PollyPrivateers/Prefabs/Furnishings/FineChair.prefab
  artifactKey: Guid(5b010c64d85081641a65cd3d42464fe9) Importer(2089858483,0ecaa5967403d082aa24f35e1b516d23)
Start importing Assets/PollyPrivateers/Prefabs/Furnishings/FineChair.prefab using Guid(5b010c64d85081641a65cd3d42464fe9) Importer(2089858483,0ecaa5967403d082aa24f35e1b516d23) Generated GUIDs only implemented for interfaces!
 -> (artifact id: '901482c8d73bbeba6b135e8a674b8f12') in 0.065525 seconds
Number of updated asset objects reloaded before import = 0
Number of asset objects unloaded after import = 8
========================================================================
Received Import Request.
  Time since last request: 0.002939 seconds.
  path: Assets/PollyPrivateers/Particles/SmallSmoke.jpg
  artifactKey: Guid(729a8a3ec3069904bb0bfadced757b5b) Importer(2089858483,0ecaa5967403d082aa24f35e1b516d23)
Start importing Assets/PollyPrivateers/Particles/SmallSmoke.jpg using Guid(729a8a3ec3069904bb0bfadced757b5b) Importer(2089858483,0ecaa5967403d082aa24f35e1b516d23) Generated GUIDs only implemented for interfaces!
 -> (artifact id: 'ccc7a4197d06a424627a8247cdac2237') in 0.121312 seconds
Number of updated asset objects reloaded before import = 0
Number of asset objects unloaded after import = 1
========================================================================
Received Import Request.
  Time since last request: 0.002940 seconds.
  path: Assets/PollyPrivateers/Objects/LargeTable/LargeTable_Specular2.tga
  artifactKey: Guid(7c84e95ea8dc8b94db53af04beda8c8b) Importer(2089858483,0ecaa5967403d082aa24f35e1b516d23)
Start importing Assets/PollyPrivateers/Objects/LargeTable/LargeTable_Specular2.tga using Guid(7c84e95ea8dc8b94db53af04beda8c8b) Importer(2089858483,0ecaa5967403d082aa24f35e1b516d23) Generated GUIDs only implemented for interfaces!
 -> (artifact id: 'e746d11187162bf7eef0bef1005b84ca') in 0.191175 seconds
Number of updated asset objects reloaded before import = 0
Number of asset objects unloaded after import = 1
========================================================================
Received Import Request.
  Time since last request: 0.002282 seconds.
  path: Assets/PollyPrivateers/Objects/Wanted Posters/Wanted Posters_Albedo.tga
  artifactKey: Guid(8e5cdb96117e6854384ddbc1d090f302) Importer(2089858483,0ecaa5967403d082aa24f35e1b516d23)
Start importing Assets/PollyPrivateers/Objects/Wanted Posters/Wanted Posters_Albedo.tga using Guid(8e5cdb96117e6854384ddbc1d090f302) Importer(2089858483,0ecaa5967403d082aa24f35e1b516d23) Generated GUIDs only implemented for interfaces!
 -> (artifact id: '2c72de2c907554518f2a0b9ff6ac6cc7') in 0.081666 seconds
Number of updated asset objects reloaded before import = 0
Number of asset objects unloaded after import = 1
========================================================================
Received Import Request.
  Time since last request: 0.005621 seconds.
  path: Assets/PollyPrivateers/Objects/Pots/Pots_Albedo.tga
  artifactKey: Guid(6e96671af053e1b4884cfd247476f665) Importer(2089858483,0ecaa5967403d082aa24f35e1b516d23)
Start importing Assets/PollyPrivateers/Objects/Pots/Pots_Albedo.tga using Guid(6e96671af053e1b4884cfd247476f665) Importer(2089858483,0ecaa5967403d082aa24f35e1b516d23) Generated GUIDs only implemented for interfaces!
 -> (artifact id: '3dae1e2ad0d09f784405b14ddf995f78') in 0.146838 seconds
Number of updated asset objects reloaded before import = 0
Number of asset objects unloaded after import = 1
========================================================================
Received Import Request.
  Time since last request: 0.005256 seconds.
  path: Assets/PollyPrivateers/Objects/Pear/Pear_Albedo.tga
  artifactKey: Guid(8b13cb37eed0f864e940c1efebe445b0) Importer(2089858483,0ecaa5967403d082aa24f35e1b516d23)
Start importing Assets/PollyPrivateers/Objects/Pear/Pear_Albedo.tga using Guid(8b13cb37eed0f864e940c1efebe445b0) Importer(2089858483,0ecaa5967403d082aa24f35e1b516d23) Generated GUIDs only implemented for interfaces!
 -> (artifact id: '8d6c63d0d4ae798e9dc73c0e9e2631da') in 0.086442 seconds
Number of updated asset objects reloaded before import = 0
Number of asset objects unloaded after import = 1
========================================================================
Received Import Request.
  Time since last request: 0.005108 seconds.
  path: Assets/PollyPrivateers/Objects/Stair and Kitchen props/Stair and Kitchenprops.fbx
  artifactKey: Guid(3c7bd62116a4c1841a96d5293248de89) Importer(2089858483,0ecaa5967403d082aa24f35e1b516d23)
Start importing Assets/PollyPrivateers/Objects/Stair and Kitchen props/Stair and Kitchenprops.fbx using Guid(3c7bd62116a4c1841a96d5293248de89) Importer(2089858483,0ecaa5967403d082aa24f35e1b516d23) Generated GUIDs only implemented for interfaces!
 -> (artifact id: 'bfef4f63da686be645701b0ad67ca090') in 0.087465 seconds
Number of updated asset objects reloaded before import = 0
Number of asset objects unloaded after import = 34
========================================================================
Received Import Request.
  Time since last request: 0.004641 seconds.
  path: Assets/PollyPrivateers/Objects/Loot/Loot_Albedo.tga
  artifactKey: Guid(1b5ea78a11187a645b547d07ccae801a) Importer(2089858483,0ecaa5967403d082aa24f35e1b516d23)
Start importing Assets/PollyPrivateers/Objects/Loot/Loot_Albedo.tga using Guid(1b5ea78a11187a645b547d07ccae801a) Importer(2089858483,0ecaa5967403d082aa24f35e1b516d23) Generated GUIDs only implemented for interfaces!
 -> (artifact id: 'a08e3753bb3aa7d621e08491cbbcb6e2') in 0.093509 seconds
Number of updated asset objects reloaded before import = 0
Number of asset objects unloaded after import = 1
========================================================================
Received Import Request.
  Time since last request: 0.004873 seconds.
  path: Assets/PollyPrivateers/Objects/ShootBeforeYou´reShot/ShotBeforeYou´reShot.mat
  artifactKey: Guid(59f1a01b5b1ee2a44967530fe2e7db2e) Importer(2089858483,0ecaa5967403d082aa24f35e1b516d23)
Start importing Assets/PollyPrivateers/Objects/ShootBeforeYou´reShot/ShotBeforeYou´reShot.mat using Guid(59f1a01b5b1ee2a44967530fe2e7db2e) Importer(2089858483,0ecaa5967403d082aa24f35e1b516d23) Generated GUIDs only implemented for interfaces!
 -> (artifact id: '2952aecd923e0f5987c804001d6e40fa') in 0.189977 seconds
Number of updated asset objects reloaded before import = 0
Number of asset objects unloaded after import = 5
========================================================================
Received Import Request.
  Time since last request: 0.001957 seconds.
  path: Assets/PollyPrivateers/Objects/FireCamp/FireCamp_Height.tga
  artifactKey: Guid(1399c3bba32571e408f3f910c6328c68) Importer(2089858483,0ecaa5967403d082aa24f35e1b516d23)
Start importing Assets/PollyPrivateers/Objects/FireCamp/FireCamp_Height.tga using Guid(1399c3bba32571e408f3f910c6328c68) Importer(2089858483,0ecaa5967403d082aa24f35e1b516d23) Generated GUIDs only implemented for interfaces!
 -> (artifact id: '311e9c5994ab3dd1eb209be7a9858168') in 0.126497 seconds
Number of updated asset objects reloaded before import = 0
Number of asset objects unloaded after import = 1
========================================================================
Received Import Request.
  Time since last request: 297.277415 seconds.
  path: Assets/Scripts/DartboardPointSystem.cs
  artifactKey: Guid(c9266bff1a6f9044e9915378d011c821) Importer(2089858483,0ecaa5967403d082aa24f35e1b516d23)
Start importing Assets/Scripts/DartboardPointSystem.cs using Guid(c9266bff1a6f9044e9915378d011c821) Importer(2089858483,0ecaa5967403d082aa24f35e1b516d23) Generated GUIDs only implemented for interfaces!
 -> (artifact id: 'e23a67db5f638fdc149d36231ca33fe3') in 0.039448 seconds
Number of updated asset objects reloaded before import = 0
Number of asset objects unloaded after import = 1
========================================================================
Received Import Request.
  Time since last request: 24.393641 seconds.
  path: Assets/Scripts/DartboardPointSystem.cs
  artifactKey: Guid(c9266bff1a6f9044e9915378d011c821) Importer(2089858483,0ecaa5967403d082aa24f35e1b516d23)
Start importing Assets/Scripts/DartboardPointSystem.cs using Guid(c9266bff1a6f9044e9915378d011c821) Importer(2089858483,0ecaa5967403d082aa24f35e1b516d23) Generated GUIDs only implemented for interfaces!
 -> (artifact id: '6a7330cc2e66ac6f401fc4ad8c18e960') in 0.036461 seconds
Number of updated asset objects reloaded before import = 0
Number of asset objects unloaded after import = 1
========================================================================
Received Import Request.
  Time since last request: 52.258881 seconds.
  path: Assets/Scripts/DartboardPointSystem.cs
  artifactKey: Guid(c9266bff1a6f9044e9915378d011c821) Importer(2089858483,0ecaa5967403d082aa24f35e1b516d23)
Start importing Assets/Scripts/DartboardPointSystem.cs using Guid(c9266bff1a6f9044e9915378d011c821) Importer(2089858483,0ecaa5967403d082aa24f35e1b516d23) Generated GUIDs only implemented for interfaces!
 -> (artifact id: 'f9016be3731cf2e3f75b4e5b11f639fa') in 0.047410 seconds
Number of updated asset objects reloaded before import = 0
Number of asset objects unloaded after import = 1
========================================================================
Received Import Request.
  Time since last request: 116.273933 seconds.
  path: Assets/Scripts/DartboardPointSystem.cs
  artifactKey: Guid(c9266bff1a6f9044e9915378d011c821) Importer(2089858483,0ecaa5967403d082aa24f35e1b516d23)
Start importing Assets/Scripts/DartboardPointSystem.cs using Guid(c9266bff1a6f9044e9915378d011c821) Importer(2089858483,0ecaa5967403d082aa24f35e1b516d23) Generated GUIDs only implemented for interfaces!
 -> (artifact id: 'decb5f0910c56b01bb64175edc894c23') in 0.036116 seconds
Number of updated asset objects reloaded before import = 0
Number of asset objects unloaded after import = 1
========================================================================
Received Import Request.
  Time since last request: 11.351256 seconds.
  path: Assets/Scripts/DartboardPointSystem.cs
  artifactKey: Guid(c9266bff1a6f9044e9915378d011c821) Importer(2089858483,0ecaa5967403d082aa24f35e1b516d23)
Start importing Assets/Scripts/DartboardPointSystem.cs using Guid(c9266bff1a6f9044e9915378d011c821) Importer(2089858483,0ecaa5967403d082aa24f35e1b516d23) Generated GUIDs only implemented for interfaces!
 -> (artifact id: '9aadc22a50d205ae9665a34952222509') in 0.051000 seconds
Number of updated asset objects reloaded before import = 0
Number of asset objects unloaded after import = 1
========================================================================
Received Import Request.
  Time since last request: 139.629159 seconds.
  path: Assets/Scripts/DartboardPointSystem.cs
  artifactKey: Guid(c9266bff1a6f9044e9915378d011c821) Importer(2089858483,0ecaa5967403d082aa24f35e1b516d23)
Start importing Assets/Scripts/DartboardPointSystem.cs using Guid(c9266bff1a6f9044e9915378d011c821) Importer(2089858483,0ecaa5967403d082aa24f35e1b516d23) Generated GUIDs only implemented for interfaces!
 -> (artifact id: '8b5b9ba420c32634eac3b84aa7c6abce') in 0.038942 seconds
Number of updated asset objects reloaded before import = 0
Number of asset objects unloaded after import = 1
========================================================================
Received Import Request.
  Time since last request: 35.044921 seconds.
  path: Assets/Scripts/DartboardPointSystem.cs
  artifactKey: Guid(c9266bff1a6f9044e9915378d011c821) Importer(2089858483,0ecaa5967403d082aa24f35e1b516d23)
Start importing Assets/Scripts/DartboardPointSystem.cs using Guid(c9266bff1a6f9044e9915378d011c821) Importer(2089858483,0ecaa5967403d082aa24f35e1b516d23) Generated GUIDs only implemented for interfaces!
 -> (artifact id: 'd6bd40fdb2df4d1088566f044156d3fa') in 0.082873 seconds
Number of updated asset objects reloaded before import = 0
Number of asset objects unloaded after import = 1
========================================================================
Received Prepare
Begin MonoManager ReloadAssembly
- Loaded All Assemblies, in 12.529 seconds
Refreshing native plugins compatible for Editor in 81.81 ms, found 3 plugins.
Native extension for WindowsStandalone target not found
[Package Manager] Server::EnsureServerProcessIsRunning -- launch failed, reason: Unity was launched with the -noUpm command-line argument
[Package Manager] UpmClient::Send -- Unable to send message (not connected to UPM process).
[Package Manager] Cannot connect to Unity Package Manager local server
Mono: successfully reloaded assembly
- Finished resetting the current domain, in 20.508 seconds
Domain Reload Profiling: 33034ms
	BeginReloadAssembly (173ms)
		ExecutionOrderSort (0ms)
		DisableScriptedObjects (6ms)
		BackupInstance (0ms)
		ReleaseScriptingObjects (0ms)
		CreateAndSetChildDomain (29ms)
	RebuildCommonClasses (34ms)
	RebuildNativeTypeToScriptingClass (11ms)
	initialDomainReloadingComplete (83ms)
	LoadAllAssembliesAndSetupDomain (12225ms)
		LoadAssemblies (12285ms)
		RebuildTransferFunctionScriptingTraits (0ms)
		AnalyzeDomain (18ms)
			TypeCache.Refresh (8ms)
				TypeCache.ScanAssembly (0ms)
			ScanForSourceGeneratedMonoScriptInfo (6ms)
			ResolveRequiredComponents (4ms)
	FinalizeReload (20509ms)
		ReleaseScriptCaches (0ms)
		RebuildScriptCaches (0ms)
		SetupLoadedEditorAssemblies (418ms)
			LogAssemblyErrors (0ms)
			InitializePlatformSupportModulesInManaged (6ms)
			SetLoadedEditorAssemblies (4ms)
			RefreshPlugins (0ms)
			BeforeProcessingInitializeOnLoad (73ms)
			ProcessInitializeOnLoadAttributes (312ms)
			ProcessInitializeOnLoadMethodAttributes (18ms)
			AfterProcessingInitializeOnLoad (6ms)
			EditorAssembliesLoaded (0ms)
		ExecutionOrderSort2 (0ms)
		AwakeInstancesAfterBackupRestoration (8ms)
Refreshing native plugins compatible for Editor in 205.28 ms, found 3 plugins.
Preloading 0 native plugins for Editor in 0.00 ms.
Unloading 3128 Unused Serialized files (Serialized files now loaded: 0)
Unloading 23 unused Assets / (31.1 KB). Loaded Objects now: 3613.
Memory consumption went from 131.1 MB to 131.1 MB.
Total: 2.609500 ms (FindLiveObjects: 0.235000 ms CreateObjectMapping: 0.219900 ms MarkObjects: 2.083300 ms  DeleteObjects: 0.070900 ms)

Prepare: number of updated asset objects reloaded= 0
AssetImportParameters requested are different than current active one (requested -> active):
  custom:container-demuxer-ogg: 62fdf1f143b41e24485cea50d1cbac27 -> 
  custom:video-decoder-ogg-theora: a1e56fd34408186e4bbccfd4996cb3dc -> 
  custom:framework-win-MediaFoundation: 216162199b28c13a410421893ffa2e32 -> 
  custom:CustomObjectIndexerAttribute: 6d391050e5a25f67b0a2c618074f2cd9 -> 
  custom:container-demuxer-webm: 4f35f7cbe854078d1ac9338744f61a02 -> 
  custom:container-muxer-webm: aa71ff27fc2769a1b78a27578f13a17b -> 
  custom:video-decoder-webm-vp8: 9c59270c3fd7afecdb556c50c9e8de78 -> 
  custom:SearchIndexIgnoredProperties: e643bd26f0fe6173181afceb89e7c659 -> 
  custom:AudioImporter_EditorPlatform: d09bf68614088b80899f8185d706f6e7 -> 
  custom:video-encoder-webm-vp8: eb34c28f22e8b96e1ab97ce403110664 -> 
  custom:audio-decoder-ogg-vorbis: bf7c407c2cedff20999df2af8eb42d56 -> 
  custom:audio-encoder-webm-vorbis: bf7c407c2cedff20999df2af8eb42d56 -> 
========================================================================
Received Import Request.
  Time since last request: 220.846410 seconds.
  path: Assets/3D Models/dartboard/dartboard.jpg
  artifactKey: Guid(a4bacc61a16220d479a90f952dec948d) Importer(815301076,1909f56bfc062723c751e8b465ee728b)
Start importing Assets/3D Models/dartboard/dartboard.jpg using Guid(a4bacc61a16220d479a90f952dec948d) Importer(815301076,1909f56bfc062723c751e8b465ee728b)  -> (artifact id: '37458602095ecfe89ab59f317ca7e032') in 0.118651 seconds
Number of updated asset objects reloaded before import = 0
Number of asset objects unloaded after import = 2
========================================================================
Received Import Request.
  Time since last request: 0.009950 seconds.
  path: Assets/3D Models/dartboard
  artifactKey: Guid(0d28545a7ee192746bf8e616242eb1c4) Importer(815301076,1909f56bfc062723c751e8b465ee728b)
Start importing Assets/3D Models/dartboard using Guid(0d28545a7ee192746bf8e616242eb1c4) Importer(815301076,1909f56bfc062723c751e8b465ee728b)  -> (artifact id: '0c4668ad5fb0e41d278981647fe1353c') in 0.001684 seconds
Number of updated asset objects reloaded before import = 0
Number of asset objects unloaded after import = 0
========================================================================
Received Import Request.
  Time since last request: 514.639772 seconds.
  path: Assets/Prefabs/Dartboard.prefab
  artifactKey: Guid(cd5de5e3a6fec39448f517eea82f56ee) Importer(815301076,1909f56bfc062723c751e8b465ee728b)
Start importing Assets/Prefabs/Dartboard.prefab using Guid(cd5de5e3a6fec39448f517eea82f56ee) Importer(815301076,1909f56bfc062723c751e8b465ee728b)  -> (artifact id: 'e1b3e7c8ccbf42471f0ebb626cde469f') in 0.162052 seconds
Number of updated asset objects reloaded before import = 0
Number of asset objects unloaded after import = 24
========================================================================
Received Import Request.
  Time since last request: 1277.600805 seconds.
  path: Assets/Mini First Person Controller
  artifactKey: Guid(c2fd8fa3eb7631944a43127d6de2f7cd) Importer(815301076,1909f56bfc062723c751e8b465ee728b)
Start importing Assets/Mini First Person Controller using Guid(c2fd8fa3eb7631944a43127d6de2f7cd) Importer(815301076,1909f56bfc062723c751e8b465ee728b)  -> (artifact id: '60848548002bce9e719d7d82d74e8786') in 0.002350 seconds
Number of updated asset objects reloaded before import = 0
Number of asset objects unloaded after import = 0
========================================================================
Received Import Request.
  Time since last request: 0.075477 seconds.
  path: Assets/Mini First Person Controller/First Person Controller.prefab
  artifactKey: Guid(11aaea5348574644a9eb4f4504fcce3f) Importer(815301076,1909f56bfc062723c751e8b465ee728b)
Start importing Assets/Mini First Person Controller/First Person Controller.prefab using Guid(11aaea5348574644a9eb4f4504fcce3f) Importer(815301076,1909f56bfc062723c751e8b465ee728b)  -> (artifact id: '18c0ed2777461149936e510fa1bc03d0') in 0.449036 seconds
Number of updated asset objects reloaded before import = 0
Number of asset objects unloaded after import = 62
========================================================================
Received Import Request.
  Time since last request: 66.986827 seconds.
  path: Assets/Prefabs/FP Player.prefab
  artifactKey: Guid(5c2d0c37d31604041aba6310b5978e5b) Importer(815301076,1909f56bfc062723c751e8b465ee728b)
Start importing Assets/Prefabs/FP Player.prefab using Guid(5c2d0c37d31604041aba6310b5978e5b) Importer(815301076,1909f56bfc062723c751e8b465ee728b)  -> (artifact id: '13e35285ab46ebce3ca09cdee2a356e8') in 0.273380 seconds
Number of updated asset objects reloaded before import = 0
Number of asset objects unloaded after import = 57
========================================================================
Received Import Request.
  Time since last request: 4.296745 seconds.
  path: Assets/Scenes/Game.unity
  artifactKey: Guid(c1ddc10fb14064f4bbcc0028d92cc348) Importer(815301076,1909f56bfc062723c751e8b465ee728b)
Start importing Assets/Scenes/Game.unity using Guid(c1ddc10fb14064f4bbcc0028d92cc348) Importer(815301076,1909f56bfc062723c751e8b465ee728b)  -> (artifact id: 'ad91c7f4e1ee6302266d69f2e5ad0133') in 0.002277 seconds
Number of updated asset objects reloaded before import = 0
Number of asset objects unloaded after import = 0
========================================================================
Received Prepare
Begin MonoManager ReloadAssembly
- Loaded All Assemblies, in 13.101 seconds
Refreshing native plugins compatible for Editor in 100.31 ms, found 3 plugins.
Native extension for WindowsStandalone target not found
[Package Manager] Server::EnsureServerProcessIsRunning -- launch failed, reason: Unity was launched with the -noUpm command-line argument
[Package Manager] UpmClient::Send -- Unable to send message (not connected to UPM process).
[Package Manager] Cannot connect to Unity Package Manager local server
Mono: successfully reloaded assembly
- Finished resetting the current domain, in 24.028 seconds
Domain Reload Profiling: 37126ms
	BeginReloadAssembly (194ms)
		ExecutionOrderSort (0ms)
		DisableScriptedObjects (5ms)
		BackupInstance (0ms)
		ReleaseScriptingObjects (0ms)
		CreateAndSetChildDomain (30ms)
	RebuildCommonClasses (39ms)
	RebuildNativeTypeToScriptingClass (11ms)
	initialDomainReloadingComplete (91ms)
	LoadAllAssembliesAndSetupDomain (12762ms)
		LoadAssemblies (12832ms)
		RebuildTransferFunctionScriptingTraits (0ms)
		AnalyzeDomain (11ms)
			TypeCache.Refresh (5ms)
				TypeCache.ScanAssembly (0ms)
			ScanForSourceGeneratedMonoScriptInfo (0ms)
			ResolveRequiredComponents (4ms)
	FinalizeReload (24029ms)
		ReleaseScriptCaches (0ms)
		RebuildScriptCaches (0ms)
		SetupLoadedEditorAssemblies (450ms)
			LogAssemblyErrors (0ms)
			InitializePlatformSupportModulesInManaged (6ms)
			SetLoadedEditorAssemblies (4ms)
			RefreshPlugins (0ms)
			BeforeProcessingInitializeOnLoad (76ms)
			ProcessInitializeOnLoadAttributes (338ms)
			ProcessInitializeOnLoadMethodAttributes (19ms)
			AfterProcessingInitializeOnLoad (6ms)
			EditorAssembliesLoaded (0ms)
		ExecutionOrderSort2 (0ms)
		AwakeInstancesAfterBackupRestoration (6ms)
Refreshing native plugins compatible for Editor in 226.84 ms, found 3 plugins.
Preloading 0 native plugins for Editor in 0.00 ms.
Unloading 3128 Unused Serialized files (Serialized files now loaded: 0)
Unloading 22 unused Assets / (30.2 KB). Loaded Objects now: 3618.
Memory consumption went from 133.1 MB to 133.1 MB.
Total: 2.596100 ms (FindLiveObjects: 0.250000 ms CreateObjectMapping: 0.211200 ms MarkObjects: 2.104900 ms  DeleteObjects: 0.029600 ms)

Prepare: number of updated asset objects reloaded= 0
AssetImportParameters requested are different than current active one (requested -> active):
  custom:container-demuxer-ogg: 62fdf1f143b41e24485cea50d1cbac27 -> 
  custom:video-decoder-ogg-theora: a1e56fd34408186e4bbccfd4996cb3dc -> 
  custom:framework-win-MediaFoundation: 216162199b28c13a410421893ffa2e32 -> 
  custom:CustomObjectIndexerAttribute: 6d391050e5a25f67b0a2c618074f2cd9 -> 
  custom:container-demuxer-webm: 4f35f7cbe854078d1ac9338744f61a02 -> 
  custom:container-muxer-webm: aa71ff27fc2769a1b78a27578f13a17b -> 
  custom:video-decoder-webm-vp8: 9c59270c3fd7afecdb556c50c9e8de78 -> 
  custom:SearchIndexIgnoredProperties: e643bd26f0fe6173181afceb89e7c659 -> 
  custom:AudioImporter_EditorPlatform: d09bf68614088b80899f8185d706f6e7 -> 
  custom:video-encoder-webm-vp8: eb34c28f22e8b96e1ab97ce403110664 -> 
  custom:audio-decoder-ogg-vorbis: bf7c407c2cedff20999df2af8eb42d56 -> 
  custom:audio-encoder-webm-vorbis: bf7c407c2cedff20999df2af8eb42d56 -> 
========================================================================
Received Prepare
Begin MonoManager ReloadAssembly
- Loaded All Assemblies, in 14.084 seconds
Refreshing native plugins compatible for Editor in 94.31 ms, found 3 plugins.
Native extension for WindowsStandalone target not found
[Package Manager] Server::EnsureServerProcessIsRunning -- launch failed, reason: Unity was launched with the -noUpm command-line argument
[Package Manager] UpmClient::Send -- Unable to send message (not connected to UPM process).
[Package Manager] Cannot connect to Unity Package Manager local server
Mono: successfully reloaded assembly
- Finished resetting the current domain, in 24.711 seconds
Domain Reload Profiling: 38792ms
	BeginReloadAssembly (185ms)
		ExecutionOrderSort (0ms)
		DisableScriptedObjects (7ms)
		BackupInstance (0ms)
		ReleaseScriptingObjects (0ms)
		CreateAndSetChildDomain (28ms)
	RebuildCommonClasses (31ms)
	RebuildNativeTypeToScriptingClass (11ms)
	initialDomainReloadingComplete (86ms)
	LoadAllAssembliesAndSetupDomain (13767ms)
		LoadAssemblies (13831ms)
		RebuildTransferFunctionScriptingTraits (0ms)
		AnalyzeDomain (12ms)
			TypeCache.Refresh (6ms)
				TypeCache.ScanAssembly (0ms)
			ScanForSourceGeneratedMonoScriptInfo (0ms)
			ResolveRequiredComponents (5ms)
	FinalizeReload (24712ms)
		ReleaseScriptCaches (0ms)
		RebuildScriptCaches (0ms)
		SetupLoadedEditorAssemblies (456ms)
			LogAssemblyErrors (0ms)
			InitializePlatformSupportModulesInManaged (6ms)
			SetLoadedEditorAssemblies (4ms)
			RefreshPlugins (0ms)
			BeforeProcessingInitializeOnLoad (97ms)
			ProcessInitializeOnLoadAttributes (325ms)
			ProcessInitializeOnLoadMethodAttributes (18ms)
			AfterProcessingInitializeOnLoad (6ms)
			EditorAssembliesLoaded (0ms)
		ExecutionOrderSort2 (0ms)
		AwakeInstancesAfterBackupRestoration (6ms)
Refreshing native plugins compatible for Editor in 209.65 ms, found 3 plugins.
Preloading 0 native plugins for Editor in 0.00 ms.
Unloading 3128 Unused Serialized files (Serialized files now loaded: 0)
Unloading 22 unused Assets / (30.2 KB). Loaded Objects now: 3621.
Memory consumption went from 135.0 MB to 135.0 MB.
Total: 2.346700 ms (FindLiveObjects: 0.221500 ms CreateObjectMapping: 0.175900 ms MarkObjects: 1.922100 ms  DeleteObjects: 0.026900 ms)

Prepare: number of updated asset objects reloaded= 0
AssetImportParameters requested are different than current active one (requested -> active):
  custom:container-demuxer-ogg: 62fdf1f143b41e24485cea50d1cbac27 -> 
  custom:video-decoder-ogg-theora: a1e56fd34408186e4bbccfd4996cb3dc -> 
  custom:framework-win-MediaFoundation: 216162199b28c13a410421893ffa2e32 -> 
  custom:CustomObjectIndexerAttribute: 6d391050e5a25f67b0a2c618074f2cd9 -> 
  custom:container-demuxer-webm: 4f35f7cbe854078d1ac9338744f61a02 -> 
  custom:container-muxer-webm: aa71ff27fc2769a1b78a27578f13a17b -> 
  custom:video-decoder-webm-vp8: 9c59270c3fd7afecdb556c50c9e8de78 -> 
  custom:SearchIndexIgnoredProperties: e643bd26f0fe6173181afceb89e7c659 -> 
  custom:AudioImporter_EditorPlatform: d09bf68614088b80899f8185d706f6e7 -> 
  custom:video-encoder-webm-vp8: eb34c28f22e8b96e1ab97ce403110664 -> 
  custom:audio-decoder-ogg-vorbis: bf7c407c2cedff20999df2af8eb42d56 -> 
  custom:audio-encoder-webm-vorbis: bf7c407c2cedff20999df2af8eb42d56 -> 
========================================================================
Received Import Request.
  Time since last request: 282.071007 seconds.
  path: Assets/Scripts/DartThrower.cs
  artifactKey: Guid(46d49414bb45b5d48860c9e36ea095a4) Importer(815301076,1909f56bfc062723c751e8b465ee728b)
Start importing Assets/Scripts/DartThrower.cs using Guid(46d49414bb45b5d48860c9e36ea095a4) Importer(815301076,1909f56bfc062723c751e8b465ee728b)  -> (artifact id: '5969aa0a87249e0ec0a1319d7127c08e') in 0.003951 seconds
Number of updated asset objects reloaded before import = 0
Number of asset objects unloaded after import = 0
========================================================================
Received Prepare
Begin MonoManager ReloadAssembly
- Loaded All Assemblies, in 12.578 seconds
Refreshing native plugins compatible for Editor in 101.21 ms, found 3 plugins.
Native extension for WindowsStandalone target not found
[Package Manager] Server::EnsureServerProcessIsRunning -- launch failed, reason: Unity was launched with the -noUpm command-line argument
[Package Manager] UpmClient::Send -- Unable to send message (not connected to UPM process).
[Package Manager] Cannot connect to Unity Package Manager local server
Mono: successfully reloaded assembly
- Finished resetting the current domain, in 23.698 seconds
Domain Reload Profiling: 36273ms
	BeginReloadAssembly (167ms)
		ExecutionOrderSort (0ms)
		DisableScriptedObjects (5ms)
		BackupInstance (0ms)
		ReleaseScriptingObjects (0ms)
		CreateAndSetChildDomain (26ms)
	RebuildCommonClasses (27ms)
	RebuildNativeTypeToScriptingClass (10ms)
	initialDomainReloadingComplete (82ms)
	LoadAllAssembliesAndSetupDomain (12288ms)
		LoadAssemblies (12340ms)
		RebuildTransferFunctionScriptingTraits (0ms)
		AnalyzeDomain (20ms)
			TypeCache.Refresh (9ms)
				TypeCache.ScanAssembly (0ms)
			ScanForSourceGeneratedMonoScriptInfo (6ms)
			ResolveRequiredComponents (4ms)
	FinalizeReload (23699ms)
		ReleaseScriptCaches (0ms)
		RebuildScriptCaches (0ms)
		SetupLoadedEditorAssemblies (439ms)
			LogAssemblyErrors (0ms)
			InitializePlatformSupportModulesInManaged (5ms)
			SetLoadedEditorAssemblies (4ms)
			RefreshPlugins (0ms)
			BeforeProcessingInitializeOnLoad (76ms)
			ProcessInitializeOnLoadAttributes (327ms)
			ProcessInitializeOnLoadMethodAttributes (19ms)
			AfterProcessingInitializeOnLoad (7ms)
			EditorAssembliesLoaded (0ms)
		ExecutionOrderSort2 (0ms)
		AwakeInstancesAfterBackupRestoration (8ms)
Refreshing native plugins compatible for Editor in 226.38 ms, found 3 plugins.
Preloading 0 native plugins for Editor in 0.00 ms.
Unloading 3128 Unused Serialized files (Serialized files now loaded: 0)
Unloading 22 unused Assets / (30.2 KB). Loaded Objects now: 3624.
Memory consumption went from 137.0 MB to 137.0 MB.
Total: 2.460900 ms (FindLiveObjects: 0.252100 ms CreateObjectMapping: 0.210900 ms MarkObjects: 1.967200 ms  DeleteObjects: 0.030200 ms)

Prepare: number of updated asset objects reloaded= 0
AssetImportParameters requested are different than current active one (requested -> active):
  custom:container-demuxer-ogg: 62fdf1f143b41e24485cea50d1cbac27 -> 
  custom:video-decoder-ogg-theora: a1e56fd34408186e4bbccfd4996cb3dc -> 
  custom:framework-win-MediaFoundation: 216162199b28c13a410421893ffa2e32 -> 
  custom:CustomObjectIndexerAttribute: 6d391050e5a25f67b0a2c618074f2cd9 -> 
  custom:container-demuxer-webm: 4f35f7cbe854078d1ac9338744f61a02 -> 
  custom:container-muxer-webm: aa71ff27fc2769a1b78a27578f13a17b -> 
  custom:video-decoder-webm-vp8: 9c59270c3fd7afecdb556c50c9e8de78 -> 
  custom:SearchIndexIgnoredProperties: e643bd26f0fe6173181afceb89e7c659 -> 
  custom:AudioImporter_EditorPlatform: d09bf68614088b80899f8185d706f6e7 -> 
  custom:video-encoder-webm-vp8: eb34c28f22e8b96e1ab97ce403110664 -> 
  custom:audio-decoder-ogg-vorbis: bf7c407c2cedff20999df2af8eb42d56 -> 
  custom:audio-encoder-webm-vorbis: bf7c407c2cedff20999df2af8eb42d56 -> 
========================================================================
Received Prepare
Begin MonoManager ReloadAssembly
- Loaded All Assemblies, in 12.890 seconds
Refreshing native plugins compatible for Editor in 84.52 ms, found 3 plugins.
Native extension for WindowsStandalone target not found
[Package Manager] Server::EnsureServerProcessIsRunning -- launch failed, reason: Unity was launched with the -noUpm command-line argument
[Package Manager] UpmClient::Send -- Unable to send message (not connected to UPM process).
[Package Manager] Cannot connect to Unity Package Manager local server
Mono: successfully reloaded assembly
- Finished resetting the current domain, in 21.855 seconds
Domain Reload Profiling: 34743ms
	BeginReloadAssembly (192ms)
		ExecutionOrderSort (0ms)
		DisableScriptedObjects (5ms)
		BackupInstance (0ms)
		ReleaseScriptingObjects (0ms)
		CreateAndSetChildDomain (28ms)
	RebuildCommonClasses (28ms)
	RebuildNativeTypeToScriptingClass (10ms)
	initialDomainReloadingComplete (85ms)
	LoadAllAssembliesAndSetupDomain (12572ms)
		LoadAssemblies (12633ms)
		RebuildTransferFunctionScriptingTraits (0ms)
		AnalyzeDomain (12ms)
			TypeCache.Refresh (6ms)
				TypeCache.ScanAssembly (0ms)
			ScanForSourceGeneratedMonoScriptInfo (0ms)
			ResolveRequiredComponents (4ms)
	FinalizeReload (21856ms)
		ReleaseScriptCaches (0ms)
		RebuildScriptCaches (0ms)
		SetupLoadedEditorAssemblies (456ms)
			LogAssemblyErrors (0ms)
			InitializePlatformSupportModulesInManaged (6ms)
			SetLoadedEditorAssemblies (4ms)
			RefreshPlugins (0ms)
			BeforeProcessingInitializeOnLoad (76ms)
			ProcessInitializeOnLoadAttributes (346ms)
			ProcessInitializeOnLoadMethodAttributes (18ms)
			AfterProcessingInitializeOnLoad (6ms)
			EditorAssembliesLoaded (0ms)
		ExecutionOrderSort2 (0ms)
		AwakeInstancesAfterBackupRestoration (6ms)
Refreshing native plugins compatible for Editor in 216.76 ms, found 3 plugins.
Preloading 0 native plugins for Editor in 0.00 ms.
Unloading 3128 Unused Serialized files (Serialized files now loaded: 0)
Unloading 22 unused Assets / (30.2 KB). Loaded Objects now: 3627.
Memory consumption went from 138.9 MB to 138.9 MB.
Total: 2.354400 ms (FindLiveObjects: 0.212800 ms CreateObjectMapping: 0.136500 ms MarkObjects: 1.975200 ms  DeleteObjects: 0.029600 ms)

Prepare: number of updated asset objects reloaded= 0
AssetImportParameters requested are different than current active one (requested -> active):
  custom:container-demuxer-ogg: 62fdf1f143b41e24485cea50d1cbac27 -> 
  custom:video-decoder-ogg-theora: a1e56fd34408186e4bbccfd4996cb3dc -> 
  custom:framework-win-MediaFoundation: 216162199b28c13a410421893ffa2e32 -> 
  custom:CustomObjectIndexerAttribute: 6d391050e5a25f67b0a2c618074f2cd9 -> 
  custom:container-demuxer-webm: 4f35f7cbe854078d1ac9338744f61a02 -> 
  custom:container-muxer-webm: aa71ff27fc2769a1b78a27578f13a17b -> 
  custom:video-decoder-webm-vp8: 9c59270c3fd7afecdb556c50c9e8de78 -> 
  custom:SearchIndexIgnoredProperties: e643bd26f0fe6173181afceb89e7c659 -> 
  custom:AudioImporter_EditorPlatform: d09bf68614088b80899f8185d706f6e7 -> 
  custom:video-encoder-webm-vp8: eb34c28f22e8b96e1ab97ce403110664 -> 
  custom:audio-decoder-ogg-vorbis: bf7c407c2cedff20999df2af8eb42d56 -> 
  custom:audio-encoder-webm-vorbis: bf7c407c2cedff20999df2af8eb42d56 -> 
========================================================================
Received Prepare
Begin MonoManager ReloadAssembly
- Loaded All Assemblies, in 12.303 seconds
Refreshing native plugins compatible for Editor in 93.82 ms, found 3 plugins.
Native extension for WindowsStandalone target not found
[Package Manager] Server::EnsureServerProcessIsRunning -- launch failed, reason: Unity was launched with the -noUpm command-line argument
[Package Manager] UpmClient::Send -- Unable to send message (not connected to UPM process).
[Package Manager] Cannot connect to Unity Package Manager local server
Mono: successfully reloaded assembly
- Finished resetting the current domain, in 22.850 seconds
Domain Reload Profiling: 35149ms
	BeginReloadAssembly (163ms)
		ExecutionOrderSort (0ms)
		DisableScriptedObjects (5ms)
		BackupInstance (0ms)
		ReleaseScriptingObjects (0ms)
		CreateAndSetChildDomain (27ms)
	RebuildCommonClasses (28ms)
	RebuildNativeTypeToScriptingClass (10ms)
	initialDomainReloadingComplete (82ms)
	LoadAllAssembliesAndSetupDomain (12016ms)
		LoadAssemblies (12063ms)
		RebuildTransferFunctionScriptingTraits (0ms)
		AnalyzeDomain (22ms)
			TypeCache.Refresh (8ms)
				TypeCache.ScanAssembly (0ms)
			ScanForSourceGeneratedMonoScriptInfo (7ms)
			ResolveRequiredComponents (6ms)
	FinalizeReload (22850ms)
		ReleaseScriptCaches (0ms)
		RebuildScriptCaches (0ms)
		SetupLoadedEditorAssemblies (441ms)
			LogAssemblyErrors (0ms)
			InitializePlatformSupportModulesInManaged (5ms)
			SetLoadedEditorAssemblies (4ms)
			RefreshPlugins (0ms)
			BeforeProcessingInitializeOnLoad (75ms)
			ProcessInitializeOnLoadAttributes (332ms)
			ProcessInitializeOnLoadMethodAttributes (18ms)
			AfterProcessingInitializeOnLoad (7ms)
			EditorAssembliesLoaded (0ms)
		ExecutionOrderSort2 (0ms)
		AwakeInstancesAfterBackupRestoration (8ms)
Refreshing native plugins compatible for Editor in 217.50 ms, found 3 plugins.
Preloading 0 native plugins for Editor in 0.00 ms.
Unloading 3128 Unused Serialized files (Serialized files now loaded: 0)
Unloading 22 unused Assets / (30.3 KB). Loaded Objects now: 3630.
Memory consumption went from 140.8 MB to 140.8 MB.
Total: 2.742200 ms (FindLiveObjects: 0.241100 ms CreateObjectMapping: 0.193800 ms MarkObjects: 2.274800 ms  DeleteObjects: 0.032000 ms)

Prepare: number of updated asset objects reloaded= 0
AssetImportParameters requested are different than current active one (requested -> active):
  custom:container-demuxer-ogg: 62fdf1f143b41e24485cea50d1cbac27 -> 
  custom:video-decoder-ogg-theora: a1e56fd34408186e4bbccfd4996cb3dc -> 
  custom:framework-win-MediaFoundation: 216162199b28c13a410421893ffa2e32 -> 
  custom:CustomObjectIndexerAttribute: 6d391050e5a25f67b0a2c618074f2cd9 -> 
  custom:container-demuxer-webm: 4f35f7cbe854078d1ac9338744f61a02 -> 
  custom:container-muxer-webm: aa71ff27fc2769a1b78a27578f13a17b -> 
  custom:video-decoder-webm-vp8: 9c59270c3fd7afecdb556c50c9e8de78 -> 
  custom:SearchIndexIgnoredProperties: e643bd26f0fe6173181afceb89e7c659 -> 
  custom:AudioImporter_EditorPlatform: d09bf68614088b80899f8185d706f6e7 -> 
  custom:video-encoder-webm-vp8: eb34c28f22e8b96e1ab97ce403110664 -> 
  custom:audio-decoder-ogg-vorbis: bf7c407c2cedff20999df2af8eb42d56 -> 
  custom:audio-encoder-webm-vorbis: bf7c407c2cedff20999df2af8eb42d56 -> 
========================================================================
Received Prepare
Begin MonoManager ReloadAssembly
- Loaded All Assemblies, in 13.164 seconds
Refreshing native plugins compatible for Editor in 96.57 ms, found 3 plugins.
Native extension for WindowsStandalone target not found
[Package Manager] Server::EnsureServerProcessIsRunning -- launch failed, reason: Unity was launched with the -noUpm command-line argument
[Package Manager] UpmClient::Send -- Unable to send message (not connected to UPM process).
[Package Manager] Cannot connect to Unity Package Manager local server
Mono: successfully reloaded assembly
- Finished resetting the current domain, in 21.744 seconds
Domain Reload Profiling: 34904ms
	BeginReloadAssembly (185ms)
		ExecutionOrderSort (0ms)
		DisableScriptedObjects (6ms)
		BackupInstance (0ms)
		ReleaseScriptingObjects (0ms)
		CreateAndSetChildDomain (28ms)
	RebuildCommonClasses (31ms)
	RebuildNativeTypeToScriptingClass (11ms)
	initialDomainReloadingComplete (94ms)
	LoadAllAssembliesAndSetupDomain (12838ms)
		LoadAssemblies (12907ms)
		RebuildTransferFunctionScriptingTraits (0ms)
		AnalyzeDomain (11ms)
			TypeCache.Refresh (5ms)
				TypeCache.ScanAssembly (0ms)
			ScanForSourceGeneratedMonoScriptInfo (0ms)
			ResolveRequiredComponents (5ms)
	FinalizeReload (21745ms)
		ReleaseScriptCaches (0ms)
		RebuildScriptCaches (0ms)
		SetupLoadedEditorAssemblies (430ms)
			LogAssemblyErrors (0ms)
			InitializePlatformSupportModulesInManaged (6ms)
			SetLoadedEditorAssemblies (4ms)
			RefreshPlugins (0ms)
			BeforeProcessingInitializeOnLoad (75ms)
			ProcessInitializeOnLoadAttributes (321ms)
			ProcessInitializeOnLoadMethodAttributes (18ms)
			AfterProcessingInitializeOnLoad (6ms)
			EditorAssembliesLoaded (0ms)
		ExecutionOrderSort2 (0ms)
		AwakeInstancesAfterBackupRestoration (6ms)
Refreshing native plugins compatible for Editor in 139.94 ms, found 3 plugins.
Preloading 0 native plugins for Editor in 0.00 ms.
Unloading 3128 Unused Serialized files (Serialized files now loaded: 0)
Unloading 22 unused Assets / (30.2 KB). Loaded Objects now: 3633.
Memory consumption went from 142.7 MB to 142.7 MB.
Total: 2.457600 ms (FindLiveObjects: 0.250400 ms CreateObjectMapping: 0.206700 ms MarkObjects: 1.958700 ms  DeleteObjects: 0.041100 ms)

Prepare: number of updated asset objects reloaded= 0
AssetImportParameters requested are different than current active one (requested -> active):
  custom:container-demuxer-ogg: 62fdf1f143b41e24485cea50d1cbac27 -> 
  custom:video-decoder-ogg-theora: a1e56fd34408186e4bbccfd4996cb3dc -> 
  custom:framework-win-MediaFoundation: 216162199b28c13a410421893ffa2e32 -> 
  custom:CustomObjectIndexerAttribute: 6d391050e5a25f67b0a2c618074f2cd9 -> 
  custom:container-demuxer-webm: 4f35f7cbe854078d1ac9338744f61a02 -> 
  custom:container-muxer-webm: aa71ff27fc2769a1b78a27578f13a17b -> 
  custom:video-decoder-webm-vp8: 9c59270c3fd7afecdb556c50c9e8de78 -> 
  custom:SearchIndexIgnoredProperties: e643bd26f0fe6173181afceb89e7c659 -> 
  custom:AudioImporter_EditorPlatform: d09bf68614088b80899f8185d706f6e7 -> 
  custom:video-encoder-webm-vp8: eb34c28f22e8b96e1ab97ce403110664 -> 
  custom:audio-decoder-ogg-vorbis: bf7c407c2cedff20999df2af8eb42d56 -> 
  custom:audio-encoder-webm-vorbis: bf7c407c2cedff20999df2af8eb42d56 -> 
========================================================================
Received Prepare
Begin MonoManager ReloadAssembly
- Loaded All Assemblies, in 12.983 seconds
Refreshing native plugins compatible for Editor in 85.11 ms, found 3 plugins.
Native extension for WindowsStandalone target not found
[Package Manager] Server::EnsureServerProcessIsRunning -- launch failed, reason: Unity was launched with the -noUpm command-line argument
[Package Manager] UpmClient::Send -- Unable to send message (not connected to UPM process).
[Package Manager] Cannot connect to Unity Package Manager local server
Mono: successfully reloaded assembly
- Finished resetting the current domain, in 22.775 seconds
Domain Reload Profiling: 35754ms
	BeginReloadAssembly (179ms)
		ExecutionOrderSort (0ms)
		DisableScriptedObjects (6ms)
		BackupInstance (0ms)
		ReleaseScriptingObjects (0ms)
		CreateAndSetChildDomain (27ms)
	RebuildCommonClasses (31ms)
	RebuildNativeTypeToScriptingClass (10ms)
	initialDomainReloadingComplete (84ms)
	LoadAllAssembliesAndSetupDomain (12674ms)
		LoadAssemblies (12738ms)
		RebuildTransferFunctionScriptingTraits (0ms)
		AnalyzeDomain (12ms)
			TypeCache.Refresh (6ms)
				TypeCache.ScanAssembly (0ms)
			ScanForSourceGeneratedMonoScriptInfo (0ms)
			ResolveRequiredComponents (4ms)
	FinalizeReload (22776ms)
		ReleaseScriptCaches (0ms)
		RebuildScriptCaches (0ms)
		SetupLoadedEditorAssemblies (464ms)
			LogAssemblyErrors (0ms)
			InitializePlatformSupportModulesInManaged (6ms)
			SetLoadedEditorAssemblies (4ms)
			RefreshPlugins (0ms)
			BeforeProcessingInitializeOnLoad (78ms)
			ProcessInitializeOnLoadAttributes (349ms)
			ProcessInitializeOnLoadMethodAttributes (20ms)
			AfterProcessingInitializeOnLoad (7ms)
			EditorAssembliesLoaded (0ms)
		ExecutionOrderSort2 (0ms)
		AwakeInstancesAfterBackupRestoration (7ms)
Refreshing native plugins compatible for Editor in 208.23 ms, found 3 plugins.
Preloading 0 native plugins for Editor in 0.00 ms.
Unloading 3128 Unused Serialized files (Serialized files now loaded: 0)
Unloading 22 unused Assets / (30.2 KB). Loaded Objects now: 3636.
Memory consumption went from 144.7 MB to 144.6 MB.
Total: 2.781500 ms (FindLiveObjects: 0.299100 ms CreateObjectMapping: 0.230400 ms MarkObjects: 2.218700 ms  DeleteObjects: 0.032600 ms)

Prepare: number of updated asset objects reloaded= 0
AssetImportParameters requested are different than current active one (requested -> active):
  custom:container-demuxer-ogg: 62fdf1f143b41e24485cea50d1cbac27 -> 
  custom:video-decoder-ogg-theora: a1e56fd34408186e4bbccfd4996cb3dc -> 
  custom:framework-win-MediaFoundation: 216162199b28c13a410421893ffa2e32 -> 
  custom:CustomObjectIndexerAttribute: 6d391050e5a25f67b0a2c618074f2cd9 -> 
  custom:container-demuxer-webm: 4f35f7cbe854078d1ac9338744f61a02 -> 
  custom:container-muxer-webm: aa71ff27fc2769a1b78a27578f13a17b -> 
  custom:video-decoder-webm-vp8: 9c59270c3fd7afecdb556c50c9e8de78 -> 
  custom:SearchIndexIgnoredProperties: e643bd26f0fe6173181afceb89e7c659 -> 
  custom:AudioImporter_EditorPlatform: d09bf68614088b80899f8185d706f6e7 -> 
  custom:video-encoder-webm-vp8: eb34c28f22e8b96e1ab97ce403110664 -> 
  custom:audio-decoder-ogg-vorbis: bf7c407c2cedff20999df2af8eb42d56 -> 
  custom:audio-encoder-webm-vorbis: bf7c407c2cedff20999df2af8eb42d56 -> 
========================================================================
Received Prepare
Begin MonoManager ReloadAssembly
- Loaded All Assemblies, in 12.554 seconds
Refreshing native plugins compatible for Editor in 85.04 ms, found 3 plugins.
Native extension for WindowsStandalone target not found
[Package Manager] Server::EnsureServerProcessIsRunning -- launch failed, reason: Unity was launched with the -noUpm command-line argument
[Package Manager] UpmClient::Send -- Unable to send message (not connected to UPM process).
[Package Manager] Cannot connect to Unity Package Manager local server
Mono: successfully reloaded assembly
- Finished resetting the current domain, in 19.850 seconds
Domain Reload Profiling: 32401ms
	BeginReloadAssembly (167ms)
		ExecutionOrderSort (0ms)
		DisableScriptedObjects (5ms)
		BackupInstance (0ms)
		ReleaseScriptingObjects (0ms)
		CreateAndSetChildDomain (25ms)
	RebuildCommonClasses (28ms)
	RebuildNativeTypeToScriptingClass (10ms)
	initialDomainReloadingComplete (83ms)
	LoadAllAssembliesAndSetupDomain (12261ms)
		LoadAssemblies (12314ms)
		RebuildTransferFunctionScriptingTraits (0ms)
		AnalyzeDomain (19ms)
			TypeCache.Refresh (7ms)
				TypeCache.ScanAssembly (0ms)
			ScanForSourceGeneratedMonoScriptInfo (6ms)
			ResolveRequiredComponents (4ms)
	FinalizeReload (19851ms)
		ReleaseScriptCaches (0ms)
		RebuildScriptCaches (0ms)
		SetupLoadedEditorAssemblies (420ms)
			LogAssemblyErrors (0ms)
			InitializePlatformSupportModulesInManaged (5ms)
			SetLoadedEditorAssemblies (4ms)
			RefreshPlugins (0ms)
			BeforeProcessingInitializeOnLoad (74ms)
			ProcessInitializeOnLoadAttributes (314ms)
			ProcessInitializeOnLoadMethodAttributes (17ms)
			AfterProcessingInitializeOnLoad (6ms)
			EditorAssembliesLoaded (0ms)
		ExecutionOrderSort2 (0ms)
		AwakeInstancesAfterBackupRestoration (7ms)
Refreshing native plugins compatible for Editor in 192.77 ms, found 3 plugins.
Preloading 0 native plugins for Editor in 0.00 ms.
Unloading 3128 Unused Serialized files (Serialized files now loaded: 0)
Unloading 22 unused Assets / (30.2 KB). Loaded Objects now: 3639.
Memory consumption went from 146.6 MB to 146.5 MB.
Total: 2.424600 ms (FindLiveObjects: 0.227300 ms CreateObjectMapping: 0.167800 ms MarkObjects: 2.003900 ms  DeleteObjects: 0.025000 ms)

Prepare: number of updated asset objects reloaded= 0
AssetImportParameters requested are different than current active one (requested -> active):
  custom:container-demuxer-ogg: 62fdf1f143b41e24485cea50d1cbac27 -> 
  custom:video-decoder-ogg-theora: a1e56fd34408186e4bbccfd4996cb3dc -> 
  custom:framework-win-MediaFoundation: 216162199b28c13a410421893ffa2e32 -> 
  custom:CustomObjectIndexerAttribute: 6d391050e5a25f67b0a2c618074f2cd9 -> 
  custom:container-demuxer-webm: 4f35f7cbe854078d1ac9338744f61a02 -> 
  custom:container-muxer-webm: aa71ff27fc2769a1b78a27578f13a17b -> 
  custom:video-decoder-webm-vp8: 9c59270c3fd7afecdb556c50c9e8de78 -> 
  custom:SearchIndexIgnoredProperties: e643bd26f0fe6173181afceb89e7c659 -> 
  custom:AudioImporter_EditorPlatform: d09bf68614088b80899f8185d706f6e7 -> 
  custom:video-encoder-webm-vp8: eb34c28f22e8b96e1ab97ce403110664 -> 
  custom:audio-decoder-ogg-vorbis: bf7c407c2cedff20999df2af8eb42d56 -> 
  custom:audio-encoder-webm-vorbis: bf7c407c2cedff20999df2af8eb42d56 -> 
========================================================================
Received Prepare
Begin MonoManager ReloadAssembly
- Loaded All Assemblies, in 12.707 seconds
Refreshing native plugins compatible for Editor in 89.23 ms, found 3 plugins.
Native extension for WindowsStandalone target not found
[Package Manager] Server::EnsureServerProcessIsRunning -- launch failed, reason: Unity was launched with the -noUpm command-line argument
[Package Manager] UpmClient::Send -- Unable to send message (not connected to UPM process).
[Package Manager] Cannot connect to Unity Package Manager local server
Mono: successfully reloaded assembly
- Finished resetting the current domain, in 21.368 seconds
Domain Reload Profiling: 34072ms
	BeginReloadAssembly (176ms)
		ExecutionOrderSort (0ms)
		DisableScriptedObjects (5ms)
		BackupInstance (0ms)
		ReleaseScriptingObjects (0ms)
		CreateAndSetChildDomain (26ms)
	RebuildCommonClasses (31ms)
	RebuildNativeTypeToScriptingClass (11ms)
	initialDomainReloadingComplete (83ms)
	LoadAllAssembliesAndSetupDomain (12401ms)
		LoadAssemblies (12472ms)
		RebuildTransferFunctionScriptingTraits (0ms)
		AnalyzeDomain (11ms)
			TypeCache.Refresh (5ms)
				TypeCache.ScanAssembly (0ms)
			ScanForSourceGeneratedMonoScriptInfo (0ms)
			ResolveRequiredComponents (4ms)
	FinalizeReload (21369ms)
		ReleaseScriptCaches (0ms)
		RebuildScriptCaches (0ms)
		SetupLoadedEditorAssemblies (436ms)
			LogAssemblyErrors (0ms)
			InitializePlatformSupportModulesInManaged (6ms)
			SetLoadedEditorAssemblies (4ms)
			RefreshPlugins (0ms)
			BeforeProcessingInitializeOnLoad (77ms)
			ProcessInitializeOnLoadAttributes (324ms)
			ProcessInitializeOnLoadMethodAttributes (19ms)
			AfterProcessingInitializeOnLoad (6ms)
			EditorAssembliesLoaded (0ms)
		ExecutionOrderSort2 (0ms)
		AwakeInstancesAfterBackupRestoration (6ms)
Refreshing native plugins compatible for Editor in 198.87 ms, found 3 plugins.
Preloading 0 native plugins for Editor in 0.00 ms.
Unloading 3128 Unused Serialized files (Serialized files now loaded: 0)
Unloading 22 unused Assets / (30.2 KB). Loaded Objects now: 3642.
Memory consumption went from 148.5 MB to 148.5 MB.
Total: 2.546000 ms (FindLiveObjects: 0.228300 ms CreateObjectMapping: 0.165000 ms MarkObjects: 2.122100 ms  DeleteObjects: 0.029900 ms)

Prepare: number of updated asset objects reloaded= 0
AssetImportParameters requested are different than current active one (requested -> active):
  custom:container-demuxer-ogg: 62fdf1f143b41e24485cea50d1cbac27 -> 
  custom:video-decoder-ogg-theora: a1e56fd34408186e4bbccfd4996cb3dc -> 
  custom:framework-win-MediaFoundation: 216162199b28c13a410421893ffa2e32 -> 
  custom:CustomObjectIndexerAttribute: 6d391050e5a25f67b0a2c618074f2cd9 -> 
  custom:container-demuxer-webm: 4f35f7cbe854078d1ac9338744f61a02 -> 
  custom:container-muxer-webm: aa71ff27fc2769a1b78a27578f13a17b -> 
  custom:video-decoder-webm-vp8: 9c59270c3fd7afecdb556c50c9e8de78 -> 
  custom:SearchIndexIgnoredProperties: e643bd26f0fe6173181afceb89e7c659 -> 
  custom:AudioImporter_EditorPlatform: d09bf68614088b80899f8185d706f6e7 -> 
  custom:video-encoder-webm-vp8: eb34c28f22e8b96e1ab97ce403110664 -> 
  custom:audio-decoder-ogg-vorbis: bf7c407c2cedff20999df2af8eb42d56 -> 
  custom:audio-encoder-webm-vorbis: bf7c407c2cedff20999df2af8eb42d56 -> 
========================================================================
Received Prepare
Begin MonoManager ReloadAssembly
- Loaded All Assemblies, in 12.511 seconds
Refreshing native plugins compatible for Editor in 85.75 ms, found 3 plugins.
Native extension for WindowsStandalone target not found
[Package Manager] Server::EnsureServerProcessIsRunning -- launch failed, reason: Unity was launched with the -noUpm command-line argument
[Package Manager] UpmClient::Send -- Unable to send message (not connected to UPM process).
[Package Manager] Cannot connect to Unity Package Manager local server
Mono: successfully reloaded assembly
- Finished resetting the current domain, in 20.021 seconds
Domain Reload Profiling: 32528ms
	BeginReloadAssembly (185ms)
		ExecutionOrderSort (0ms)
		DisableScriptedObjects (5ms)
		BackupInstance (0ms)
		ReleaseScriptingObjects (0ms)
		CreateAndSetChildDomain (29ms)
	RebuildCommonClasses (27ms)
	RebuildNativeTypeToScriptingClass (10ms)
	initialDomainReloadingComplete (85ms)
	LoadAllAssembliesAndSetupDomain (12199ms)
		LoadAssemblies (12261ms)
		RebuildTransferFunctionScriptingTraits (0ms)
		AnalyzeDomain (11ms)
			TypeCache.Refresh (5ms)
				TypeCache.ScanAssembly (0ms)
			ScanForSourceGeneratedMonoScriptInfo (0ms)
			ResolveRequiredComponents (4ms)
	FinalizeReload (20022ms)
		ReleaseScriptCaches (0ms)
		RebuildScriptCaches (0ms)
		SetupLoadedEditorAssemblies (430ms)
			LogAssemblyErrors (0ms)
			InitializePlatformSupportModulesInManaged (6ms)
			SetLoadedEditorAssemblies (4ms)
			RefreshPlugins (0ms)
			BeforeProcessingInitializeOnLoad (75ms)
			ProcessInitializeOnLoadAttributes (320ms)
			ProcessInitializeOnLoadMethodAttributes (18ms)
			AfterProcessingInitializeOnLoad (6ms)
			EditorAssembliesLoaded (0ms)
		ExecutionOrderSort2 (0ms)
		AwakeInstancesAfterBackupRestoration (6ms)
Refreshing native plugins compatible for Editor in 200.60 ms, found 3 plugins.
Preloading 0 native plugins for Editor in 0.00 ms.
Unloading 3128 Unused Serialized files (Serialized files now loaded: 0)
Unloading 22 unused Assets / (30.2 KB). Loaded Objects now: 3645.
Memory consumption went from 150.4 MB to 150.4 MB.
Total: 2.437800 ms (FindLiveObjects: 0.230600 ms CreateObjectMapping: 0.097900 ms MarkObjects: 2.080300 ms  DeleteObjects: 0.028500 ms)

Prepare: number of updated asset objects reloaded= 0
AssetImportParameters requested are different than current active one (requested -> active):
  custom:container-demuxer-ogg: 62fdf1f143b41e24485cea50d1cbac27 -> 
  custom:video-decoder-ogg-theora: a1e56fd34408186e4bbccfd4996cb3dc -> 
  custom:framework-win-MediaFoundation: 216162199b28c13a410421893ffa2e32 -> 
  custom:CustomObjectIndexerAttribute: 6d391050e5a25f67b0a2c618074f2cd9 -> 
  custom:container-demuxer-webm: 4f35f7cbe854078d1ac9338744f61a02 -> 
  custom:container-muxer-webm: aa71ff27fc2769a1b78a27578f13a17b -> 
  custom:video-decoder-webm-vp8: 9c59270c3fd7afecdb556c50c9e8de78 -> 
  custom:SearchIndexIgnoredProperties: e643bd26f0fe6173181afceb89e7c659 -> 
  custom:AudioImporter_EditorPlatform: d09bf68614088b80899f8185d706f6e7 -> 
  custom:video-encoder-webm-vp8: eb34c28f22e8b96e1ab97ce403110664 -> 
  custom:audio-decoder-ogg-vorbis: bf7c407c2cedff20999df2af8eb42d56 -> 
  custom:audio-encoder-webm-vorbis: bf7c407c2cedff20999df2af8eb42d56 -> 
