Using pre-set license
Built from '2022.3/staging' branch; Version is '2022.3.19f1 (244b723c30a6) revision 2378610'; Using compiler version '192829333'; Build Type 'Release'
OS: 'Windows 10  (10.0.19045) 64bit ProfessionalEducation' Language: 'fr' Physical Memory: 65268 MB
BatchMode: 1, IsHumanControllingUs: 0, StartBugReporterOnCrash: 0, Is64bit: 1, IsPro: 1

COMMAND LINE ARGUMENTS:
C:\Program Files\Unity\Editor\Unity.exe
-adb2
-batchMode
-noUpm
-name
AssetImportWorker1
-projectPath
Z:/WindowsRepos/VR_Project_test
-logFile
Logs/AssetImportWorker1.log
-srvPort
52100
Successfully changed project path to: Z:/WindowsRepos/VR_Project_test
Z:/WindowsRepos/VR_Project_test
[UnityMemory] Configuration Parameters - Can be set up in boot.config
    "memorysetup-bucket-allocator-granularity=16"
    "memorysetup-bucket-allocator-bucket-count=8"
    "memorysetup-bucket-allocator-block-size=33554432"
    "memorysetup-bucket-allocator-block-count=8"
    "memorysetup-main-allocator-block-size=16777216"
    "memorysetup-thread-allocator-block-size=16777216"
    "memorysetup-gfx-main-allocator-block-size=16777216"
    "memorysetup-gfx-thread-allocator-block-size=16777216"
    "memorysetup-cache-allocator-block-size=4194304"
    "memorysetup-typetree-allocator-block-size=2097152"
    "memorysetup-profiler-bucket-allocator-granularity=16"
    "memorysetup-profiler-bucket-allocator-bucket-count=8"
    "memorysetup-profiler-bucket-allocator-block-size=33554432"
    "memorysetup-profiler-bucket-allocator-block-count=8"
    "memorysetup-profiler-allocator-block-size=16777216"
    "memorysetup-profiler-editor-allocator-block-size=1048576"
    "memorysetup-temp-allocator-size-main=16777216"
    "memorysetup-job-temp-allocator-block-size=2097152"
    "memorysetup-job-temp-allocator-block-size-background=1048576"
    "memorysetup-job-temp-allocator-reduction-small-platforms=262144"
    "memorysetup-allocator-temp-initial-block-size-main=262144"
    "memorysetup-allocator-temp-initial-block-size-worker=262144"
    "memorysetup-temp-allocator-size-background-worker=32768"
    "memorysetup-temp-allocator-size-job-worker=262144"
    "memorysetup-temp-allocator-size-preload-manager=33554432"
    "memorysetup-temp-allocator-size-nav-mesh-worker=65536"
    "memorysetup-temp-allocator-size-audio-worker=65536"
    "memorysetup-temp-allocator-size-cloud-worker=32768"
    "memorysetup-temp-allocator-size-gi-baking-worker=262144"
    "memorysetup-temp-allocator-size-gfx=262144"
Player connection [11760] Host "[IP] 10.0.201.10 [Port] 0 [Flags] 2 [Guid] 1356454389 [EditorId] 1356454389 [Version] 1048832 [Id] WindowsEditor(7,gardenal) [Debug] 1 [PackageName] WindowsEditor [ProjectName] Editor" joined multi-casting on [225.0.0.222:54997]...

Player connection [11760] Host "[IP] 10.0.201.10 [Port] 0 [Flags] 2 [Guid] 1356454389 [EditorId] 1356454389 [Version] 1048832 [Id] WindowsEditor(7,gardenal) [Debug] 1 [PackageName] WindowsEditor [ProjectName] Editor" joined alternative multi-casting on [225.0.0.222:34997]...

[Physics::Module] Initialized MultithreadedJobDispatcher with 19 workers.
Refreshing native plugins compatible for Editor in 2601.23 ms, found 3 plugins.
Preloading 0 native plugins for Editor in 0.00 ms.
Initialize engine version: 2022.3.19f1 (244b723c30a6)
[Subsystems] Discovering subsystems at path C:/Program Files/Unity/Editor/Data/Resources/UnitySubsystems
[Subsystems] Discovering subsystems at path Z:/WindowsRepos/VR_Project_test/Assets
GfxDevice: creating device client; threaded=0; jobified=0
Direct3D:
    Version:  Direct3D 11.0 [level 11.1]
    Renderer: NVIDIA GeForce RTX 3060 (ID=0x2504)
    Vendor:   NVIDIA
    VRAM:     12115 MB
    Driver:   32.0.15.6614
Initialize mono
Mono path[0] = 'C:/Program Files/Unity/Editor/Data/Managed'
Mono path[1] = 'C:/Program Files/Unity/Editor/Data/MonoBleedingEdge/lib/mono/unityjit-win32'
Mono config path = 'C:/Program Files/Unity/Editor/Data/MonoBleedingEdge/etc'
Using monoOptions --debugger-agent=transport=dt_socket,embedding=1,server=y,suspend=n,address=127.0.0.1:56632
Begin MonoManager ReloadAssembly
Registering precompiled unity dll's ...
Register platform support module: C:/Program Files/Unity/Editor/Data/PlaybackEngines/WindowsStandaloneSupport/UnityEditor.WindowsStandalone.Extensions.dll
Registered in 0.012515 seconds.
- Loaded All Assemblies, in  0.310 seconds
Native extension for WindowsStandalone target not found
Mono: successfully reloaded assembly
- Finished resetting the current domain, in  0.252 seconds
Domain Reload Profiling: 561ms
	BeginReloadAssembly (95ms)
		ExecutionOrderSort (0ms)
		DisableScriptedObjects (0ms)
		BackupInstance (0ms)
		ReleaseScriptingObjects (0ms)
		CreateAndSetChildDomain (1ms)
	RebuildCommonClasses (29ms)
	RebuildNativeTypeToScriptingClass (9ms)
	initialDomainReloadingComplete (55ms)
	LoadAllAssembliesAndSetupDomain (120ms)
		LoadAssemblies (93ms)
		RebuildTransferFunctionScriptingTraits (0ms)
		AnalyzeDomain (119ms)
			TypeCache.Refresh (118ms)
				TypeCache.ScanAssembly (106ms)
			ScanForSourceGeneratedMonoScriptInfo (0ms)
			ResolveRequiredComponents (0ms)
	FinalizeReload (253ms)
		ReleaseScriptCaches (0ms)
		RebuildScriptCaches (0ms)
		SetupLoadedEditorAssemblies (200ms)
			LogAssemblyErrors (0ms)
			InitializePlatformSupportModulesInManaged (8ms)
			SetLoadedEditorAssemblies (7ms)
			RefreshPlugins (0ms)
			BeforeProcessingInitializeOnLoad (2ms)
			ProcessInitializeOnLoadAttributes (131ms)
			ProcessInitializeOnLoadMethodAttributes (52ms)
			AfterProcessingInitializeOnLoad (0ms)
			EditorAssembliesLoaded (0ms)
		ExecutionOrderSort2 (0ms)
		AwakeInstancesAfterBackupRestoration (0ms)
========================================================================
Worker process is ready to serve import requests
Begin MonoManager ReloadAssembly
- Loaded All Assemblies, in 12.759 seconds
Refreshing native plugins compatible for Editor in 125.01 ms, found 3 plugins.
Native extension for WindowsStandalone target not found
Package Manager log level set to [2]
[Package Manager] Server::EnsureServerProcessIsRunning -- launch failed, reason: Unity was launched with the -noUpm command-line argument
[Package Manager] UpmClient::Send -- Unable to send message (not connected to UPM process).
[Package Manager] Cannot connect to Unity Package Manager local server
Mono: successfully reloaded assembly
- Finished resetting the current domain, in  0.622 seconds
Domain Reload Profiling: 13347ms
	BeginReloadAssembly (132ms)
		ExecutionOrderSort (0ms)
		DisableScriptedObjects (5ms)
		BackupInstance (0ms)
		ReleaseScriptingObjects (0ms)
		CreateAndSetChildDomain (18ms)
	RebuildCommonClasses (40ms)
	RebuildNativeTypeToScriptingClass (10ms)
	initialDomainReloadingComplete (168ms)
	LoadAllAssembliesAndSetupDomain (12375ms)
		LoadAssemblies (12295ms)
		RebuildTransferFunctionScriptingTraits (0ms)
		AnalyzeDomain (158ms)
			TypeCache.Refresh (139ms)
				TypeCache.ScanAssembly (125ms)
			ScanForSourceGeneratedMonoScriptInfo (13ms)
			ResolveRequiredComponents (4ms)
	FinalizeReload (623ms)
		ReleaseScriptCaches (0ms)
		RebuildScriptCaches (0ms)
		SetupLoadedEditorAssemblies (486ms)
			LogAssemblyErrors (0ms)
			InitializePlatformSupportModulesInManaged (5ms)
			SetLoadedEditorAssemblies (4ms)
			RefreshPlugins (0ms)
			BeforeProcessingInitializeOnLoad (75ms)
			ProcessInitializeOnLoadAttributes (376ms)
			ProcessInitializeOnLoadMethodAttributes (19ms)
			AfterProcessingInitializeOnLoad (6ms)
			EditorAssembliesLoaded (0ms)
		ExecutionOrderSort2 (0ms)
		AwakeInstancesAfterBackupRestoration (6ms)
Launched and connected shader compiler UnityShaderCompiler.exe after 0.03 seconds
Refreshing native plugins compatible for Editor in 102.47 ms, found 3 plugins.
Preloading 0 native plugins for Editor in 0.00 ms.
Unloading 3136 Unused Serialized files (Serialized files now loaded: 0)
Unloading 32 unused Assets / (57.0 KB). Loaded Objects now: 3597.
Memory consumption went from 124.0 MB to 123.9 MB.
Total: 2.742800 ms (FindLiveObjects: 0.215500 ms CreateObjectMapping: 0.175400 ms MarkObjects: 2.293100 ms  DeleteObjects: 0.058300 ms)

AssetImportParameters requested are different than current active one (requested -> active):
  custom:container-demuxer-ogg: 62fdf1f143b41e24485cea50d1cbac27 -> 
  custom:video-decoder-ogg-theora: a1e56fd34408186e4bbccfd4996cb3dc -> 
  custom:framework-win-MediaFoundation: 216162199b28c13a410421893ffa2e32 -> 
  custom:CustomObjectIndexerAttribute: 6d391050e5a25f67b0a2c618074f2cd9 -> 
  custom:container-demuxer-webm: 4f35f7cbe854078d1ac9338744f61a02 -> 
  custom:container-muxer-webm: aa71ff27fc2769a1b78a27578f13a17b -> 
  custom:video-decoder-webm-vp8: 9c59270c3fd7afecdb556c50c9e8de78 -> 
  custom:SearchIndexIgnoredProperties: e643bd26f0fe6173181afceb89e7c659 -> 
  custom:AudioImporter_EditorPlatform: d09bf68614088b80899f8185d706f6e7 -> 
  custom:video-encoder-webm-vp8: eb34c28f22e8b96e1ab97ce403110664 -> 
  custom:audio-decoder-ogg-vorbis: bf7c407c2cedff20999df2af8eb42d56 -> 
  custom:audio-encoder-webm-vorbis: bf7c407c2cedff20999df2af8eb42d56 -> 
========================================================================
Received Import Request.
  Time since last request: 4300.776635 seconds.
  path: Assets/Prefabs/Dartboard.prefab
  artifactKey: Guid(cd5de5e3a6fec39448f517eea82f56ee) Importer(815301076,1909f56bfc062723c751e8b465ee728b)
Start importing Assets/Prefabs/Dartboard.prefab using Guid(cd5de5e3a6fec39448f517eea82f56ee) Importer(815301076,1909f56bfc062723c751e8b465ee728b)  -> (artifact id: '1ca8ef61670f5bd8b2874c5a97adfa13') in 0.335084 seconds
Number of updated asset objects reloaded before import = 0
Number of asset objects unloaded after import = 24
========================================================================
Received Prepare
Begin MonoManager ReloadAssembly
- Loaded All Assemblies, in 12.946 seconds
Refreshing native plugins compatible for Editor in 86.11 ms, found 3 plugins.
Native extension for WindowsStandalone target not found
[Package Manager] Server::EnsureServerProcessIsRunning -- launch failed, reason: Unity was launched with the -noUpm command-line argument
[Package Manager] UpmClient::Send -- Unable to send message (not connected to UPM process).
[Package Manager] Cannot connect to Unity Package Manager local server
Mono: successfully reloaded assembly
- Finished resetting the current domain, in 22.710 seconds
Domain Reload Profiling: 35652ms
	BeginReloadAssembly (177ms)
		ExecutionOrderSort (0ms)
		DisableScriptedObjects (4ms)
		BackupInstance (0ms)
		ReleaseScriptingObjects (0ms)
		CreateAndSetChildDomain (28ms)
	RebuildCommonClasses (32ms)
	RebuildNativeTypeToScriptingClass (12ms)
	initialDomainReloadingComplete (83ms)
	LoadAllAssembliesAndSetupDomain (12638ms)
		LoadAssemblies (12704ms)
		RebuildTransferFunctionScriptingTraits (0ms)
		AnalyzeDomain (11ms)
			TypeCache.Refresh (5ms)
				TypeCache.ScanAssembly (0ms)
			ScanForSourceGeneratedMonoScriptInfo (0ms)
			ResolveRequiredComponents (4ms)
	FinalizeReload (22711ms)
		ReleaseScriptCaches (0ms)
		RebuildScriptCaches (0ms)
		SetupLoadedEditorAssemblies (413ms)
			LogAssemblyErrors (0ms)
			InitializePlatformSupportModulesInManaged (6ms)
			SetLoadedEditorAssemblies (4ms)
			RefreshPlugins (0ms)
			BeforeProcessingInitializeOnLoad (72ms)
			ProcessInitializeOnLoadAttributes (309ms)
			ProcessInitializeOnLoadMethodAttributes (16ms)
			AfterProcessingInitializeOnLoad (6ms)
			EditorAssembliesLoaded (0ms)
		ExecutionOrderSort2 (0ms)
		AwakeInstancesAfterBackupRestoration (6ms)
Refreshing native plugins compatible for Editor in 198.66 ms, found 3 plugins.
Preloading 0 native plugins for Editor in 0.00 ms.
Unloading 3128 Unused Serialized files (Serialized files now loaded: 0)
Unloading 23 unused Assets / (31.1 KB). Loaded Objects now: 3608.
Memory consumption went from 129.2 MB to 129.2 MB.
Total: 2.601100 ms (FindLiveObjects: 0.219300 ms CreateObjectMapping: 0.166500 ms MarkObjects: 2.183400 ms  DeleteObjects: 0.031000 ms)

Prepare: number of updated asset objects reloaded= 0
AssetImportParameters requested are different than current active one (requested -> active):
  custom:container-demuxer-ogg: 62fdf1f143b41e24485cea50d1cbac27 -> 
  custom:video-decoder-ogg-theora: a1e56fd34408186e4bbccfd4996cb3dc -> 
  custom:framework-win-MediaFoundation: 216162199b28c13a410421893ffa2e32 -> 
  custom:CustomObjectIndexerAttribute: 6d391050e5a25f67b0a2c618074f2cd9 -> 
  custom:container-demuxer-webm: 4f35f7cbe854078d1ac9338744f61a02 -> 
  custom:container-muxer-webm: aa71ff27fc2769a1b78a27578f13a17b -> 
  custom:video-decoder-webm-vp8: 9c59270c3fd7afecdb556c50c9e8de78 -> 
  custom:SearchIndexIgnoredProperties: e643bd26f0fe6173181afceb89e7c659 -> 
  custom:AudioImporter_EditorPlatform: d09bf68614088b80899f8185d706f6e7 -> 
  custom:video-encoder-webm-vp8: eb34c28f22e8b96e1ab97ce403110664 -> 
  custom:audio-decoder-ogg-vorbis: bf7c407c2cedff20999df2af8eb42d56 -> 
  custom:audio-encoder-webm-vorbis: bf7c407c2cedff20999df2af8eb42d56 -> 
========================================================================
Received Import Request.
  Time since last request: 171.670929 seconds.
  path: Assets/Mini First Person Controller/First Person Controller Minimal.prefab
  artifactKey: Guid(f2e0b7ae4dae8cf44955bccd3512b213) Importer(2089858483,0ecaa5967403d082aa24f35e1b516d23)
Start importing Assets/Mini First Person Controller/First Person Controller Minimal.prefab using Guid(f2e0b7ae4dae8cf44955bccd3512b213) Importer(2089858483,0ecaa5967403d082aa24f35e1b516d23) Generated GUIDs only implemented for interfaces!
 -> (artifact id: 'f79f582e5f81c35c55f31425fbc75914') in 0.272480 seconds
Number of updated asset objects reloaded before import = 0
Number of asset objects unloaded after import = 32
========================================================================
Received Import Request.
  Time since last request: 0.005441 seconds.
  path: Assets/PollyPrivateers/PirateTavern/ReflectionProbe-0.exr
  artifactKey: Guid(9236ac2213b65554983608f5bf156d5f) Importer(2089858483,0ecaa5967403d082aa24f35e1b516d23)
Start importing Assets/PollyPrivateers/PirateTavern/ReflectionProbe-0.exr using Guid(9236ac2213b65554983608f5bf156d5f) Importer(2089858483,0ecaa5967403d082aa24f35e1b516d23) Generated GUIDs only implemented for interfaces!
 -> (artifact id: '0115385c026d3df46942311cab1f55fc') in 0.196740 seconds
Number of updated asset objects reloaded before import = 0
Number of asset objects unloaded after import = 1
========================================================================
Received Import Request.
  Time since last request: 0.006521 seconds.
  path: Assets/Mini First Person Controller/Audio/Jump/Jump 2.wav
  artifactKey: Guid(5b26cf3cd5f6b914a80e6d3476caaf86) Importer(2089858483,0ecaa5967403d082aa24f35e1b516d23)
Start importing Assets/Mini First Person Controller/Audio/Jump/Jump 2.wav using Guid(5b26cf3cd5f6b914a80e6d3476caaf86) Importer(2089858483,0ecaa5967403d082aa24f35e1b516d23) Generated GUIDs only implemented for interfaces!
 -> (artifact id: '335db3362d59b51578ef419adb1aa753') in 0.099804 seconds
Number of updated asset objects reloaded before import = 0
Number of asset objects unloaded after import = 1
========================================================================
Received Import Request.
  Time since last request: 0.006355 seconds.
  path: Assets/Mini First Person Controller/Scripts/Components/Crouch.cs
  artifactKey: Guid(27b67ddb3d23b8340b125aede56d7e8c) Importer(2089858483,0ecaa5967403d082aa24f35e1b516d23)
Start importing Assets/Mini First Person Controller/Scripts/Components/Crouch.cs using Guid(27b67ddb3d23b8340b125aede56d7e8c) Importer(2089858483,0ecaa5967403d082aa24f35e1b516d23) Generated GUIDs only implemented for interfaces!
 -> (artifact id: '94e1e93e168a3c7b902c6a4490e60704') in 0.036420 seconds
Number of updated asset objects reloaded before import = 0
Number of asset objects unloaded after import = 1
========================================================================
Received Import Request.
  Time since last request: 0.002905 seconds.
  path: Assets/PollyPrivateers/PirateTavern/Lightmap-0_comp_light.exr
  artifactKey: Guid(b8cb046114af7894c817adb7d9c5bed9) Importer(2089858483,0ecaa5967403d082aa24f35e1b516d23)
Start importing Assets/PollyPrivateers/PirateTavern/Lightmap-0_comp_light.exr using Guid(b8cb046114af7894c817adb7d9c5bed9) Importer(2089858483,0ecaa5967403d082aa24f35e1b516d23) Generated GUIDs only implemented for interfaces!
 -> (artifact id: 'e616d22f8556c1e323f4ddaa5589d2c2') in 0.269971 seconds
Number of updated asset objects reloaded before import = 0
Number of asset objects unloaded after import = 1
========================================================================
Received Import Request.
  Time since last request: 0.004760 seconds.
  path: Assets/PollyPrivateers/PirateTavern/Lightmap-2_comp_light.exr
  artifactKey: Guid(322ecc8ac8cb6f4458ee8cac912eace9) Importer(2089858483,0ecaa5967403d082aa24f35e1b516d23)
Start importing Assets/PollyPrivateers/PirateTavern/Lightmap-2_comp_light.exr using Guid(322ecc8ac8cb6f4458ee8cac912eace9) Importer(2089858483,0ecaa5967403d082aa24f35e1b516d23) Generated GUIDs only implemented for interfaces!
 -> (artifact id: 'cf28ce0bb4866cef16e99eaf07c46068') in 0.226398 seconds
Number of updated asset objects reloaded before import = 0
Number of asset objects unloaded after import = 1
========================================================================
Received Import Request.
  Time since last request: 0.003566 seconds.
  path: Assets/PollyPrivateers/Objects/Apple/AppleRed_Specular.tga
  artifactKey: Guid(fa8a7bcc0754f344dac603f09a1b2d2a) Importer(2089858483,0ecaa5967403d082aa24f35e1b516d23)
Start importing Assets/PollyPrivateers/Objects/Apple/AppleRed_Specular.tga using Guid(fa8a7bcc0754f344dac603f09a1b2d2a) Importer(2089858483,0ecaa5967403d082aa24f35e1b516d23) Generated GUIDs only implemented for interfaces!
 -> (artifact id: '663d19825b7decb7dfd3ac80aaab2642') in 0.084790 seconds
Number of updated asset objects reloaded before import = 0
Number of asset objects unloaded after import = 1
========================================================================
Received Import Request.
  Time since last request: 0.004295 seconds.
  path: Assets/PollyPrivateers/Objects/Batch Of Decors 6/Batch Of Decors 6_Specular.tga
  artifactKey: Guid(7155d3330f6fcbf449b49a5980d4815a) Importer(2089858483,0ecaa5967403d082aa24f35e1b516d23)
Start importing Assets/PollyPrivateers/Objects/Batch Of Decors 6/Batch Of Decors 6_Specular.tga using Guid(7155d3330f6fcbf449b49a5980d4815a) Importer(2089858483,0ecaa5967403d082aa24f35e1b516d23) Generated GUIDs only implemented for interfaces!
 -> (artifact id: 'a419b0487c2ee6c94f120e580d38658d') in 0.160962 seconds
Number of updated asset objects reloaded before import = 0
Number of asset objects unloaded after import = 1
========================================================================
Received Import Request.
  Time since last request: 0.003653 seconds.
  path: Assets/PollyPrivateers/Objects/Batch of Decors/Batch of Decors_Occlusion.tga
  artifactKey: Guid(663a234a6078a77449b194945c5aedb3) Importer(2089858483,0ecaa5967403d082aa24f35e1b516d23)
Start importing Assets/PollyPrivateers/Objects/Batch of Decors/Batch of Decors_Occlusion.tga using Guid(663a234a6078a77449b194945c5aedb3) Importer(2089858483,0ecaa5967403d082aa24f35e1b516d23) Generated GUIDs only implemented for interfaces!
 -> (artifact id: '450c5eb52ac9abfa12eca3ffe68d0cdd') in 0.135372 seconds
Number of updated asset objects reloaded before import = 0
Number of asset objects unloaded after import = 1
========================================================================
Received Import Request.
  Time since last request: 0.005769 seconds.
  path: Assets/PollyPrivateers/PirateTavern/Lightmap-1_comp_dir.png
  artifactKey: Guid(35d3b966996824e4caa5be02c99dd930) Importer(2089858483,0ecaa5967403d082aa24f35e1b516d23)
Start importing Assets/PollyPrivateers/PirateTavern/Lightmap-1_comp_dir.png using Guid(35d3b966996824e4caa5be02c99dd930) Importer(2089858483,0ecaa5967403d082aa24f35e1b516d23) Generated GUIDs only implemented for interfaces!
 -> (artifact id: '8c8ee9d96883ce43be944265c76b9d72') in 0.186897 seconds
Number of updated asset objects reloaded before import = 0
Number of asset objects unloaded after import = 1
========================================================================
Received Import Request.
  Time since last request: 0.005657 seconds.
  path: Assets/3D Models/dartboard/11721_darboard_V4_L3.obj
  artifactKey: Guid(80bb73188732ee041860435c588bb622) Importer(2089858483,0ecaa5967403d082aa24f35e1b516d23)
Start importing Assets/3D Models/dartboard/11721_darboard_V4_L3.obj using Guid(80bb73188732ee041860435c588bb622) Importer(2089858483,0ecaa5967403d082aa24f35e1b516d23) Generated GUIDs only implemented for interfaces!
 -> (artifact id: '04053310825a9e280bc22645692eeb4a') in 0.201607 seconds
Number of updated asset objects reloaded before import = 0
Number of asset objects unloaded after import = 11
========================================================================
Received Import Request.
  Time since last request: 0.003449 seconds.
  path: Assets/Mini First Person Controller/Scripts/Components/FirstPersonAudio.cs
  artifactKey: Guid(6f45facc01772ba47a9ae17bb7061b71) Importer(2089858483,0ecaa5967403d082aa24f35e1b516d23)
Start importing Assets/Mini First Person Controller/Scripts/Components/FirstPersonAudio.cs using Guid(6f45facc01772ba47a9ae17bb7061b71) Importer(2089858483,0ecaa5967403d082aa24f35e1b516d23) Generated GUIDs only implemented for interfaces!
 -> (artifact id: '0d713dab096ca103294224f0d29babb4') in 0.047332 seconds
Number of updated asset objects reloaded before import = 0
Number of asset objects unloaded after import = 1
========================================================================
Received Import Request.
  Time since last request: 0.005672 seconds.
  path: Assets/PollyPrivateers/Particles/Smoker.mat
  artifactKey: Guid(38f4290405c30154b8d49cb186739492) Importer(2089858483,0ecaa5967403d082aa24f35e1b516d23)
Start importing Assets/PollyPrivateers/Particles/Smoker.mat using Guid(38f4290405c30154b8d49cb186739492) Importer(2089858483,0ecaa5967403d082aa24f35e1b516d23) Generated GUIDs only implemented for interfaces!
 -> (artifact id: 'db39f19c9d30a5403588456b08a87346') in 0.071186 seconds
Number of updated asset objects reloaded before import = 0
Number of asset objects unloaded after import = 2
========================================================================
Received Import Request.
  Time since last request: 0.003294 seconds.
  path: Assets/PollyPrivateers/Objects/Bench/Bench_Specular.tga
  artifactKey: Guid(f20cd13d26eeabe459dbb3e62f190274) Importer(2089858483,0ecaa5967403d082aa24f35e1b516d23)
Start importing Assets/PollyPrivateers/Objects/Bench/Bench_Specular.tga using Guid(f20cd13d26eeabe459dbb3e62f190274) Importer(2089858483,0ecaa5967403d082aa24f35e1b516d23) Generated GUIDs only implemented for interfaces!
 -> (artifact id: 'b8a3c440a6d6a20efedb1c371dff11e7') in 0.147797 seconds
Number of updated asset objects reloaded before import = 0
Number of asset objects unloaded after import = 1
========================================================================
Received Import Request.
  Time since last request: 0.004310 seconds.
  path: Assets/PollyPrivateers/Objects/Batch of Decors 4/Batch of Decors 4_Specular.tga
  artifactKey: Guid(873aafc968487994fb2f178293fa2e79) Importer(2089858483,0ecaa5967403d082aa24f35e1b516d23)
Start importing Assets/PollyPrivateers/Objects/Batch of Decors 4/Batch of Decors 4_Specular.tga using Guid(873aafc968487994fb2f178293fa2e79) Importer(2089858483,0ecaa5967403d082aa24f35e1b516d23) Generated GUIDs only implemented for interfaces!
 -> (artifact id: '562aaf9d529b368d55d57438daaa18d4') in 0.193834 seconds
Number of updated asset objects reloaded before import = 0
Number of asset objects unloaded after import = 1
========================================================================
Received Import Request.
  Time since last request: 0.004408 seconds.
  path: Assets/Mini First Person Controller/Demo/readme.pdf
  artifactKey: Guid(2d6d961d8f9e0bc4198fc156b2d945a9) Importer(2089858483,0ecaa5967403d082aa24f35e1b516d23)
Start importing Assets/Mini First Person Controller/Demo/readme.pdf using Guid(2d6d961d8f9e0bc4198fc156b2d945a9) Importer(2089858483,0ecaa5967403d082aa24f35e1b516d23) Generated GUIDs only implemented for interfaces!
 -> (artifact id: '075a2f4bc4713c1ad26dcd8bde337927') in 0.052319 seconds
Number of updated asset objects reloaded before import = 0
Number of asset objects unloaded after import = 1
========================================================================
Received Import Request.
  Time since last request: 0.004643 seconds.
  path: Assets/PollyPrivateers/Objects/Apple/AppleRed_Normal.tga
  artifactKey: Guid(079a4ce8796bc064e9b2933e57689e30) Importer(2089858483,0ecaa5967403d082aa24f35e1b516d23)
Start importing Assets/PollyPrivateers/Objects/Apple/AppleRed_Normal.tga using Guid(079a4ce8796bc064e9b2933e57689e30) Importer(2089858483,0ecaa5967403d082aa24f35e1b516d23) Generated GUIDs only implemented for interfaces!
 -> (artifact id: '9f7e8d0e5c38dfc91b00c647683c0597') in 0.087320 seconds
Number of updated asset objects reloaded before import = 0
Number of asset objects unloaded after import = 1
========================================================================
Received Import Request.
  Time since last request: 0.003967 seconds.
  path: Assets/PollyPrivateers/Objects/Cabinett/CabinettMaterial.mat
  artifactKey: Guid(4260c509c3e76c24894d7f51d60359e5) Importer(2089858483,0ecaa5967403d082aa24f35e1b516d23)
Start importing Assets/PollyPrivateers/Objects/Cabinett/CabinettMaterial.mat using Guid(4260c509c3e76c24894d7f51d60359e5) Importer(2089858483,0ecaa5967403d082aa24f35e1b516d23) Generated GUIDs only implemented for interfaces!
 -> (artifact id: 'd289ec1f5460ff85d009a493b99e2040') in 0.367625 seconds
Number of updated asset objects reloaded before import = 0
Number of asset objects unloaded after import = 5
========================================================================
Received Import Request.
  Time since last request: 0.001948 seconds.
  path: Assets/PollyPrivateers/Objects/Bed/Bed.mat
  artifactKey: Guid(5624987d775434641ad977f0e352f38a) Importer(2089858483,0ecaa5967403d082aa24f35e1b516d23)
Start importing Assets/PollyPrivateers/Objects/Bed/Bed.mat using Guid(5624987d775434641ad977f0e352f38a) Importer(2089858483,0ecaa5967403d082aa24f35e1b516d23) Generated GUIDs only implemented for interfaces!
 -> (artifact id: 'ef17a194526ff8c3f488b49b15769bad') in 0.418448 seconds
Number of updated asset objects reloaded before import = 0
Number of asset objects unloaded after import = 5
========================================================================
Received Import Request.
  Time since last request: 0.002440 seconds.
  path: Assets/PollyPrivateers/Objects/Cabinett/Cabinett_Specular.tga
  artifactKey: Guid(a4c0c88d3fc7a6b49b32cecfff1830f3) Importer(2089858483,0ecaa5967403d082aa24f35e1b516d23)
Start importing Assets/PollyPrivateers/Objects/Cabinett/Cabinett_Specular.tga using Guid(a4c0c88d3fc7a6b49b32cecfff1830f3) Importer(2089858483,0ecaa5967403d082aa24f35e1b516d23) Generated GUIDs only implemented for interfaces!
 -> (artifact id: '4d6aef8be18758c00897d97a38799716') in 0.121537 seconds
Number of updated asset objects reloaded before import = 0
Number of asset objects unloaded after import = 1
========================================================================
Received Import Request.
  Time since last request: 0.005062 seconds.
  path: Assets/PollyPrivateers/Objects/Chair/Chair_Height.tga
  artifactKey: Guid(5a8cf723c3e2fda42a1300c97e54703d) Importer(2089858483,0ecaa5967403d082aa24f35e1b516d23)
Start importing Assets/PollyPrivateers/Objects/Chair/Chair_Height.tga using Guid(5a8cf723c3e2fda42a1300c97e54703d) Importer(2089858483,0ecaa5967403d082aa24f35e1b516d23) Generated GUIDs only implemented for interfaces!
 -> (artifact id: 'd225dd99525015a2bc093023de559889') in 0.105274 seconds
Number of updated asset objects reloaded before import = 0
Number of asset objects unloaded after import = 1
========================================================================
Received Import Request.
  Time since last request: 0.004699 seconds.
  path: Assets/Mini First Person Controller/Demo/Demo Mini FPC Minimal.unity
  artifactKey: Guid(61309573591a99c4ca97697d104b41ed) Importer(2089858483,0ecaa5967403d082aa24f35e1b516d23)
Start importing Assets/Mini First Person Controller/Demo/Demo Mini FPC Minimal.unity using Guid(61309573591a99c4ca97697d104b41ed) Importer(2089858483,0ecaa5967403d082aa24f35e1b516d23) Generated GUIDs only implemented for interfaces!
 -> (artifact id: '968804ec63c539931fe85aa637c8065d') in 0.028964 seconds
Number of updated asset objects reloaded before import = 0
Number of asset objects unloaded after import = 1
========================================================================
Received Import Request.
  Time since last request: 0.004423 seconds.
  path: Assets/3D Models/dartboard/dartboard.jpg
  artifactKey: Guid(a4bacc61a16220d479a90f952dec948d) Importer(2089858483,0ecaa5967403d082aa24f35e1b516d23)
Start importing Assets/3D Models/dartboard/dartboard.jpg using Guid(a4bacc61a16220d479a90f952dec948d) Importer(2089858483,0ecaa5967403d082aa24f35e1b516d23) Generated GUIDs only implemented for interfaces!
 -> (artifact id: 'c6a83f890847796de86154cf8f426a98') in 0.085314 seconds
Number of updated asset objects reloaded before import = 0
Number of asset objects unloaded after import = 1
========================================================================
Received Import Request.
  Time since last request: 0.003951 seconds.
  path: Assets/PollyPrivateers/Objects/Bench/Bench.mat
  artifactKey: Guid(a89a90b4977469649b04d4c3c61edcb7) Importer(2089858483,0ecaa5967403d082aa24f35e1b516d23)
Start importing Assets/PollyPrivateers/Objects/Bench/Bench.mat using Guid(a89a90b4977469649b04d4c3c61edcb7) Importer(2089858483,0ecaa5967403d082aa24f35e1b516d23) Generated GUIDs only implemented for interfaces!
 -> (artifact id: '9d1338b89592de662efb4e1f46349635') in 0.477643 seconds
Number of updated asset objects reloaded before import = 0
Number of asset objects unloaded after import = 5
========================================================================
Received Import Request.
  Time since last request: 0.002280 seconds.
  path: Assets/PollyPrivateers/Objects/Chair/Chair_Normal.tga
  artifactKey: Guid(b13174184cda54540a93608856d2d201) Importer(2089858483,0ecaa5967403d082aa24f35e1b516d23)
Start importing Assets/PollyPrivateers/Objects/Chair/Chair_Normal.tga using Guid(b13174184cda54540a93608856d2d201) Importer(2089858483,0ecaa5967403d082aa24f35e1b516d23) Generated GUIDs only implemented for interfaces!
 -> (artifact id: '1eba09fa87c63d587fe14cbd31d2a058') in 0.125294 seconds
Number of updated asset objects reloaded before import = 0
Number of asset objects unloaded after import = 1
========================================================================
Received Import Request.
  Time since last request: 0.005466 seconds.
  path: Assets/PollyPrivateers/Objects/Chair2/Chair2_Specular.tga
  artifactKey: Guid(0e471d72369f33e4caec466e085f6b44) Importer(2089858483,0ecaa5967403d082aa24f35e1b516d23)
Start importing Assets/PollyPrivateers/Objects/Chair2/Chair2_Specular.tga using Guid(0e471d72369f33e4caec466e085f6b44) Importer(2089858483,0ecaa5967403d082aa24f35e1b516d23) Generated GUIDs only implemented for interfaces!
 -> (artifact id: 'bd535a3e294dc3c7ffaca3aa8189813d') in 0.130155 seconds
Number of updated asset objects reloaded before import = 0
Number of asset objects unloaded after import = 1
========================================================================
Received Import Request.
  Time since last request: 0.005247 seconds.
  path: Assets/PollyPrivateers/Objects/Batch of Decors 3/Batch of Decors 3 .fbx
  artifactKey: Guid(7c233b38958c494409c882d77d75488c) Importer(2089858483,0ecaa5967403d082aa24f35e1b516d23)
Start importing Assets/PollyPrivateers/Objects/Batch of Decors 3/Batch of Decors 3 .fbx using Guid(7c233b38958c494409c882d77d75488c) Importer(2089858483,0ecaa5967403d082aa24f35e1b516d23) Generated GUIDs only implemented for interfaces!
 -> (artifact id: '43627bbd1a81364d2a7128ed5689d85f') in 0.089978 seconds
Number of updated asset objects reloaded before import = 0
Number of asset objects unloaded after import = 29
========================================================================
Received Import Request.
  Time since last request: 0.003657 seconds.
  path: Assets/Prefabs/Dart.prefab
  artifactKey: Guid(c587e45a9e169cc488d09b4ccee02c59) Importer(2089858483,0ecaa5967403d082aa24f35e1b516d23)
Start importing Assets/Prefabs/Dart.prefab using Guid(c587e45a9e169cc488d09b4ccee02c59) Importer(2089858483,0ecaa5967403d082aa24f35e1b516d23) Generated GUIDs only implemented for interfaces!
 -> (artifact id: '04d0fde3bae4e32be04446c472421259') in 0.099886 seconds
Number of updated asset objects reloaded before import = 0
Number of asset objects unloaded after import = 14
========================================================================
Received Import Request.
  Time since last request: 0.004294 seconds.
  path: Assets/PollyPrivateers/Objects/CoinPurse(bag)/Coinpurse(bag).mat
  artifactKey: Guid(3a5f787eab783cd41b9b46a26557fd76) Importer(2089858483,0ecaa5967403d082aa24f35e1b516d23)
Start importing Assets/PollyPrivateers/Objects/CoinPurse(bag)/Coinpurse(bag).mat using Guid(3a5f787eab783cd41b9b46a26557fd76) Importer(2089858483,0ecaa5967403d082aa24f35e1b516d23) Generated GUIDs only implemented for interfaces!
 -> (artifact id: '6a39780720e071bd4860486bb1e162ca') in 0.159466 seconds
Number of updated asset objects reloaded before import = 0
Number of asset objects unloaded after import = 5
========================================================================
Received Import Request.
  Time since last request: 0.001874 seconds.
  path: Assets/PollyPrivateers/Objects/Batch of Decors 4/Batch of Decors 4.mat
  artifactKey: Guid(ba1f949ec0834ae4c96fbdac4a7571b7) Importer(2089858483,0ecaa5967403d082aa24f35e1b516d23)
Start importing Assets/PollyPrivateers/Objects/Batch of Decors 4/Batch of Decors 4.mat using Guid(ba1f949ec0834ae4c96fbdac4a7571b7) Importer(2089858483,0ecaa5967403d082aa24f35e1b516d23) Generated GUIDs only implemented for interfaces!
 -> (artifact id: 'b30fe6200eae31e60e3098703b6e9da4') in 0.369891 seconds
Number of updated asset objects reloaded before import = 0
Number of asset objects unloaded after import = 5
========================================================================
Received Import Request.
  Time since last request: 0.003182 seconds.
  path: Assets/PollyPrivateers/Objects/FireCamp/FireCamp_Emission.tga
  artifactKey: Guid(ea65d8aace8bd314ea00280a4dfda9da) Importer(2089858483,0ecaa5967403d082aa24f35e1b516d23)
Start importing Assets/PollyPrivateers/Objects/FireCamp/FireCamp_Emission.tga using Guid(ea65d8aace8bd314ea00280a4dfda9da) Importer(2089858483,0ecaa5967403d082aa24f35e1b516d23) Generated GUIDs only implemented for interfaces!
 -> (artifact id: '6dda3c42c94e69915ed294fd4718f7d8') in 0.132817 seconds
Number of updated asset objects reloaded before import = 0
Number of asset objects unloaded after import = 1
========================================================================
Received Import Request.
  Time since last request: 0.004945 seconds.
  path: Assets/PollyPrivateers/Objects/Bed/Bed_Albedo.tga
  artifactKey: Guid(97de3fbb495d1614a9fde823a287d8be) Importer(2089858483,0ecaa5967403d082aa24f35e1b516d23)
Start importing Assets/PollyPrivateers/Objects/Bed/Bed_Albedo.tga using Guid(97de3fbb495d1614a9fde823a287d8be) Importer(2089858483,0ecaa5967403d082aa24f35e1b516d23) Generated GUIDs only implemented for interfaces!
 -> (artifact id: 'e2100db10e05455e5edeb5c2e630e8d6') in 0.133025 seconds
Number of updated asset objects reloaded before import = 0
Number of asset objects unloaded after import = 1
========================================================================
Received Import Request.
  Time since last request: 0.004430 seconds.
  path: Assets/PollyPrivateers/Objects/Bed/Bed_Specular.tga
  artifactKey: Guid(d86d197cf821c6549ae37405e05f0e76) Importer(2089858483,0ecaa5967403d082aa24f35e1b516d23)
Start importing Assets/PollyPrivateers/Objects/Bed/Bed_Specular.tga using Guid(d86d197cf821c6549ae37405e05f0e76) Importer(2089858483,0ecaa5967403d082aa24f35e1b516d23) Generated GUIDs only implemented for interfaces!
 -> (artifact id: '6512c851ed54db61b164fdd8c78e6be4') in 0.140467 seconds
Number of updated asset objects reloaded before import = 0
Number of asset objects unloaded after import = 1
========================================================================
Received Import Request.
  Time since last request: 0.002888 seconds.
  path: Assets/PollyPrivateers/Objects/Batch of Decors/Batch of Decors_Normal.tga
  artifactKey: Guid(0908f2ad4ca048a4c9a7a6d2a95ac3dd) Importer(2089858483,0ecaa5967403d082aa24f35e1b516d23)
Start importing Assets/PollyPrivateers/Objects/Batch of Decors/Batch of Decors_Normal.tga using Guid(0908f2ad4ca048a4c9a7a6d2a95ac3dd) Importer(2089858483,0ecaa5967403d082aa24f35e1b516d23) Generated GUIDs only implemented for interfaces!
 -> (artifact id: 'ecb913c9f74a7d15e4a198ae9e931180') in 0.112863 seconds
Number of updated asset objects reloaded before import = 0
Number of asset objects unloaded after import = 1
========================================================================
Received Import Request.
  Time since last request: 0.004408 seconds.
  path: Assets/PollyPrivateers/Objects/Batch of Decors/Batch of Decor .fbx
  artifactKey: Guid(c5f37944a9f2140499f2583fe572f544) Importer(2089858483,0ecaa5967403d082aa24f35e1b516d23)
Start importing Assets/PollyPrivateers/Objects/Batch of Decors/Batch of Decor .fbx using Guid(c5f37944a9f2140499f2583fe572f544) Importer(2089858483,0ecaa5967403d082aa24f35e1b516d23) Generated GUIDs only implemented for interfaces!
 -> (artifact id: '73af27e36014ef59e29a4bd7a3e161e0') in 0.155360 seconds
Number of updated asset objects reloaded before import = 0
Number of asset objects unloaded after import = 29
========================================================================
Received Import Request.
  Time since last request: 0.004597 seconds.
  path: Assets/PollyPrivateers/Objects/Bed/Bed_Normal.tga
  artifactKey: Guid(45c1e62ed54cfcc4083d58c2217ba7fb) Importer(2089858483,0ecaa5967403d082aa24f35e1b516d23)
Start importing Assets/PollyPrivateers/Objects/Bed/Bed_Normal.tga using Guid(45c1e62ed54cfcc4083d58c2217ba7fb) Importer(2089858483,0ecaa5967403d082aa24f35e1b516d23) Generated GUIDs only implemented for interfaces!
 -> (artifact id: 'fabe0eff7c37287ca9d99a07927e27ac') in 0.138472 seconds
Number of updated asset objects reloaded before import = 0
Number of asset objects unloaded after import = 1
========================================================================
Received Import Request.
  Time since last request: 0.004995 seconds.
  path: Assets/PollyPrivateers/Objects/Bench/Bench.obj
  artifactKey: Guid(0d6f534be4322094491cc3139ad87e04) Importer(2089858483,0ecaa5967403d082aa24f35e1b516d23)
Start importing Assets/PollyPrivateers/Objects/Bench/Bench.obj using Guid(0d6f534be4322094491cc3139ad87e04) Importer(2089858483,0ecaa5967403d082aa24f35e1b516d23) Generated GUIDs only implemented for interfaces!
 -> (artifact id: '656240e369233ce814292c9154b23b87') in 0.064937 seconds
Number of updated asset objects reloaded before import = 0
Number of asset objects unloaded after import = 9
========================================================================
Received Import Request.
  Time since last request: 0.003317 seconds.
  path: Assets/PollyPrivateers/Objects/FirePlace/FirePlace_Albedo.tga
  artifactKey: Guid(e3e6031d0bda6564a90264047fb0ca41) Importer(2089858483,0ecaa5967403d082aa24f35e1b516d23)
Start importing Assets/PollyPrivateers/Objects/FirePlace/FirePlace_Albedo.tga using Guid(e3e6031d0bda6564a90264047fb0ca41) Importer(2089858483,0ecaa5967403d082aa24f35e1b516d23) Generated GUIDs only implemented for interfaces!
 -> (artifact id: '418955eb9705fc96a31ffb6001003fe1') in 0.221995 seconds
Number of updated asset objects reloaded before import = 0
Number of asset objects unloaded after import = 1
========================================================================
Received Import Request.
  Time since last request: 0.005002 seconds.
  path: Assets/PollyPrivateers/Objects/Firewood/Firewood2_Normal.tga
  artifactKey: Guid(c24f491e70c30014d87e7f45a432e369) Importer(2089858483,0ecaa5967403d082aa24f35e1b516d23)
Start importing Assets/PollyPrivateers/Objects/Firewood/Firewood2_Normal.tga using Guid(c24f491e70c30014d87e7f45a432e369) Importer(2089858483,0ecaa5967403d082aa24f35e1b516d23) Generated GUIDs only implemented for interfaces!
 -> (artifact id: '4ce5701e1e61fd6305433f5e6791d99d') in 0.095313 seconds
Number of updated asset objects reloaded before import = 0
Number of asset objects unloaded after import = 1
========================================================================
Received Import Request.
  Time since last request: 0.005827 seconds.
  path: Assets/PollyPrivateers/Objects/Fish/Fish.mat
  artifactKey: Guid(bd0caab83c815a941b46f2f26bf1a180) Importer(2089858483,0ecaa5967403d082aa24f35e1b516d23)
Start importing Assets/PollyPrivateers/Objects/Fish/Fish.mat using Guid(bd0caab83c815a941b46f2f26bf1a180) Importer(2089858483,0ecaa5967403d082aa24f35e1b516d23) Generated GUIDs only implemented for interfaces!
 -> (artifact id: 'af9fbf8c105bdbc4687b0adb66213f80') in 0.208031 seconds
Number of updated asset objects reloaded before import = 0
Number of asset objects unloaded after import = 5
========================================================================
Received Import Request.
  Time since last request: 0.000049 seconds.
  path: Assets/PollyPrivateers/Objects/Apple/AppleRed_Occlusion.tga
  artifactKey: Guid(f41a3e2e951ca8b49a512ca2c85badb5) Importer(2089858483,0ecaa5967403d082aa24f35e1b516d23)
Start importing Assets/PollyPrivateers/Objects/Apple/AppleRed_Occlusion.tga using Guid(f41a3e2e951ca8b49a512ca2c85badb5) Importer(2089858483,0ecaa5967403d082aa24f35e1b516d23) Generated GUIDs only implemented for interfaces!
 -> (artifact id: 'a0ed98e85c9fcd6987d114c72db61660') in 0.090529 seconds
Number of updated asset objects reloaded before import = 0
Number of asset objects unloaded after import = 1
========================================================================
Received Import Request.
  Time since last request: 0.010115 seconds.
  path: Assets/PollyPrivateers/Objects/Howards Compass/Howards Compass_Albedo.tga
  artifactKey: Guid(1ec51a2d2ab079c4c9a3652cfcfacedd) Importer(2089858483,0ecaa5967403d082aa24f35e1b516d23)
Start importing Assets/PollyPrivateers/Objects/Howards Compass/Howards Compass_Albedo.tga using Guid(1ec51a2d2ab079c4c9a3652cfcfacedd) Importer(2089858483,0ecaa5967403d082aa24f35e1b516d23) Generated GUIDs only implemented for interfaces!
 -> (artifact id: '11d6709ae198e8b6d5e9d80f7728acf7') in 0.088044 seconds
Number of updated asset objects reloaded before import = 0
Number of asset objects unloaded after import = 1
========================================================================
Received Import Request.
  Time since last request: 0.004054 seconds.
  path: Assets/PollyPrivateers/Objects/Howards Compass/Howards Compass.obj
  artifactKey: Guid(b95462f2060745e439e576adc5ecbe87) Importer(2089858483,0ecaa5967403d082aa24f35e1b516d23)
Start importing Assets/PollyPrivateers/Objects/Howards Compass/Howards Compass.obj using Guid(b95462f2060745e439e576adc5ecbe87) Importer(2089858483,0ecaa5967403d082aa24f35e1b516d23) Generated GUIDs only implemented for interfaces!
 -> (artifact id: 'f1a656aab5f83fffaaa2a517662e247b') in 0.064243 seconds
Number of updated asset objects reloaded before import = 0
Number of asset objects unloaded after import = 14
========================================================================
Received Import Request.
  Time since last request: 0.002938 seconds.
  path: Assets/PollyPrivateers/Objects/Fish/Fish_Specular.tga
  artifactKey: Guid(bd2e87298a21e324caa81117353eb6c7) Importer(2089858483,0ecaa5967403d082aa24f35e1b516d23)
Start importing Assets/PollyPrivateers/Objects/Fish/Fish_Specular.tga using Guid(bd2e87298a21e324caa81117353eb6c7) Importer(2089858483,0ecaa5967403d082aa24f35e1b516d23) Generated GUIDs only implemented for interfaces!
 -> (artifact id: '24d58df836a81cdff0017793f776015c') in 0.085592 seconds
Number of updated asset objects reloaded before import = 0
Number of asset objects unloaded after import = 1
========================================================================
Received Import Request.
  Time since last request: 0.004707 seconds.
  path: Assets/PollyPrivateers/Objects/Howards Compass/Howards Compass_Normal.tga
  artifactKey: Guid(a391cfbcb00d069448a3c2d29f169b16) Importer(2089858483,0ecaa5967403d082aa24f35e1b516d23)
Start importing Assets/PollyPrivateers/Objects/Howards Compass/Howards Compass_Normal.tga using Guid(a391cfbcb00d069448a3c2d29f169b16) Importer(2089858483,0ecaa5967403d082aa24f35e1b516d23) Generated GUIDs only implemented for interfaces!
 -> (artifact id: '42ed6b5dc698a80ca056b9f067592ea0') in 0.092601 seconds
Number of updated asset objects reloaded before import = 0
Number of asset objects unloaded after import = 1
========================================================================
Received Import Request.
  Time since last request: 0.004375 seconds.
  path: Assets/PollyPrivateers/Objects/Batch of Decors 3/Batch of decors 3_Specular.tga
  artifactKey: Guid(566df9f6026672f4f88e86910eb3eaf5) Importer(2089858483,0ecaa5967403d082aa24f35e1b516d23)
Start importing Assets/PollyPrivateers/Objects/Batch of Decors 3/Batch of decors 3_Specular.tga using Guid(566df9f6026672f4f88e86910eb3eaf5) Importer(2089858483,0ecaa5967403d082aa24f35e1b516d23) Generated GUIDs only implemented for interfaces!
 -> (artifact id: 'c037c459b330f8c06d90ef644195ed07') in 0.217896 seconds
Number of updated asset objects reloaded before import = 0
Number of asset objects unloaded after import = 1
========================================================================
Received Import Request.
  Time since last request: 0.003958 seconds.
  path: Assets/PollyPrivateers/Objects/Howards Compass/Howards Compass_Specular.tga
  artifactKey: Guid(8595be58d9f6c504eb62931125e719b1) Importer(2089858483,0ecaa5967403d082aa24f35e1b516d23)
Start importing Assets/PollyPrivateers/Objects/Howards Compass/Howards Compass_Specular.tga using Guid(8595be58d9f6c504eb62931125e719b1) Importer(2089858483,0ecaa5967403d082aa24f35e1b516d23) Generated GUIDs only implemented for interfaces!
 -> (artifact id: 'd8a96fc089398a9ac69c8b2463581f6b') in 0.091328 seconds
Number of updated asset objects reloaded before import = 0
Number of asset objects unloaded after import = 1
========================================================================
Received Import Request.
  Time since last request: 0.002686 seconds.
  path: Assets/PollyPrivateers/Objects/Batch of Decors 2/Batch Of Decors 2.mat
  artifactKey: Guid(b5d607e46d0b1214fac2fbf901714b03) Importer(2089858483,0ecaa5967403d082aa24f35e1b516d23)
Start importing Assets/PollyPrivateers/Objects/Batch of Decors 2/Batch Of Decors 2.mat using Guid(b5d607e46d0b1214fac2fbf901714b03) Importer(2089858483,0ecaa5967403d082aa24f35e1b516d23) Generated GUIDs only implemented for interfaces!
 -> (artifact id: '9c48eded924c5d71a7b3ff2e1fcc0c2b') in 0.401681 seconds
Number of updated asset objects reloaded before import = 0
Number of asset objects unloaded after import = 5
========================================================================
Received Import Request.
  Time since last request: 0.002835 seconds.
  path: Assets/PollyPrivateers/Objects/Ingridients/Ingridients_Specular.tga
  artifactKey: Guid(ac0754954124d664a9546c6dfe68456c) Importer(2089858483,0ecaa5967403d082aa24f35e1b516d23)
Start importing Assets/PollyPrivateers/Objects/Ingridients/Ingridients_Specular.tga using Guid(ac0754954124d664a9546c6dfe68456c) Importer(2089858483,0ecaa5967403d082aa24f35e1b516d23) Generated GUIDs only implemented for interfaces!
 -> (artifact id: 'c8e2181d482c164fb62fc93109f9321d') in 0.118191 seconds
Number of updated asset objects reloaded before import = 0
Number of asset objects unloaded after import = 1
========================================================================
Received Import Request.
  Time since last request: 0.003864 seconds.
  path: Assets/Mini First Person Controller/Audio/Landing/Landing 1.wav
  artifactKey: Guid(9fcb6dc763cd0354da305b5de2091287) Importer(2089858483,0ecaa5967403d082aa24f35e1b516d23)
Start importing Assets/Mini First Person Controller/Audio/Landing/Landing 1.wav using Guid(9fcb6dc763cd0354da305b5de2091287) Importer(2089858483,0ecaa5967403d082aa24f35e1b516d23) Generated GUIDs only implemented for interfaces!
 -> (artifact id: '0a64c213a044a98747fbdc06b55f96cd') in 0.077831 seconds
Number of updated asset objects reloaded before import = 0
Number of asset objects unloaded after import = 1
========================================================================
Received Import Request.
  Time since last request: 0.003040 seconds.
  path: Assets/PollyPrivateers/PirateTavern.unity
  artifactKey: Guid(a446a1007e3e43945950274eff0935ce) Importer(2089858483,0ecaa5967403d082aa24f35e1b516d23)
Start importing Assets/PollyPrivateers/PirateTavern.unity using Guid(a446a1007e3e43945950274eff0935ce) Importer(2089858483,0ecaa5967403d082aa24f35e1b516d23) Generated GUIDs only implemented for interfaces!
 -> (artifact id: '1e24fe2830a5b06969bf2e4e237ddab2') in 0.031718 seconds
Number of updated asset objects reloaded before import = 0
Number of asset objects unloaded after import = 1
========================================================================
Received Import Request.
  Time since last request: 0.003858 seconds.
  path: Assets/PollyPrivateers/Objects/BoozeShelf/BoozeShelf.obj
  artifactKey: Guid(447e945f428b8564d955335610605805) Importer(2089858483,0ecaa5967403d082aa24f35e1b516d23)
Start importing Assets/PollyPrivateers/Objects/BoozeShelf/BoozeShelf.obj using Guid(447e945f428b8564d955335610605805) Importer(2089858483,0ecaa5967403d082aa24f35e1b516d23) Generated GUIDs only implemented for interfaces!
 -> (artifact id: 'd2e2de4dfa31a18fc5edf51666488e13') in 0.090874 seconds
Number of updated asset objects reloaded before import = 0
Number of asset objects unloaded after import = 10
========================================================================
Received Import Request.
  Time since last request: 0.004705 seconds.
  path: Assets/PollyPrivateers/Objects/FireCamp/FireCamp_Normal.tga
  artifactKey: Guid(03d357358a72ba74e9a93082dfa02e60) Importer(2089858483,0ecaa5967403d082aa24f35e1b516d23)
Start importing Assets/PollyPrivateers/Objects/FireCamp/FireCamp_Normal.tga using Guid(03d357358a72ba74e9a93082dfa02e60) Importer(2089858483,0ecaa5967403d082aa24f35e1b516d23) Generated GUIDs only implemented for interfaces!
 -> (artifact id: '651be34d474b2070009442df10077637') in 0.167248 seconds
Number of updated asset objects reloaded before import = 0
Number of asset objects unloaded after import = 1
========================================================================
Received Import Request.
  Time since last request: 0.005000 seconds.
  path: Assets/PollyPrivateers/Objects/Fish/Fish_Normal.tga
  artifactKey: Guid(d67cacc6cfca76f4fb7167eece697bf2) Importer(2089858483,0ecaa5967403d082aa24f35e1b516d23)
Start importing Assets/PollyPrivateers/Objects/Fish/Fish_Normal.tga using Guid(d67cacc6cfca76f4fb7167eece697bf2) Importer(2089858483,0ecaa5967403d082aa24f35e1b516d23) Generated GUIDs only implemented for interfaces!
 -> (artifact id: '40cc3c7fe322ffbf7881e41be61fa997') in 0.097748 seconds
Number of updated asset objects reloaded before import = 0
Number of asset objects unloaded after import = 1
========================================================================
Received Import Request.
  Time since last request: 0.002739 seconds.
  path: Assets/PollyPrivateers/Objects/BaseWood.mat
  artifactKey: Guid(6e6f6076536b5d94c8f41c5ac173eb8e) Importer(2089858483,0ecaa5967403d082aa24f35e1b516d23)
Start importing Assets/PollyPrivateers/Objects/BaseWood.mat using Guid(6e6f6076536b5d94c8f41c5ac173eb8e) Importer(2089858483,0ecaa5967403d082aa24f35e1b516d23) Generated GUIDs only implemented for interfaces!
 -> (artifact id: 'e1e0d5639c4dffc29db39b5bf2499fb5') in 0.104646 seconds
Number of updated asset objects reloaded before import = 0
Number of asset objects unloaded after import = 1
========================================================================
Received Import Request.
  Time since last request: 0.002297 seconds.
  path: Assets/PollyPrivateers/Objects/KitchenDesk/KitchenDesk_Albedo.tga
  artifactKey: Guid(4832dc8b497120541b0fb56f8e70ac16) Importer(2089858483,0ecaa5967403d082aa24f35e1b516d23)
Start importing Assets/PollyPrivateers/Objects/KitchenDesk/KitchenDesk_Albedo.tga using Guid(4832dc8b497120541b0fb56f8e70ac16) Importer(2089858483,0ecaa5967403d082aa24f35e1b516d23) Generated GUIDs only implemented for interfaces!
 -> (artifact id: 'b0b1af7f5ea01f4cfbc43c9a036bec34') in 0.175539 seconds
Number of updated asset objects reloaded before import = 0
Number of asset objects unloaded after import = 1
========================================================================
Received Import Request.
  Time since last request: 0.004152 seconds.
  path: Assets/Mini First Person Controller/Scripts/Components/Jump.cs
  artifactKey: Guid(8f977f53412d81140ab13b3fca57cca2) Importer(2089858483,0ecaa5967403d082aa24f35e1b516d23)
Start importing Assets/Mini First Person Controller/Scripts/Components/Jump.cs using Guid(8f977f53412d81140ab13b3fca57cca2) Importer(2089858483,0ecaa5967403d082aa24f35e1b516d23) Generated GUIDs only implemented for interfaces!
 -> (artifact id: '31fa56c0b1ff115049f8afb9c5f119cc') in 0.035826 seconds
Number of updated asset objects reloaded before import = 0
Number of asset objects unloaded after import = 1
========================================================================
Received Import Request.
  Time since last request: 0.004591 seconds.
  path: Assets/PollyPrivateers/Objects/Apple/AppleRed.obj
  artifactKey: Guid(c76eb38d2938cdb4e99e0662e3d478ff) Importer(2089858483,0ecaa5967403d082aa24f35e1b516d23)
Start importing Assets/PollyPrivateers/Objects/Apple/AppleRed.obj using Guid(c76eb38d2938cdb4e99e0662e3d478ff) Importer(2089858483,0ecaa5967403d082aa24f35e1b516d23) Generated GUIDs only implemented for interfaces!
 -> (artifact id: '29939428615a6254b38e96abfbb061fc') in 0.060963 seconds
Number of updated asset objects reloaded before import = 0
Number of asset objects unloaded after import = 9
========================================================================
Received Import Request.
  Time since last request: 0.004811 seconds.
  path: Assets/PollyPrivateers/PirateTavern/Lightmap-1_comp_light.exr
  artifactKey: Guid(25e42fe1cbb541d42a27b2e4e65e44e1) Importer(2089858483,0ecaa5967403d082aa24f35e1b516d23)
Start importing Assets/PollyPrivateers/PirateTavern/Lightmap-1_comp_light.exr using Guid(25e42fe1cbb541d42a27b2e4e65e44e1) Importer(2089858483,0ecaa5967403d082aa24f35e1b516d23) Generated GUIDs only implemented for interfaces!
 -> (artifact id: 'dd14ade6ea590be28d519ae47505d948') in 0.219194 seconds
Number of updated asset objects reloaded before import = 0
Number of asset objects unloaded after import = 1
========================================================================
Received Import Request.
  Time since last request: 0.004358 seconds.
  path: Assets/PollyPrivateers/Objects/Knifes and Forks/Knives and Forks.fbx
  artifactKey: Guid(dbc42b0a35761754498e68517bd790f0) Importer(2089858483,0ecaa5967403d082aa24f35e1b516d23)
Start importing Assets/PollyPrivateers/Objects/Knifes and Forks/Knives and Forks.fbx using Guid(dbc42b0a35761754498e68517bd790f0) Importer(2089858483,0ecaa5967403d082aa24f35e1b516d23) Generated GUIDs only implemented for interfaces!
 -> (artifact id: '8ec279c29c1eed96ac79cfdf2bc1c075') in 0.105590 seconds
Number of updated asset objects reloaded before import = 0
Number of asset objects unloaded after import = 34
========================================================================
Received Import Request.
  Time since last request: 0.003428 seconds.
  path: Assets/PollyPrivateers/Objects/FirePlace/FirePlace.obj
  artifactKey: Guid(9262847c328434c4487754a6acf57994) Importer(2089858483,0ecaa5967403d082aa24f35e1b516d23)
Start importing Assets/PollyPrivateers/Objects/FirePlace/FirePlace.obj using Guid(9262847c328434c4487754a6acf57994) Importer(2089858483,0ecaa5967403d082aa24f35e1b516d23) Generated GUIDs only implemented for interfaces!
 -> (artifact id: '816589f54894a19a05fcf9a082e57c8f') in 0.133603 seconds
Number of updated asset objects reloaded before import = 0
Number of asset objects unloaded after import = 10
========================================================================
Received Import Request.
  Time since last request: 0.002680 seconds.
  path: Assets/PollyPrivateers/Objects/Batch of Decors 2/Batch of Decors 2_Specular.tga
  artifactKey: Guid(426f4e656c2e75445ad0d77d2cc9e224) Importer(2089858483,0ecaa5967403d082aa24f35e1b516d23)
Start importing Assets/PollyPrivateers/Objects/Batch of Decors 2/Batch of Decors 2_Specular.tga using Guid(426f4e656c2e75445ad0d77d2cc9e224) Importer(2089858483,0ecaa5967403d082aa24f35e1b516d23) Generated GUIDs only implemented for interfaces!
 -> (artifact id: 'a533d8e899724d30356305ac02cb445e') in 0.186677 seconds
Number of updated asset objects reloaded before import = 0
Number of asset objects unloaded after import = 1
========================================================================
Received Import Request.
  Time since last request: 0.004324 seconds.
  path: Assets/PollyPrivateers/Objects/Ladle/Ladle, Fork, Spatula.fbx
  artifactKey: Guid(e85dfd5ec5ae7a64484d2695d78b1c1a) Importer(2089858483,0ecaa5967403d082aa24f35e1b516d23)
Start importing Assets/PollyPrivateers/Objects/Ladle/Ladle, Fork, Spatula.fbx using Guid(e85dfd5ec5ae7a64484d2695d78b1c1a) Importer(2089858483,0ecaa5967403d082aa24f35e1b516d23) Generated GUIDs only implemented for interfaces!
 -> (artifact id: '6f563c963fcfa1ed9efdaa9805228f80') in 0.078168 seconds
Number of updated asset objects reloaded before import = 0
Number of asset objects unloaded after import = 19
========================================================================
Received Import Request.
  Time since last request: 0.004718 seconds.
  path: Assets/PollyPrivateers/Objects/Chair2/Chair2_Occlusion.tga
  artifactKey: Guid(1eb62031bec4d494dad57d019febdff6) Importer(2089858483,0ecaa5967403d082aa24f35e1b516d23)
Start importing Assets/PollyPrivateers/Objects/Chair2/Chair2_Occlusion.tga using Guid(1eb62031bec4d494dad57d019febdff6) Importer(2089858483,0ecaa5967403d082aa24f35e1b516d23) Generated GUIDs only implemented for interfaces!
 -> (artifact id: '7a826b6bf5996661bb41a657d29178a5') in 0.126848 seconds
Number of updated asset objects reloaded before import = 0
Number of asset objects unloaded after import = 1
========================================================================
Received Import Request.
  Time since last request: 0.003860 seconds.
  path: Assets/PollyPrivateers/Objects/Howards Compass/Howards Compass.mat
  artifactKey: Guid(00b32e07ec65100428ed2156dec25ece) Importer(2089858483,0ecaa5967403d082aa24f35e1b516d23)
Start importing Assets/PollyPrivateers/Objects/Howards Compass/Howards Compass.mat using Guid(00b32e07ec65100428ed2156dec25ece) Importer(2089858483,0ecaa5967403d082aa24f35e1b516d23) Generated GUIDs only implemented for interfaces!
 -> (artifact id: '67d2886af57ec7284a50d85c88d67232') in 0.177567 seconds
Number of updated asset objects reloaded before import = 0
Number of asset objects unloaded after import = 5
========================================================================
Received Import Request.
  Time since last request: 0.000416 seconds.
  path: Assets/PollyPrivateers/Objects/Lantern/LanternGlassMaterial.mat
  artifactKey: Guid(6e0e65c2b96d41b49a0f9708d3984caa) Importer(2089858483,0ecaa5967403d082aa24f35e1b516d23)
Start importing Assets/PollyPrivateers/Objects/Lantern/LanternGlassMaterial.mat using Guid(6e0e65c2b96d41b49a0f9708d3984caa) Importer(2089858483,0ecaa5967403d082aa24f35e1b516d23) Generated GUIDs only implemented for interfaces!
 -> (artifact id: '6ee65bf6095c922897f15a8675cd8050') in 0.125547 seconds
Number of updated asset objects reloaded before import = 0
Number of asset objects unloaded after import = 4
========================================================================
Received Import Request.
  Time since last request: 0.001762 seconds.
  path: Assets/PollyPrivateers/Objects/FireCamp/FireCamp_Occlusion.tga
  artifactKey: Guid(62a8a2d314e1dc74b80aa22b85a5eaec) Importer(2089858483,0ecaa5967403d082aa24f35e1b516d23)
Start importing Assets/PollyPrivateers/Objects/FireCamp/FireCamp_Occlusion.tga using Guid(62a8a2d314e1dc74b80aa22b85a5eaec) Importer(2089858483,0ecaa5967403d082aa24f35e1b516d23) Generated GUIDs only implemented for interfaces!
 -> (artifact id: 'a3b590679629e7b925bbeb5b3bcdb75f') in 0.115720 seconds
Number of updated asset objects reloaded before import = 0
Number of asset objects unloaded after import = 1
========================================================================
Received Import Request.
  Time since last request: 0.003861 seconds.
  path: Assets/PollyPrivateers/Objects/Batch of Decors 5/Batch of Decors 5_Normal.tga
  artifactKey: Guid(4bcc4c06af9116d4c99b3ea632e14938) Importer(2089858483,0ecaa5967403d082aa24f35e1b516d23)
Start importing Assets/PollyPrivateers/Objects/Batch of Decors 5/Batch of Decors 5_Normal.tga using Guid(4bcc4c06af9116d4c99b3ea632e14938) Importer(2089858483,0ecaa5967403d082aa24f35e1b516d23) Generated GUIDs only implemented for interfaces!
 -> (artifact id: '72a4e0c0b0ad733d819d738b8869a002') in 0.248442 seconds
Number of updated asset objects reloaded before import = 0
Number of asset objects unloaded after import = 1
========================================================================
Received Import Request.
  Time since last request: 0.004093 seconds.
  path: Assets/PollyPrivateers/Objects/Lantern/LanternGlass_Normal.tga
  artifactKey: Guid(7402face18a32a349b1d35a4c1b02667) Importer(2089858483,0ecaa5967403d082aa24f35e1b516d23)
Start importing Assets/PollyPrivateers/Objects/Lantern/LanternGlass_Normal.tga using Guid(7402face18a32a349b1d35a4c1b02667) Importer(2089858483,0ecaa5967403d082aa24f35e1b516d23) Generated GUIDs only implemented for interfaces!
 -> (artifact id: '7e57b8685d9b9a32a7bc328d6b402e2d') in 0.072854 seconds
Number of updated asset objects reloaded before import = 0
Number of asset objects unloaded after import = 1
========================================================================
Received Import Request.
  Time since last request: 0.004194 seconds.
  path: Assets/PollyPrivateers/Objects/Lantern/Lantern_Albedo.tga
  artifactKey: Guid(b39d7b9261d61e443bec33c2123d9151) Importer(2089858483,0ecaa5967403d082aa24f35e1b516d23)
Start importing Assets/PollyPrivateers/Objects/Lantern/Lantern_Albedo.tga using Guid(b39d7b9261d61e443bec33c2123d9151) Importer(2089858483,0ecaa5967403d082aa24f35e1b516d23) Generated GUIDs only implemented for interfaces!
 -> (artifact id: '9b6ad347ca85c35f24545d149600f64c') in 0.133046 seconds
Number of updated asset objects reloaded before import = 0
Number of asset objects unloaded after import = 1
========================================================================
Received Import Request.
  Time since last request: 0.004127 seconds.
  path: Assets/PollyPrivateers/Objects/Chair2/Chair2_Normal.tga
  artifactKey: Guid(0a2d96b88ea6e9f448af64171ce921de) Importer(2089858483,0ecaa5967403d082aa24f35e1b516d23)
Start importing Assets/PollyPrivateers/Objects/Chair2/Chair2_Normal.tga using Guid(0a2d96b88ea6e9f448af64171ce921de) Importer(2089858483,0ecaa5967403d082aa24f35e1b516d23) Generated GUIDs only implemented for interfaces!
 -> (artifact id: '41236f577723a786fbd8bb4fada66f2d') in 0.166582 seconds
Number of updated asset objects reloaded before import = 0
Number of asset objects unloaded after import = 1
========================================================================
Received Import Request.
  Time since last request: 0.003895 seconds.
  path: Assets/PollyPrivateers/Objects/LargeTable/LargeTable_Normal.tga
  artifactKey: Guid(b48be7400f9fb6448986f1af5b13e8e4) Importer(2089858483,0ecaa5967403d082aa24f35e1b516d23)
Start importing Assets/PollyPrivateers/Objects/LargeTable/LargeTable_Normal.tga using Guid(b48be7400f9fb6448986f1af5b13e8e4) Importer(2089858483,0ecaa5967403d082aa24f35e1b516d23) Generated GUIDs only implemented for interfaces!
 -> (artifact id: '36b45058ec8a48b93e1efbaa8b0c4934') in 0.196065 seconds
Number of updated asset objects reloaded before import = 0
Number of asset objects unloaded after import = 1
========================================================================
Received Import Request.
  Time since last request: 0.003888 seconds.
  path: Assets/PollyPrivateers/Objects/LargeTable/LargeTable_Occlusion.tga
  artifactKey: Guid(08fe8677c142d384f9ed7a0b31c2fa4b) Importer(2089858483,0ecaa5967403d082aa24f35e1b516d23)
Start importing Assets/PollyPrivateers/Objects/LargeTable/LargeTable_Occlusion.tga using Guid(08fe8677c142d384f9ed7a0b31c2fa4b) Importer(2089858483,0ecaa5967403d082aa24f35e1b516d23) Generated GUIDs only implemented for interfaces!
 -> (artifact id: 'c8b908c582e5876c0601355614ba4e27') in 0.128787 seconds
Number of updated asset objects reloaded before import = 0
Number of asset objects unloaded after import = 1
========================================================================
Received Import Request.
  Time since last request: 0.003925 seconds.
  path: Assets/PollyPrivateers/Objects/LargeTable/LargeTable_Albedo.tga
  artifactKey: Guid(35124451eb9dac046aafaf5509948e83) Importer(2089858483,0ecaa5967403d082aa24f35e1b516d23)
Start importing Assets/PollyPrivateers/Objects/LargeTable/LargeTable_Albedo.tga using Guid(35124451eb9dac046aafaf5509948e83) Importer(2089858483,0ecaa5967403d082aa24f35e1b516d23) Generated GUIDs only implemented for interfaces!
 -> (artifact id: '02084bd7b64f89923cb443bca260a20a') in 0.167151 seconds
Number of updated asset objects reloaded before import = 0
Number of asset objects unloaded after import = 1
========================================================================
Received Import Request.
  Time since last request: 0.004158 seconds.
  path: Assets/PollyPrivateers/Objects/Lantern/LanternGlass_Specular.tga
  artifactKey: Guid(c2ceb610e171d1044b6b74d43edcbd38) Importer(2089858483,0ecaa5967403d082aa24f35e1b516d23)
Start importing Assets/PollyPrivateers/Objects/Lantern/LanternGlass_Specular.tga using Guid(c2ceb610e171d1044b6b74d43edcbd38) Importer(2089858483,0ecaa5967403d082aa24f35e1b516d23) Generated GUIDs only implemented for interfaces!
 -> (artifact id: 'ee421c0e78dbc45591d919fed7f17bfc') in 0.117758 seconds
Number of updated asset objects reloaded before import = 0
Number of asset objects unloaded after import = 1
========================================================================
Received Import Request.
  Time since last request: 0.003300 seconds.
  path: Assets/PollyPrivateers/Objects/Batch of Decors 3/Batch of decors 3_Normal.tga
  artifactKey: Guid(d4909d0417236d94bb66a39c76862a67) Importer(2089858483,0ecaa5967403d082aa24f35e1b516d23)
Start importing Assets/PollyPrivateers/Objects/Batch of Decors 3/Batch of decors 3_Normal.tga using Guid(d4909d0417236d94bb66a39c76862a67) Importer(2089858483,0ecaa5967403d082aa24f35e1b516d23) Generated GUIDs only implemented for interfaces!
 -> (artifact id: '1e46b83fd17508db03072ba9d0703c8a') in 0.157695 seconds
Number of updated asset objects reloaded before import = 0
Number of asset objects unloaded after import = 1
========================================================================
Received Import Request.
  Time since last request: 0.004234 seconds.
  path: Assets/PollyPrivateers/Objects/Bags/Bags_Normal.tga
  artifactKey: Guid(4e3991f2db0f03d45b13447456ea58c2) Importer(2089858483,0ecaa5967403d082aa24f35e1b516d23)
Start importing Assets/PollyPrivateers/Objects/Bags/Bags_Normal.tga using Guid(4e3991f2db0f03d45b13447456ea58c2) Importer(2089858483,0ecaa5967403d082aa24f35e1b516d23) Generated GUIDs only implemented for interfaces!
 -> (artifact id: '0345ae40ec87bf452cd54a09f36e49e3') in 0.133645 seconds
Number of updated asset objects reloaded before import = 0
Number of asset objects unloaded after import = 1
========================================================================
Received Import Request.
  Time since last request: 0.003374 seconds.
  path: Assets/PollyPrivateers/Objects/NewRoundTable/NewRoundTable_Normal.tga
  artifactKey: Guid(01c51734d80713a4887a273985830ad1) Importer(2089858483,0ecaa5967403d082aa24f35e1b516d23)
Start importing Assets/PollyPrivateers/Objects/NewRoundTable/NewRoundTable_Normal.tga using Guid(01c51734d80713a4887a273985830ad1) Importer(2089858483,0ecaa5967403d082aa24f35e1b516d23) Generated GUIDs only implemented for interfaces!
 -> (artifact id: '5e9b7baa44f193255babab3e6e944009') in 0.151661 seconds
Number of updated asset objects reloaded before import = 0
Number of asset objects unloaded after import = 1
========================================================================
Received Import Request.
  Time since last request: 0.002337 seconds.
  path: Assets/Scenes/Game.unity
  artifactKey: Guid(c1ddc10fb14064f4bbcc0028d92cc348) Importer(2089858483,0ecaa5967403d082aa24f35e1b516d23)
Start importing Assets/Scenes/Game.unity using Guid(c1ddc10fb14064f4bbcc0028d92cc348) Importer(2089858483,0ecaa5967403d082aa24f35e1b516d23) Generated GUIDs only implemented for interfaces!
 -> (artifact id: '561bc76982a91e24fd5d0056b439e689') in 0.031843 seconds
Number of updated asset objects reloaded before import = 0
Number of asset objects unloaded after import = 1
========================================================================
Received Import Request.
  Time since last request: 0.003539 seconds.
  path: Assets/PollyPrivateers/Objects/Firewood/Firewood.fbx
  artifactKey: Guid(9dce4c3c85f7a044d9ab5dbd7908eb4a) Importer(2089858483,0ecaa5967403d082aa24f35e1b516d23)
Start importing Assets/PollyPrivateers/Objects/Firewood/Firewood.fbx using Guid(9dce4c3c85f7a044d9ab5dbd7908eb4a) Importer(2089858483,0ecaa5967403d082aa24f35e1b516d23) Generated GUIDs only implemented for interfaces!
 -> (artifact id: '0fda688db0572b5a273527ad61a542bd') in 0.068929 seconds
Number of updated asset objects reloaded before import = 0
Number of asset objects unloaded after import = 19
========================================================================
Received Import Request.
  Time since last request: 0.002919 seconds.
  path: Assets/Mini First Person Controller/Audio/Jump/Jump 1.wav
  artifactKey: Guid(3888a1e1c52793144a6d07b8c508772e) Importer(2089858483,0ecaa5967403d082aa24f35e1b516d23)
Start importing Assets/Mini First Person Controller/Audio/Jump/Jump 1.wav using Guid(3888a1e1c52793144a6d07b8c508772e) Importer(2089858483,0ecaa5967403d082aa24f35e1b516d23) Generated GUIDs only implemented for interfaces!
 -> (artifact id: 'f0938813ff02885be39ab7c03bcf688b') in 0.082492 seconds
Number of updated asset objects reloaded before import = 0
Number of asset objects unloaded after import = 1
========================================================================
Received Import Request.
  Time since last request: 0.002879 seconds.
  path: Assets/PollyPrivateers/Objects/Firewood/Firewood2_Albedo.tga
  artifactKey: Guid(9735a294818472c40903eb8f3bf8b9c0) Importer(2089858483,0ecaa5967403d082aa24f35e1b516d23)
Start importing Assets/PollyPrivateers/Objects/Firewood/Firewood2_Albedo.tga using Guid(9735a294818472c40903eb8f3bf8b9c0) Importer(2089858483,0ecaa5967403d082aa24f35e1b516d23) Generated GUIDs only implemented for interfaces!
 -> (artifact id: '84662870f7670939716107168aed42b5') in 0.080535 seconds
Number of updated asset objects reloaded before import = 0
Number of asset objects unloaded after import = 1
========================================================================
Received Import Request.
  Time since last request: 0.003575 seconds.
  path: Assets/PollyPrivateers/Objects/Pear/Pear.obj
  artifactKey: Guid(80b989b368ba9df4e871de65426b316a) Importer(2089858483,0ecaa5967403d082aa24f35e1b516d23)
Start importing Assets/PollyPrivateers/Objects/Pear/Pear.obj using Guid(80b989b368ba9df4e871de65426b316a) Importer(2089858483,0ecaa5967403d082aa24f35e1b516d23) Generated GUIDs only implemented for interfaces!
 -> (artifact id: 'ef17e730b35af843fc9665ca7409c816') in 0.089949 seconds
Number of updated asset objects reloaded before import = 0
Number of asset objects unloaded after import = 10
========================================================================
Received Import Request.
  Time since last request: 0.003992 seconds.
  path: Assets/PollyPrivateers/Objects/OpenBarrel/OpenBarrel_Specular.tga
  artifactKey: Guid(24c8263e05c3ea646b9ba3baac94dc45) Importer(2089858483,0ecaa5967403d082aa24f35e1b516d23)
Start importing Assets/PollyPrivateers/Objects/OpenBarrel/OpenBarrel_Specular.tga using Guid(24c8263e05c3ea646b9ba3baac94dc45) Importer(2089858483,0ecaa5967403d082aa24f35e1b516d23) Generated GUIDs only implemented for interfaces!
 -> (artifact id: '9e0de08445ee575b5faa1993b8e238f4') in 0.178846 seconds
Number of updated asset objects reloaded before import = 0
Number of asset objects unloaded after import = 1
========================================================================
Received Import Request.
  Time since last request: 0.003955 seconds.
  path: Assets/PollyPrivateers/Objects/OpenBarrel/OpenBarrelSmooth.obj
  artifactKey: Guid(8898706a92afbb84fa75e8355dcef562) Importer(2089858483,0ecaa5967403d082aa24f35e1b516d23)
Start importing Assets/PollyPrivateers/Objects/OpenBarrel/OpenBarrelSmooth.obj using Guid(8898706a92afbb84fa75e8355dcef562) Importer(2089858483,0ecaa5967403d082aa24f35e1b516d23) Generated GUIDs only implemented for interfaces!
 -> (artifact id: '8179eb003fe61176f43eb41375838963') in 0.112367 seconds
Number of updated asset objects reloaded before import = 0
Number of asset objects unloaded after import = 9
========================================================================
Received Import Request.
  Time since last request: 0.003475 seconds.
  path: Assets/PollyPrivateers/Objects/Pear/Pear_Specular.tga
  artifactKey: Guid(a83bc9fc9e5df1340847e96f0c42560c) Importer(2089858483,0ecaa5967403d082aa24f35e1b516d23)
Start importing Assets/PollyPrivateers/Objects/Pear/Pear_Specular.tga using Guid(a83bc9fc9e5df1340847e96f0c42560c) Importer(2089858483,0ecaa5967403d082aa24f35e1b516d23) Generated GUIDs only implemented for interfaces!
 -> (artifact id: '5af7bba8e10b2b0a5772ae39a5907431') in 0.090475 seconds
Number of updated asset objects reloaded before import = 0
Number of asset objects unloaded after import = 1
========================================================================
Received Import Request.
  Time since last request: 0.003102 seconds.
  path: Assets/PollyPrivateers/Objects/Pear/Pear_Normal.tga
  artifactKey: Guid(f2a6e38e6e97fd0448fbc373590e0dff) Importer(2089858483,0ecaa5967403d082aa24f35e1b516d23)
Start importing Assets/PollyPrivateers/Objects/Pear/Pear_Normal.tga using Guid(f2a6e38e6e97fd0448fbc373590e0dff) Importer(2089858483,0ecaa5967403d082aa24f35e1b516d23) Generated GUIDs only implemented for interfaces!
 -> (artifact id: '499a25d3a466e19864889d54a2ccd8c7') in 0.090978 seconds
Number of updated asset objects reloaded before import = 0
Number of asset objects unloaded after import = 1
========================================================================
Received Import Request.
  Time since last request: 0.004231 seconds.
  path: Assets/PollyPrivateers/Objects/Plank and Beam/PaB_Albedo.tga
  artifactKey: Guid(944c433f689fd7441a6f164492f6dfe1) Importer(2089858483,0ecaa5967403d082aa24f35e1b516d23)
Start importing Assets/PollyPrivateers/Objects/Plank and Beam/PaB_Albedo.tga using Guid(944c433f689fd7441a6f164492f6dfe1) Importer(2089858483,0ecaa5967403d082aa24f35e1b516d23) Generated GUIDs only implemented for interfaces!
 -> (artifact id: '1a24f6c2ac8344d1110163837c27178d') in 0.089237 seconds
Number of updated asset objects reloaded before import = 0
Number of asset objects unloaded after import = 1
========================================================================
Received Import Request.
  Time since last request: 0.003883 seconds.
  path: Assets/PollyPrivateers/Objects/Batch of Decors 2/Batch of Decors 2 .fbx
  artifactKey: Guid(232a44914592a284a828532c59df3dd9) Importer(2089858483,0ecaa5967403d082aa24f35e1b516d23)
Start importing Assets/PollyPrivateers/Objects/Batch of Decors 2/Batch of Decors 2 .fbx using Guid(232a44914592a284a828532c59df3dd9) Importer(2089858483,0ecaa5967403d082aa24f35e1b516d23) Generated GUIDs only implemented for interfaces!
 -> (artifact id: '6aed6730a5adf7db5e18bed78dac41c3') in 0.082622 seconds
Number of updated asset objects reloaded before import = 0
Number of asset objects unloaded after import = 34
========================================================================
Received Import Request.
  Time since last request: 0.003227 seconds.
  path: Assets/PollyPrivateers/Objects/FirePlace/FirePlace_Occlusion.tga
  artifactKey: Guid(9f32ca4e0d80fa2418313572d3c57596) Importer(2089858483,0ecaa5967403d082aa24f35e1b516d23)
Start importing Assets/PollyPrivateers/Objects/FirePlace/FirePlace_Occlusion.tga using Guid(9f32ca4e0d80fa2418313572d3c57596) Importer(2089858483,0ecaa5967403d082aa24f35e1b516d23) Generated GUIDs only implemented for interfaces!
 -> (artifact id: 'd14163f9070ea20e301ba6b8dcd24dcd') in 0.176129 seconds
Number of updated asset objects reloaded before import = 0
Number of asset objects unloaded after import = 1
========================================================================
Received Import Request.
  Time since last request: 0.005621 seconds.
  path: Assets/PollyPrivateers/Objects/Pollybu/Pollybu_Normal.tga
  artifactKey: Guid(0f4fdc03c95b8ce4598e7181c9f8d7e1) Importer(2089858483,0ecaa5967403d082aa24f35e1b516d23)
Start importing Assets/PollyPrivateers/Objects/Pollybu/Pollybu_Normal.tga using Guid(0f4fdc03c95b8ce4598e7181c9f8d7e1) Importer(2089858483,0ecaa5967403d082aa24f35e1b516d23) Generated GUIDs only implemented for interfaces!
 -> (artifact id: 'b214e99b8e55d375df33b5cc01d23454') in 0.083316 seconds
Number of updated asset objects reloaded before import = 0
Number of asset objects unloaded after import = 1
========================================================================
Received Import Request.
  Time since last request: 0.008917 seconds.
  path: Assets/PollyPrivateers/Objects/Pollybu/Pollybu_Specular.tga
  artifactKey: Guid(c866ac9ece021964486edb355d3c2550) Importer(2089858483,0ecaa5967403d082aa24f35e1b516d23)
Start importing Assets/PollyPrivateers/Objects/Pollybu/Pollybu_Specular.tga using Guid(c866ac9ece021964486edb355d3c2550) Importer(2089858483,0ecaa5967403d082aa24f35e1b516d23) Generated GUIDs only implemented for interfaces!
 -> (artifact id: '6b0f567a5fd029ac9d9b859e381599ef') in 0.084490 seconds
Number of updated asset objects reloaded before import = 0
Number of asset objects unloaded after import = 1
========================================================================
Received Import Request.
  Time since last request: 0.004018 seconds.
  path: Assets/PollyPrivateers/Objects/Lantern/GlowMaterial.mat
  artifactKey: Guid(989d33884ee96384ebc4cb2883ac6505) Importer(2089858483,0ecaa5967403d082aa24f35e1b516d23)
Start importing Assets/PollyPrivateers/Objects/Lantern/GlowMaterial.mat using Guid(989d33884ee96384ebc4cb2883ac6505) Importer(2089858483,0ecaa5967403d082aa24f35e1b516d23) Generated GUIDs only implemented for interfaces!
 -> (artifact id: '3639cfdb530287fc542f6d5e648db359') in 0.048421 seconds
Number of updated asset objects reloaded before import = 0
Number of asset objects unloaded after import = 1
========================================================================
Received Import Request.
  Time since last request: 0.003140 seconds.
  path: Assets/PollyPrivateers/Objects/FireCamp/FireCamp.obj
  artifactKey: Guid(26be135a1685dfc4eb47985dee792a11) Importer(2089858483,0ecaa5967403d082aa24f35e1b516d23)
Start importing Assets/PollyPrivateers/Objects/FireCamp/FireCamp.obj using Guid(26be135a1685dfc4eb47985dee792a11) Importer(2089858483,0ecaa5967403d082aa24f35e1b516d23) Generated GUIDs only implemented for interfaces!
 -> (artifact id: '894ae6a4bfa1702d57c8d59a1b0679b4') in 0.091941 seconds
Number of updated asset objects reloaded before import = 0
Number of asset objects unloaded after import = 46
========================================================================
Received Import Request.
  Time since last request: 0.002801 seconds.
  path: Assets/PollyPrivateers/Objects/Pots/Pots.fbx
  artifactKey: Guid(3305dcff785eeea4ca19e91189035ddb) Importer(2089858483,0ecaa5967403d082aa24f35e1b516d23)
Start importing Assets/PollyPrivateers/Objects/Pots/Pots.fbx using Guid(3305dcff785eeea4ca19e91189035ddb) Importer(2089858483,0ecaa5967403d082aa24f35e1b516d23) Generated GUIDs only implemented for interfaces!
 -> (artifact id: 'f072f7f1198c90be2781e87dedd61a73') in 0.127441 seconds
Number of updated asset objects reloaded before import = 0
Number of asset objects unloaded after import = 34
========================================================================
Received Import Request.
  Time since last request: 0.002874 seconds.
  path: Assets/PollyPrivateers/Objects/RareColor/RareColor.obj
  artifactKey: Guid(804e5d0667240b44597d8b308e9ef885) Importer(2089858483,0ecaa5967403d082aa24f35e1b516d23)
Start importing Assets/PollyPrivateers/Objects/RareColor/RareColor.obj using Guid(804e5d0667240b44597d8b308e9ef885) Importer(2089858483,0ecaa5967403d082aa24f35e1b516d23) Generated GUIDs only implemented for interfaces!
 -> (artifact id: 'cdc44b3c53ee5e7b75e7fd360b6b42b4') in 0.150231 seconds
Number of updated asset objects reloaded before import = 0
Number of asset objects unloaded after import = 10
========================================================================
Received Import Request.
  Time since last request: 0.002584 seconds.
  path: Assets/PollyPrivateers/Objects/Pots/Pots_Normal.tga
  artifactKey: Guid(21587256268f1e540bdf632afd297b9c) Importer(2089858483,0ecaa5967403d082aa24f35e1b516d23)
Start importing Assets/PollyPrivateers/Objects/Pots/Pots_Normal.tga using Guid(21587256268f1e540bdf632afd297b9c) Importer(2089858483,0ecaa5967403d082aa24f35e1b516d23) Generated GUIDs only implemented for interfaces!
 -> (artifact id: '6ea7c1768f2e34cab0a1b04f685bdbad') in 0.170765 seconds
Number of updated asset objects reloaded before import = 0
Number of asset objects unloaded after import = 1
========================================================================
Received Import Request.
  Time since last request: 0.003316 seconds.
  path: Assets/PollyPrivateers/Objects/Pots/Pots_Occlusion.tga
  artifactKey: Guid(d76e784931ece8743a47b29fab152001) Importer(2089858483,0ecaa5967403d082aa24f35e1b516d23)
Start importing Assets/PollyPrivateers/Objects/Pots/Pots_Occlusion.tga using Guid(d76e784931ece8743a47b29fab152001) Importer(2089858483,0ecaa5967403d082aa24f35e1b516d23) Generated GUIDs only implemented for interfaces!
 -> (artifact id: '7b35ae9acc8f3e8b11545f64cfc8449e') in 0.146117 seconds
Number of updated asset objects reloaded before import = 0
Number of asset objects unloaded after import = 1
========================================================================
Received Import Request.
  Time since last request: 0.003993 seconds.
  path: Assets/PollyPrivateers/Objects/RareColor/RareColor_Occlusion.tga
  artifactKey: Guid(186c3e3dcf7549440acf76b93b2ca583) Importer(2089858483,0ecaa5967403d082aa24f35e1b516d23)
Start importing Assets/PollyPrivateers/Objects/RareColor/RareColor_Occlusion.tga using Guid(186c3e3dcf7549440acf76b93b2ca583) Importer(2089858483,0ecaa5967403d082aa24f35e1b516d23) Generated GUIDs only implemented for interfaces!
 -> (artifact id: '7d9f9b16b820e90e4b2b0ce98f7c265d') in 0.158277 seconds
Number of updated asset objects reloaded before import = 0
Number of asset objects unloaded after import = 1
========================================================================
Received Import Request.
  Time since last request: 0.003528 seconds.
  path: Assets/PollyPrivateers/Objects/Batch Of Decors 6/Batch of Decors 6.fbx
  artifactKey: Guid(c772ee9bbca274a4a88701f0775df720) Importer(2089858483,0ecaa5967403d082aa24f35e1b516d23)
Start importing Assets/PollyPrivateers/Objects/Batch Of Decors 6/Batch of Decors 6.fbx using Guid(c772ee9bbca274a4a88701f0775df720) Importer(2089858483,0ecaa5967403d082aa24f35e1b516d23) Generated GUIDs only implemented for interfaces!
 -> (artifact id: '3f8ee21b342b6027c7522d7ec8bfb709') in 0.129201 seconds
Number of updated asset objects reloaded before import = 0
Number of asset objects unloaded after import = 84
========================================================================
Received Import Request.
  Time since last request: 0.003552 seconds.
  path: Assets/PollyPrivateers/Objects/SculptedDesk/SculptedDesk_Specular.tga
  artifactKey: Guid(0c0fb5aab0b733f46a27db9911511477) Importer(2089858483,0ecaa5967403d082aa24f35e1b516d23)
Start importing Assets/PollyPrivateers/Objects/SculptedDesk/SculptedDesk_Specular.tga using Guid(0c0fb5aab0b733f46a27db9911511477) Importer(2089858483,0ecaa5967403d082aa24f35e1b516d23) Generated GUIDs only implemented for interfaces!
 -> (artifact id: '23fc54bcc3a38c03ea6097b78b5d9293') in 0.218964 seconds
Number of updated asset objects reloaded before import = 0
Number of asset objects unloaded after import = 1
========================================================================
Received Import Request.
  Time since last request: 0.005782 seconds.
  path: Assets/PollyPrivateers/Objects/Batch Of Decors 6/BOF6.mat
  artifactKey: Guid(69bc68d7aaf9be94794c8247440961c0) Importer(2089858483,0ecaa5967403d082aa24f35e1b516d23)
Start importing Assets/PollyPrivateers/Objects/Batch Of Decors 6/BOF6.mat using Guid(69bc68d7aaf9be94794c8247440961c0) Importer(2089858483,0ecaa5967403d082aa24f35e1b516d23) Generated GUIDs only implemented for interfaces!
 -> (artifact id: '091e66bab05ed0b9260e24d85075ec06') in 0.443988 seconds
Number of updated asset objects reloaded before import = 0
Number of asset objects unloaded after import = 5
========================================================================
Received Import Request.
  Time since last request: 0.001377 seconds.
  path: Assets/PollyPrivateers/Objects/Chair2/Chair2_Albedo.tga
  artifactKey: Guid(176e78d534ebaea4e9269e3f76897160) Importer(2089858483,0ecaa5967403d082aa24f35e1b516d23)
Start importing Assets/PollyPrivateers/Objects/Chair2/Chair2_Albedo.tga using Guid(176e78d534ebaea4e9269e3f76897160) Importer(2089858483,0ecaa5967403d082aa24f35e1b516d23) Generated GUIDs only implemented for interfaces!
 -> (artifact id: '67bf7d5c567865f4d5b91e40c3d61e3c') in 0.139047 seconds
Number of updated asset objects reloaded before import = 0
Number of asset objects unloaded after import = 1
========================================================================
Received Import Request.
  Time since last request: 0.002477 seconds.
  path: Assets/PollyPrivateers/Objects/Chair/Chair.mat
  artifactKey: Guid(f8a89ed29488c424d930a74ed414c36d) Importer(2089858483,0ecaa5967403d082aa24f35e1b516d23)
Start importing Assets/PollyPrivateers/Objects/Chair/Chair.mat using Guid(f8a89ed29488c424d930a74ed414c36d) Importer(2089858483,0ecaa5967403d082aa24f35e1b516d23) Generated GUIDs only implemented for interfaces!
 -> (artifact id: '119b35d2c9f33fb30e595a62b35b8e47') in 0.195028 seconds
Number of updated asset objects reloaded before import = 0
Number of asset objects unloaded after import = 6
========================================================================
Received Import Request.
  Time since last request: 0.000449 seconds.
  path: Assets/PollyPrivateers/Objects/Simple Bottle/Simple BottleMaterial.mat
  artifactKey: Guid(ae232d1c9e2394045ae6cdf497d096fb) Importer(2089858483,0ecaa5967403d082aa24f35e1b516d23)
Start importing Assets/PollyPrivateers/Objects/Simple Bottle/Simple BottleMaterial.mat using Guid(ae232d1c9e2394045ae6cdf497d096fb) Importer(2089858483,0ecaa5967403d082aa24f35e1b516d23) Generated GUIDs only implemented for interfaces!
 -> (artifact id: 'fbc5305f88a3f078d125360586dadf90') in 0.146587 seconds
Number of updated asset objects reloaded before import = 0
Number of asset objects unloaded after import = 5
========================================================================
Received Import Request.
  Time since last request: 0.000996 seconds.
  path: Assets/PollyPrivateers/Objects/Chair/Chair_Occlusion.tga
  artifactKey: Guid(08d68eb1b24cc444d84a2c22c413bc96) Importer(2089858483,0ecaa5967403d082aa24f35e1b516d23)
Start importing Assets/PollyPrivateers/Objects/Chair/Chair_Occlusion.tga using Guid(08d68eb1b24cc444d84a2c22c413bc96) Importer(2089858483,0ecaa5967403d082aa24f35e1b516d23) Generated GUIDs only implemented for interfaces!
 -> (artifact id: '185cc8e3d91ad6204ec518e7a82634c9') in 0.079106 seconds
Number of updated asset objects reloaded before import = 0
Number of asset objects unloaded after import = 1
========================================================================
Received Import Request.
  Time since last request: 0.002916 seconds.
  path: Assets/Scripts/Dartboard.cs
  artifactKey: Guid(a9867e1bd2e993344939dc083f56fe29) Importer(2089858483,0ecaa5967403d082aa24f35e1b516d23)
Start importing Assets/Scripts/Dartboard.cs using Guid(a9867e1bd2e993344939dc083f56fe29) Importer(2089858483,0ecaa5967403d082aa24f35e1b516d23) Generated GUIDs only implemented for interfaces!
 -> (artifact id: '1ba64be9a6bd51d0688578316f3a6e2b') in 0.093658 seconds
Number of updated asset objects reloaded before import = 0
Number of asset objects unloaded after import = 1
========================================================================
Received Import Request.
  Time since last request: 0.004937 seconds.
  path: Assets/PollyPrivateers/Objects/KitchenDesk/KitchenDesk_Occlusion.tga
  artifactKey: Guid(c31fef202cf0f414faf155d3974a924a) Importer(2089858483,0ecaa5967403d082aa24f35e1b516d23)
Start importing Assets/PollyPrivateers/Objects/KitchenDesk/KitchenDesk_Occlusion.tga using Guid(c31fef202cf0f414faf155d3974a924a) Importer(2089858483,0ecaa5967403d082aa24f35e1b516d23) Generated GUIDs only implemented for interfaces!
 -> (artifact id: 'e8a2aa624ef7b45dfa27ff14f63cda28') in 0.106197 seconds
Number of updated asset objects reloaded before import = 0
Number of asset objects unloaded after import = 1
========================================================================
Received Import Request.
  Time since last request: 0.004009 seconds.
  path: Assets/PollyPrivateers/Objects/Stair and Kitchen props/Stairs and Kitchen Props_Albedo.tga
  artifactKey: Guid(69c505f5272c6304ebc5ce19fd99df53) Importer(2089858483,0ecaa5967403d082aa24f35e1b516d23)
Start importing Assets/PollyPrivateers/Objects/Stair and Kitchen props/Stairs and Kitchen Props_Albedo.tga using Guid(69c505f5272c6304ebc5ce19fd99df53) Importer(2089858483,0ecaa5967403d082aa24f35e1b516d23) Generated GUIDs only implemented for interfaces!
 -> (artifact id: 'a6a1b767f804abf5a0eb63b9b29444a7') in 0.165403 seconds
Number of updated asset objects reloaded before import = 0
Number of asset objects unloaded after import = 1
========================================================================
Received Import Request.
  Time since last request: 0.002789 seconds.
  path: Assets/PollyPrivateers/Objects/Simple Bottle/Simple Bottle_Occlusion.tga
  artifactKey: Guid(4b79866e2dd56a846892e2c6b5f7d3a8) Importer(2089858483,0ecaa5967403d082aa24f35e1b516d23)
Start importing Assets/PollyPrivateers/Objects/Simple Bottle/Simple Bottle_Occlusion.tga using Guid(4b79866e2dd56a846892e2c6b5f7d3a8) Importer(2089858483,0ecaa5967403d082aa24f35e1b516d23) Generated GUIDs only implemented for interfaces!
 -> (artifact id: '782381314ebba3016e5da6acda67756d') in 0.098852 seconds
Number of updated asset objects reloaded before import = 0
Number of asset objects unloaded after import = 1
========================================================================
Received Import Request.
  Time since last request: 0.005863 seconds.
  path: Assets/PollyPrivateers/Objects/Howards Compass/Howards Compass_Occlusion.tga
  artifactKey: Guid(bd31c62a759545c4f852455c67424fcb) Importer(2089858483,0ecaa5967403d082aa24f35e1b516d23)
Start importing Assets/PollyPrivateers/Objects/Howards Compass/Howards Compass_Occlusion.tga using Guid(bd31c62a759545c4f852455c67424fcb) Importer(2089858483,0ecaa5967403d082aa24f35e1b516d23) Generated GUIDs only implemented for interfaces!
 -> (artifact id: '67cc098affaa8e48349ba7942d772812') in 0.083024 seconds
Number of updated asset objects reloaded before import = 0
Number of asset objects unloaded after import = 1
========================================================================
Received Import Request.
  Time since last request: 0.003602 seconds.
  path: Assets/PollyPrivateers/Objects/TanjasDesk/TanjasDesk_Normal.tga
  artifactKey: Guid(379d2663f26d22c4a88922af0072fd9c) Importer(2089858483,0ecaa5967403d082aa24f35e1b516d23)
Start importing Assets/PollyPrivateers/Objects/TanjasDesk/TanjasDesk_Normal.tga using Guid(379d2663f26d22c4a88922af0072fd9c) Importer(2089858483,0ecaa5967403d082aa24f35e1b516d23) Generated GUIDs only implemented for interfaces!
 -> (artifact id: '780a376b0091d588ee3daade64f025f5') in 0.145084 seconds
Number of updated asset objects reloaded before import = 0
Number of asset objects unloaded after import = 1
========================================================================
Received Import Request.
  Time since last request: 0.003305 seconds.
  path: Assets/PollyPrivateers/Objects/Stair and Kitchen props/Stairs and Kitchen Props_Occlusion.tga
  artifactKey: Guid(80ed064e2b6d6f24f8b1e5009bab2b7f) Importer(2089858483,0ecaa5967403d082aa24f35e1b516d23)
Start importing Assets/PollyPrivateers/Objects/Stair and Kitchen props/Stairs and Kitchen Props_Occlusion.tga using Guid(80ed064e2b6d6f24f8b1e5009bab2b7f) Importer(2089858483,0ecaa5967403d082aa24f35e1b516d23) Generated GUIDs only implemented for interfaces!
 -> (artifact id: '56ca2690cc862713775df858b8b904f5') in 0.141503 seconds
Number of updated asset objects reloaded before import = 0
Number of asset objects unloaded after import = 1
========================================================================
Received Import Request.
  Time since last request: 0.003110 seconds.
  path: Assets/PollyPrivateers/Objects/TanjasDesk/TanjasDesk.fbx
  artifactKey: Guid(3a473985c64f4da4f8c1e46a00a83984) Importer(2089858483,0ecaa5967403d082aa24f35e1b516d23)
Start importing Assets/PollyPrivateers/Objects/TanjasDesk/TanjasDesk.fbx using Guid(3a473985c64f4da4f8c1e46a00a83984) Importer(2089858483,0ecaa5967403d082aa24f35e1b516d23) Generated GUIDs only implemented for interfaces!
 -> (artifact id: 'f4b08731cec888e015bf459b3ea82aee') in 0.070187 seconds
Number of updated asset objects reloaded before import = 0
Number of asset objects unloaded after import = 7
========================================================================
Received Import Request.
  Time since last request: 0.003112 seconds.
  path: Assets/PollyPrivateers/Objects/TavernDoor/TavernDoor.fbx
  artifactKey: Guid(27b147df08d763243af888dfb0ed7366) Importer(2089858483,0ecaa5967403d082aa24f35e1b516d23)
Start importing Assets/PollyPrivateers/Objects/TavernDoor/TavernDoor.fbx using Guid(27b147df08d763243af888dfb0ed7366) Importer(2089858483,0ecaa5967403d082aa24f35e1b516d23) Generated GUIDs only implemented for interfaces!
 -> (artifact id: '3843dcd3bb494e5f78dae3e2861bba0b') in 0.119772 seconds
Number of updated asset objects reloaded before import = 0
Number of asset objects unloaded after import = 19
========================================================================
Received Import Request.
  Time since last request: 0.002761 seconds.
  path: Assets/PollyPrivateers/Objects/TavernDoor/TavernDoor.mat
  artifactKey: Guid(f389dba8e57326443bc775f4d3c6cbc4) Importer(2089858483,0ecaa5967403d082aa24f35e1b516d23)
Start importing Assets/PollyPrivateers/Objects/TavernDoor/TavernDoor.mat using Guid(f389dba8e57326443bc775f4d3c6cbc4) Importer(2089858483,0ecaa5967403d082aa24f35e1b516d23) Generated GUIDs only implemented for interfaces!
 -> (artifact id: 'ee01c0ff6bad5a657ebcb1cbdbff56ff') in 0.463375 seconds
Number of updated asset objects reloaded before import = 0
Number of asset objects unloaded after import = 5
========================================================================
Received Import Request.
  Time since last request: 0.002427 seconds.
  path: Assets/PollyPrivateers/Objects/TavernDoor/TavernDoor_Normal.tga
  artifactKey: Guid(6b3eb3d7feb0fd248865a349ac0b7922) Importer(2089858483,0ecaa5967403d082aa24f35e1b516d23)
Start importing Assets/PollyPrivateers/Objects/TavernDoor/TavernDoor_Normal.tga using Guid(6b3eb3d7feb0fd248865a349ac0b7922) Importer(2089858483,0ecaa5967403d082aa24f35e1b516d23) Generated GUIDs only implemented for interfaces!
 -> (artifact id: 'fd15c0edd322ca7f61ea3dd202e73115') in 0.186528 seconds
Number of updated asset objects reloaded before import = 0
Number of asset objects unloaded after import = 1
========================================================================
Received Import Request.
  Time since last request: 0.003973 seconds.
  path: Assets/PollyPrivateers/Objects/TavernDoor/TavernDoor_Occlusion.tga
  artifactKey: Guid(baecc917c05e55a4e84ed2a2e983b061) Importer(2089858483,0ecaa5967403d082aa24f35e1b516d23)
Start importing Assets/PollyPrivateers/Objects/TavernDoor/TavernDoor_Occlusion.tga using Guid(baecc917c05e55a4e84ed2a2e983b061) Importer(2089858483,0ecaa5967403d082aa24f35e1b516d23) Generated GUIDs only implemented for interfaces!
 -> (artifact id: '93bd2e2a7a8f9c778ad1010d1da12fee') in 0.161377 seconds
Number of updated asset objects reloaded before import = 0
Number of asset objects unloaded after import = 1
========================================================================
Received Import Request.
  Time since last request: 0.004215 seconds.
  path: Assets/PollyPrivateers/Objects/ThatTable/ThatTable_Normal.tga
  artifactKey: Guid(78e9010c7ac49f64aaea35bed1e7b63b) Importer(2089858483,0ecaa5967403d082aa24f35e1b516d23)
Start importing Assets/PollyPrivateers/Objects/ThatTable/ThatTable_Normal.tga using Guid(78e9010c7ac49f64aaea35bed1e7b63b) Importer(2089858483,0ecaa5967403d082aa24f35e1b516d23) Generated GUIDs only implemented for interfaces!
 -> (artifact id: 'b70dfd2ec1758bc3059cf9d857218413') in 0.212313 seconds
Number of updated asset objects reloaded before import = 0
Number of asset objects unloaded after import = 1
========================================================================
Received Import Request.
  Time since last request: 0.005530 seconds.
  path: Assets/PollyPrivateers/Objects/ThatTable/ThatTable_Albedo.tga
  artifactKey: Guid(daf35be5368499847901c12f4348878e) Importer(2089858483,0ecaa5967403d082aa24f35e1b516d23)
Start importing Assets/PollyPrivateers/Objects/ThatTable/ThatTable_Albedo.tga using Guid(daf35be5368499847901c12f4348878e) Importer(2089858483,0ecaa5967403d082aa24f35e1b516d23) Generated GUIDs only implemented for interfaces!
 -> (artifact id: 'd6441387d4e3ecf4c80e534280d774f0') in 0.160234 seconds
Number of updated asset objects reloaded before import = 0
Number of asset objects unloaded after import = 1
========================================================================
Received Import Request.
  Time since last request: 0.004237 seconds.
  path: Assets/PollyPrivateers/Objects/Pear/Pear.mat
  artifactKey: Guid(2621a818ff4de894e8f9da5f5f864a9b) Importer(2089858483,0ecaa5967403d082aa24f35e1b516d23)
Start importing Assets/PollyPrivateers/Objects/Pear/Pear.mat using Guid(2621a818ff4de894e8f9da5f5f864a9b) Importer(2089858483,0ecaa5967403d082aa24f35e1b516d23) Generated GUIDs only implemented for interfaces!
 -> (artifact id: 'bff5c8b1c110e65c5232cf047e29eb17') in 0.252224 seconds
Number of updated asset objects reloaded before import = 0
Number of asset objects unloaded after import = 5
========================================================================
Received Import Request.
  Time since last request: 0.001441 seconds.
  path: Assets/PollyPrivateers/Objects/TheGreatHunt Book/The Great Hunt Book.obj
  artifactKey: Guid(8ee34446786724d4ab7545c797378dfd) Importer(2089858483,0ecaa5967403d082aa24f35e1b516d23)
Start importing Assets/PollyPrivateers/Objects/TheGreatHunt Book/The Great Hunt Book.obj using Guid(8ee34446786724d4ab7545c797378dfd) Importer(2089858483,0ecaa5967403d082aa24f35e1b516d23) Generated GUIDs only implemented for interfaces!
 -> (artifact id: '49664315f85497772f4abdff166992e9') in 0.061505 seconds
Number of updated asset objects reloaded before import = 0
Number of asset objects unloaded after import = 9
========================================================================
Received Import Request.
  Time since last request: 0.003933 seconds.
  path: Assets/PollyPrivateers/Objects/TheGreatHunt Book/The Great Hunt Book_Albedo.tga
  artifactKey: Guid(daa038eda041f534d947a80ffc213009) Importer(2089858483,0ecaa5967403d082aa24f35e1b516d23)
Start importing Assets/PollyPrivateers/Objects/TheGreatHunt Book/The Great Hunt Book_Albedo.tga using Guid(daa038eda041f534d947a80ffc213009) Importer(2089858483,0ecaa5967403d082aa24f35e1b516d23) Generated GUIDs only implemented for interfaces!
 -> (artifact id: '59809adc5d916e2ebcf57ab9e048ab88') in 0.121974 seconds
Number of updated asset objects reloaded before import = 0
Number of asset objects unloaded after import = 1
========================================================================
Received Import Request.
  Time since last request: 0.004051 seconds.
  path: Assets/PollyPrivateers/Objects/TheGreatHunt Book/The Great Hunt.mat
  artifactKey: Guid(62e48fd76fd9b664abe34e9993cda318) Importer(2089858483,0ecaa5967403d082aa24f35e1b516d23)
Start importing Assets/PollyPrivateers/Objects/TheGreatHunt Book/The Great Hunt.mat using Guid(62e48fd76fd9b664abe34e9993cda318) Importer(2089858483,0ecaa5967403d082aa24f35e1b516d23) Generated GUIDs only implemented for interfaces!
 -> (artifact id: 'ff560122de3d8de0364598602783a93c') in 0.135677 seconds
Number of updated asset objects reloaded before import = 0
Number of asset objects unloaded after import = 4
========================================================================
Received Import Request.
  Time since last request: 0.002675 seconds.
  path: Assets/PollyPrivateers/Objects/SculptedDesk/SculptedDesk_Occlusion.tga
  artifactKey: Guid(a571baa65afcf5043a7262b412b9594e) Importer(2089858483,0ecaa5967403d082aa24f35e1b516d23)
Start importing Assets/PollyPrivateers/Objects/SculptedDesk/SculptedDesk_Occlusion.tga using Guid(a571baa65afcf5043a7262b412b9594e) Importer(2089858483,0ecaa5967403d082aa24f35e1b516d23) Generated GUIDs only implemented for interfaces!
 -> (artifact id: '9f7fb84535636ea8b5c43075716814ae') in 0.111660 seconds
Number of updated asset objects reloaded before import = 0
Number of asset objects unloaded after import = 1
========================================================================
Received Import Request.
  Time since last request: 0.003289 seconds.
  path: Assets/PollyPrivateers/Objects/TheShelf/TheShelf_Albedo.tga
  artifactKey: Guid(6b9207bce0f02374aa87555ddf1c6f8c) Importer(2089858483,0ecaa5967403d082aa24f35e1b516d23)
Start importing Assets/PollyPrivateers/Objects/TheShelf/TheShelf_Albedo.tga using Guid(6b9207bce0f02374aa87555ddf1c6f8c) Importer(2089858483,0ecaa5967403d082aa24f35e1b516d23) Generated GUIDs only implemented for interfaces!
 -> (artifact id: '4e2faf488cc353643f2d346c285bc995') in 0.127214 seconds
Number of updated asset objects reloaded before import = 0
Number of asset objects unloaded after import = 1
========================================================================
Received Import Request.
  Time since last request: 0.004064 seconds.
  path: Assets/PollyPrivateers/Objects/Pots/Pots_Specular.tga
  artifactKey: Guid(6dcdb81fc34405743a42fea75c808acc) Importer(2089858483,0ecaa5967403d082aa24f35e1b516d23)
Start importing Assets/PollyPrivateers/Objects/Pots/Pots_Specular.tga using Guid(6dcdb81fc34405743a42fea75c808acc) Importer(2089858483,0ecaa5967403d082aa24f35e1b516d23) Generated GUIDs only implemented for interfaces!
 -> (artifact id: 'd7e5e7baca9c1c198ba5bea0e0e68a50') in 0.133371 seconds
Number of updated asset objects reloaded before import = 0
Number of asset objects unloaded after import = 1
========================================================================
Received Import Request.
  Time since last request: 0.003929 seconds.
  path: Assets/PollyPrivateers/Objects/TheShelf/TheShelf_Normal.tga
  artifactKey: Guid(b3e824efac3fa2b4b8c5068f277f605f) Importer(2089858483,0ecaa5967403d082aa24f35e1b516d23)
Start importing Assets/PollyPrivateers/Objects/TheShelf/TheShelf_Normal.tga using Guid(b3e824efac3fa2b4b8c5068f277f605f) Importer(2089858483,0ecaa5967403d082aa24f35e1b516d23) Generated GUIDs only implemented for interfaces!
 -> (artifact id: '799aae93acdcf714cab47267a6ca4544') in 0.092822 seconds
Number of updated asset objects reloaded before import = 0
Number of asset objects unloaded after import = 1
========================================================================
Received Import Request.
  Time since last request: 0.049890 seconds.
  path: Assets/PollyPrivateers/Objects/TheShelf/TheShelf_Occlusion.tga
  artifactKey: Guid(ea69b1de80a610f4f84b2d65f080a9f8) Importer(2089858483,0ecaa5967403d082aa24f35e1b516d23)
Start importing Assets/PollyPrivateers/Objects/TheShelf/TheShelf_Occlusion.tga using Guid(ea69b1de80a610f4f84b2d65f080a9f8) Importer(2089858483,0ecaa5967403d082aa24f35e1b516d23) Generated GUIDs only implemented for interfaces!
 -> (artifact id: '79d277c9efa65e6833c64e1483b84897') in 0.161049 seconds
Number of updated asset objects reloaded before import = 0
Number of asset objects unloaded after import = 1
========================================================================
Received Import Request.
  Time since last request: 0.003758 seconds.
  path: Assets/PollyPrivateers/Objects/Ingridients/Ingridients.mat
  artifactKey: Guid(7f6c1dd5cae80d84783551fadd6c4176) Importer(2089858483,0ecaa5967403d082aa24f35e1b516d23)
Start importing Assets/PollyPrivateers/Objects/Ingridients/Ingridients.mat using Guid(7f6c1dd5cae80d84783551fadd6c4176) Importer(2089858483,0ecaa5967403d082aa24f35e1b516d23) Generated GUIDs only implemented for interfaces!
 -> (artifact id: 'aacc138b0e73844b03bd157f63df396d') in 0.269681 seconds
Number of updated asset objects reloaded before import = 0
Number of asset objects unloaded after import = 6
========================================================================
Received Import Request.
  Time since last request: 0.001299 seconds.
  path: Assets/PollyPrivateers/Objects/Torch/Torch_Emission.tga
  artifactKey: Guid(f0c85fc5a689b4c49862a7f9b2300b72) Importer(2089858483,0ecaa5967403d082aa24f35e1b516d23)
Start importing Assets/PollyPrivateers/Objects/Torch/Torch_Emission.tga using Guid(f0c85fc5a689b4c49862a7f9b2300b72) Importer(2089858483,0ecaa5967403d082aa24f35e1b516d23) Generated GUIDs only implemented for interfaces!
 -> (artifact id: 'a805077a5b755e4f5379ab15df9a9c97') in 0.101714 seconds
Number of updated asset objects reloaded before import = 0
Number of asset objects unloaded after import = 1
========================================================================
Received Import Request.
  Time since last request: 0.002914 seconds.
  path: Assets/PollyPrivateers/Objects/Lantern/Lantern.fbx
  artifactKey: Guid(6c1c60aa47aa9164c9a1790c2da46808) Importer(2089858483,0ecaa5967403d082aa24f35e1b516d23)
Start importing Assets/PollyPrivateers/Objects/Lantern/Lantern.fbx using Guid(6c1c60aa47aa9164c9a1790c2da46808) Importer(2089858483,0ecaa5967403d082aa24f35e1b516d23) Generated GUIDs only implemented for interfaces!
 -> (artifact id: 'fb060a4268e37427606a0e665c311ad4') in 0.071420 seconds
Number of updated asset objects reloaded before import = 0
Number of asset objects unloaded after import = 19
========================================================================
Received Import Request.
  Time since last request: 0.004388 seconds.
  path: Assets/PollyPrivateers/Objects/Trifold/Trifold_Specular.tga
  artifactKey: Guid(094bac9bf2f0fd34eb83822ce36809b6) Importer(2089858483,0ecaa5967403d082aa24f35e1b516d23)
Start importing Assets/PollyPrivateers/Objects/Trifold/Trifold_Specular.tga using Guid(094bac9bf2f0fd34eb83822ce36809b6) Importer(2089858483,0ecaa5967403d082aa24f35e1b516d23) Generated GUIDs only implemented for interfaces!
 -> (artifact id: '2816cade901782bc538349cae09e18d5') in 0.189754 seconds
Number of updated asset objects reloaded before import = 0
Number of asset objects unloaded after import = 1
========================================================================
Received Import Request.
  Time since last request: 0.002483 seconds.
  path: Assets/PollyPrivateers/Objects/Trifold/Trifold_Albedo.tga
  artifactKey: Guid(440dbef7ead17824f8d89272af6527cb) Importer(2089858483,0ecaa5967403d082aa24f35e1b516d23)
Start importing Assets/PollyPrivateers/Objects/Trifold/Trifold_Albedo.tga using Guid(440dbef7ead17824f8d89272af6527cb) Importer(2089858483,0ecaa5967403d082aa24f35e1b516d23) Generated GUIDs only implemented for interfaces!
 -> (artifact id: '2ef8dea103098ad602b8b5ef3f3a6171') in 0.262819 seconds
Number of updated asset objects reloaded before import = 0
Number of asset objects unloaded after import = 1
========================================================================
Received Import Request.
  Time since last request: 0.003039 seconds.
  path: Assets/PollyPrivateers/Objects/Wanted Posters/Wanted Posters_Specular.tga
  artifactKey: Guid(fd6cfa5432db2b442a7fe65f2d4c38db) Importer(2089858483,0ecaa5967403d082aa24f35e1b516d23)
Start importing Assets/PollyPrivateers/Objects/Wanted Posters/Wanted Posters_Specular.tga using Guid(fd6cfa5432db2b442a7fe65f2d4c38db) Importer(2089858483,0ecaa5967403d082aa24f35e1b516d23) Generated GUIDs only implemented for interfaces!
 -> (artifact id: '05017d6e6eab1b90b3c8997cd11cb825') in 0.140393 seconds
Number of updated asset objects reloaded before import = 0
Number of asset objects unloaded after import = 1
========================================================================
Received Import Request.
  Time since last request: 0.003661 seconds.
  path: Assets/PollyPrivateers/Objects/Ladle/Ladle_Albedo.tga
  artifactKey: Guid(2e18f62baf849e44ebc867670aa8dbf3) Importer(2089858483,0ecaa5967403d082aa24f35e1b516d23)
Start importing Assets/PollyPrivateers/Objects/Ladle/Ladle_Albedo.tga using Guid(2e18f62baf849e44ebc867670aa8dbf3) Importer(2089858483,0ecaa5967403d082aa24f35e1b516d23) Generated GUIDs only implemented for interfaces!
 -> (artifact id: 'e3ca2a812ddeddb50be6a0b7692e5c96') in 0.086572 seconds
Number of updated asset objects reloaded before import = 0
Number of asset objects unloaded after import = 1
========================================================================
Received Import Request.
  Time since last request: 0.003535 seconds.
  path: Assets/PollyPrivateers/Objects/Plank and Beam/PlankAndBeamMaterial.mat
  artifactKey: Guid(8e5e0e38d0188b64b995a984c4557308) Importer(2089858483,0ecaa5967403d082aa24f35e1b516d23)
Start importing Assets/PollyPrivateers/Objects/Plank and Beam/PlankAndBeamMaterial.mat using Guid(8e5e0e38d0188b64b995a984c4557308) Importer(2089858483,0ecaa5967403d082aa24f35e1b516d23) Generated GUIDs only implemented for interfaces!
 -> (artifact id: '21f423aa522ce1b90515ff21c39c02d6') in 0.221992 seconds
Number of updated asset objects reloaded before import = 0
Number of asset objects unloaded after import = 5
========================================================================
Received Import Request.
  Time since last request: 0.000923 seconds.
  path: Assets/PollyPrivateers/Objects/WhiskeyGlass/WhiskeyGlass_Specular.tga
  artifactKey: Guid(23f02970a09af1143a60e44151d2e81a) Importer(2089858483,0ecaa5967403d082aa24f35e1b516d23)
Start importing Assets/PollyPrivateers/Objects/WhiskeyGlass/WhiskeyGlass_Specular.tga using Guid(23f02970a09af1143a60e44151d2e81a) Importer(2089858483,0ecaa5967403d082aa24f35e1b516d23) Generated GUIDs only implemented for interfaces!
 -> (artifact id: '8b690924a43f1185a6d38a69deaf5f79') in 0.215960 seconds
Number of updated asset objects reloaded before import = 0
Number of asset objects unloaded after import = 1
========================================================================
Received Import Request.
  Time since last request: 0.003384 seconds.
  path: Assets/PollyPrivateers/Objects/RareColor/RareColor_Specular.tga
  artifactKey: Guid(624d9c194fc98d9439ef3ccf44ae38f7) Importer(2089858483,0ecaa5967403d082aa24f35e1b516d23)
Start importing Assets/PollyPrivateers/Objects/RareColor/RareColor_Specular.tga using Guid(624d9c194fc98d9439ef3ccf44ae38f7) Importer(2089858483,0ecaa5967403d082aa24f35e1b516d23) Generated GUIDs only implemented for interfaces!
 -> (artifact id: 'a82b36520d685ef34ba5499286e7217b') in 0.143967 seconds
Number of updated asset objects reloaded before import = 0
Number of asset objects unloaded after import = 1
========================================================================
Received Import Request.
  Time since last request: 0.003031 seconds.
  path: Assets/PollyPrivateers/Objects/LargeTable/LargeTable.obj
  artifactKey: Guid(411306c0ff7e06c439a7fe8111bb00f8) Importer(2089858483,0ecaa5967403d082aa24f35e1b516d23)
Start importing Assets/PollyPrivateers/Objects/LargeTable/LargeTable.obj using Guid(411306c0ff7e06c439a7fe8111bb00f8) Importer(2089858483,0ecaa5967403d082aa24f35e1b516d23) Generated GUIDs only implemented for interfaces!
 -> (artifact id: '54a31f2262c2a8bc0e5d0f20b5994c15') in 0.118452 seconds
Number of updated asset objects reloaded before import = 0
Number of asset objects unloaded after import = 10
========================================================================
Received Import Request.
  Time since last request: 0.003336 seconds.
  path: Assets/PollyPrivateers/Objects/Window/Window_Albedo2.tga
  artifactKey: Guid(7b653df538acb434284812c26aa80736) Importer(2089858483,0ecaa5967403d082aa24f35e1b516d23)
Start importing Assets/PollyPrivateers/Objects/Window/Window_Albedo2.tga using Guid(7b653df538acb434284812c26aa80736) Importer(2089858483,0ecaa5967403d082aa24f35e1b516d23) Generated GUIDs only implemented for interfaces!
 -> (artifact id: 'fd55185fc8925c89645a755dc6523d73') in 0.183703 seconds
Number of updated asset objects reloaded before import = 0
Number of asset objects unloaded after import = 1
========================================================================
Received Import Request.
  Time since last request: 0.003116 seconds.
  path: Assets/PollyPrivateers/Objects/Window/Window_Emission.tga
  artifactKey: Guid(afdf07c531691ca429780e5ceb36f763) Importer(2089858483,0ecaa5967403d082aa24f35e1b516d23)
Start importing Assets/PollyPrivateers/Objects/Window/Window_Emission.tga using Guid(afdf07c531691ca429780e5ceb36f763) Importer(2089858483,0ecaa5967403d082aa24f35e1b516d23) Generated GUIDs only implemented for interfaces!
 -> (artifact id: '09588797e5f2e8a76b9a88d5a6c75661') in 0.180480 seconds
Number of updated asset objects reloaded before import = 0
Number of asset objects unloaded after import = 1
========================================================================
Received Import Request.
  Time since last request: 0.004512 seconds.
  path: Assets/PollyPrivateers/Particles/Materials/SmallSmoke.mat
  artifactKey: Guid(826bdc4ed101a9845990feb2bf9a9b3d) Importer(2089858483,0ecaa5967403d082aa24f35e1b516d23)
Start importing Assets/PollyPrivateers/Particles/Materials/SmallSmoke.mat using Guid(826bdc4ed101a9845990feb2bf9a9b3d) Importer(2089858483,0ecaa5967403d082aa24f35e1b516d23) Generated GUIDs only implemented for interfaces!
 -> (artifact id: '265153beed297f848912c65ee9bb4708') in 0.063287 seconds
Number of updated asset objects reloaded before import = 0
Number of asset objects unloaded after import = 2
========================================================================
Received Import Request.
  Time since last request: 0.002771 seconds.
  path: Assets/PollyPrivateers/Objects/Window/Window.obj
  artifactKey: Guid(3caaa88da5952d34f91ceb3a0ee2f431) Importer(2089858483,0ecaa5967403d082aa24f35e1b516d23)
Start importing Assets/PollyPrivateers/Objects/Window/Window.obj using Guid(3caaa88da5952d34f91ceb3a0ee2f431) Importer(2089858483,0ecaa5967403d082aa24f35e1b516d23) Generated GUIDs only implemented for interfaces!
 -> (artifact id: 'e33ad04e0e695e4c7af0644f7f28781e') in 0.075770 seconds
Number of updated asset objects reloaded before import = 0
Number of asset objects unloaded after import = 28
========================================================================
Received Import Request.
  Time since last request: 0.003610 seconds.
  path: Assets/PollyPrivateers/Objects/NewRoundTable/NewRoundTable_Albedo.tga
  artifactKey: Guid(6a8b1a27078ca7f41ab98f4c14de641c) Importer(2089858483,0ecaa5967403d082aa24f35e1b516d23)
Start importing Assets/PollyPrivateers/Objects/NewRoundTable/NewRoundTable_Albedo.tga using Guid(6a8b1a27078ca7f41ab98f4c14de641c) Importer(2089858483,0ecaa5967403d082aa24f35e1b516d23) Generated GUIDs only implemented for interfaces!
 -> (artifact id: 'bf344eef5bd39f4226c45ac5e1d51ee5') in 0.161613 seconds
Number of updated asset objects reloaded before import = 0
Number of asset objects unloaded after import = 1
========================================================================
Received Import Request.
  Time since last request: 0.003045 seconds.
  path: Assets/PollyPrivateers/Prefabs/Furnishings/BoozeShelf.prefab
  artifactKey: Guid(54a3546d849b07943a130fba9e1810f5) Importer(2089858483,0ecaa5967403d082aa24f35e1b516d23)
Start importing Assets/PollyPrivateers/Prefabs/Furnishings/BoozeShelf.prefab using Guid(54a3546d849b07943a130fba9e1810f5) Importer(2089858483,0ecaa5967403d082aa24f35e1b516d23) Generated GUIDs only implemented for interfaces!
 -> (artifact id: '62ff1ee1bc81ecfea4f1b095e9964b5e') in 0.053660 seconds
Number of updated asset objects reloaded before import = 0
Number of asset objects unloaded after import = 10
========================================================================
Received Import Request.
  Time since last request: 0.002656 seconds.
  path: Assets/PollyPrivateers/Objects/Knifes and Forks/Knives and Forks_Specular.tga
  artifactKey: Guid(36093678fb200c74183d61aed8be2817) Importer(2089858483,0ecaa5967403d082aa24f35e1b516d23)
Start importing Assets/PollyPrivateers/Objects/Knifes and Forks/Knives and Forks_Specular.tga using Guid(36093678fb200c74183d61aed8be2817) Importer(2089858483,0ecaa5967403d082aa24f35e1b516d23) Generated GUIDs only implemented for interfaces!
 -> (artifact id: '45b80647a55161b842057c13a0a04916') in 0.192368 seconds
Number of updated asset objects reloaded before import = 0
Number of asset objects unloaded after import = 1
========================================================================
Received Import Request.
  Time since last request: 0.002886 seconds.
  path: Assets/PollyPrivateers/Objects/NewRoundTable/NewRoundTable2.obj
  artifactKey: Guid(4d377784e39e0a04998d55d7eb896030) Importer(2089858483,0ecaa5967403d082aa24f35e1b516d23)
Start importing Assets/PollyPrivateers/Objects/NewRoundTable/NewRoundTable2.obj using Guid(4d377784e39e0a04998d55d7eb896030) Importer(2089858483,0ecaa5967403d082aa24f35e1b516d23) Generated GUIDs only implemented for interfaces!
 -> (artifact id: '87347b48a32412a9839e20f835b8dfe1') in 0.071845 seconds
Number of updated asset objects reloaded before import = 0
Number of asset objects unloaded after import = 10
========================================================================
Received Import Request.
  Time since last request: 0.003297 seconds.
  path: Assets/PollyPrivateers/Objects/NewRoundTable/NewRoundTable_Specular.tga
  artifactKey: Guid(0c5f95487cb7dfc468a382db8877a9bd) Importer(2089858483,0ecaa5967403d082aa24f35e1b516d23)
Start importing Assets/PollyPrivateers/Objects/NewRoundTable/NewRoundTable_Specular.tga using Guid(0c5f95487cb7dfc468a382db8877a9bd) Importer(2089858483,0ecaa5967403d082aa24f35e1b516d23) Generated GUIDs only implemented for interfaces!
 -> (artifact id: 'fa58d85e2d6c2fcd5e5fa6806295c991') in 0.153460 seconds
Number of updated asset objects reloaded before import = 0
Number of asset objects unloaded after import = 1
========================================================================
Received Import Request.
  Time since last request: 0.003626 seconds.
  path: Assets/PollyPrivateers/Prefabs/Furnishings/TheShelf.prefab
  artifactKey: Guid(de52fd126fad4f34899d4e2aeb6d5b10) Importer(2089858483,0ecaa5967403d082aa24f35e1b516d23)
Start importing Assets/PollyPrivateers/Prefabs/Furnishings/TheShelf.prefab using Guid(de52fd126fad4f34899d4e2aeb6d5b10) Importer(2089858483,0ecaa5967403d082aa24f35e1b516d23) Generated GUIDs only implemented for interfaces!
 -> (artifact id: '471dc72ca8abd9c835df0215ca2cca86') in 0.062460 seconds
Number of updated asset objects reloaded before import = 0
Number of asset objects unloaded after import = 10
========================================================================
Received Import Request.
  Time since last request: 0.003284 seconds.
  path: Assets/PollyPrivateers/Prefabs/Furnishings/RoundTable.prefab
  artifactKey: Guid(94a4d360d95fa4e43b3f58c7cc5fdee1) Importer(2089858483,0ecaa5967403d082aa24f35e1b516d23)
Start importing Assets/PollyPrivateers/Prefabs/Furnishings/RoundTable.prefab using Guid(94a4d360d95fa4e43b3f58c7cc5fdee1) Importer(2089858483,0ecaa5967403d082aa24f35e1b516d23) Generated GUIDs only implemented for interfaces!
 -> (artifact id: 'a7f00d5943dd12c9ecf6547d98736497') in 0.057123 seconds
Number of updated asset objects reloaded before import = 0
Number of asset objects unloaded after import = 10
========================================================================
Received Import Request.
  Time since last request: 0.002383 seconds.
  path: Assets/PollyPrivateers/Prefabs/Furnishings/SimpleChair1.prefab
  artifactKey: Guid(3674b7039677eaa4991a1eaafc97680a) Importer(2089858483,0ecaa5967403d082aa24f35e1b516d23)
Start importing Assets/PollyPrivateers/Prefabs/Furnishings/SimpleChair1.prefab using Guid(3674b7039677eaa4991a1eaafc97680a) Importer(2089858483,0ecaa5967403d082aa24f35e1b516d23) Generated GUIDs only implemented for interfaces!
 -> (artifact id: 'e5ff98c37af728fa5443283ed5a1743f') in 0.059322 seconds
Number of updated asset objects reloaded before import = 0
Number of asset objects unloaded after import = 8
========================================================================
Received Import Request.
  Time since last request: 0.002817 seconds.
  path: Assets/PollyPrivateers/Objects/OpenBarrel/OpenBarrel_Albedo.tga
  artifactKey: Guid(540bf38849bedf949bacb163fece8a01) Importer(2089858483,0ecaa5967403d082aa24f35e1b516d23)
Start importing Assets/PollyPrivateers/Objects/OpenBarrel/OpenBarrel_Albedo.tga using Guid(540bf38849bedf949bacb163fece8a01) Importer(2089858483,0ecaa5967403d082aa24f35e1b516d23) Generated GUIDs only implemented for interfaces!
 -> (artifact id: '3675eaec21c79f8bc84976d1b6058591') in 0.168811 seconds
Number of updated asset objects reloaded before import = 0
Number of asset objects unloaded after import = 1
========================================================================
Received Import Request.
  Time since last request: 0.003923 seconds.
  path: Assets/PollyPrivateers/Objects/Knifes and Forks/Knives and Forks_Albedo.tga
  artifactKey: Guid(0721994368ae2ea4a9a8bebb8209cc97) Importer(2089858483,0ecaa5967403d082aa24f35e1b516d23)
Start importing Assets/PollyPrivateers/Objects/Knifes and Forks/Knives and Forks_Albedo.tga using Guid(0721994368ae2ea4a9a8bebb8209cc97) Importer(2089858483,0ecaa5967403d082aa24f35e1b516d23) Generated GUIDs only implemented for interfaces!
 -> (artifact id: 'a68f5ed7f46843b1dc7962042fc7ed26') in 0.150125 seconds
Number of updated asset objects reloaded before import = 0
Number of asset objects unloaded after import = 1
========================================================================
Received Import Request.
  Time since last request: 0.002503 seconds.
  path: Assets/PollyPrivateers/Prefabs/Medium Decors/Lute.prefab
  artifactKey: Guid(cdbeb92d97683624da62b27721b8a47f) Importer(2089858483,0ecaa5967403d082aa24f35e1b516d23)
Start importing Assets/PollyPrivateers/Prefabs/Medium Decors/Lute.prefab using Guid(cdbeb92d97683624da62b27721b8a47f) Importer(2089858483,0ecaa5967403d082aa24f35e1b516d23) Generated GUIDs only implemented for interfaces!
 -> (artifact id: 'e7e17d35e8332d066d15288094b1f685') in 0.064344 seconds
Number of updated asset objects reloaded before import = 0
Number of asset objects unloaded after import = 8
========================================================================
Received Import Request.
  Time since last request: 0.005800 seconds.
  path: Assets/PollyPrivateers/Prefabs/Medium Decors/Chest.prefab
  artifactKey: Guid(639cf210cf78ce249ac9cfdad9ffe484) Importer(2089858483,0ecaa5967403d082aa24f35e1b516d23)
Start importing Assets/PollyPrivateers/Prefabs/Medium Decors/Chest.prefab using Guid(639cf210cf78ce249ac9cfdad9ffe484) Importer(2089858483,0ecaa5967403d082aa24f35e1b516d23) Generated GUIDs only implemented for interfaces!
 -> (artifact id: '370bf4c2d25c229a2078dcf1692dc3a6') in 0.063764 seconds
Number of updated asset objects reloaded before import = 0
Number of asset objects unloaded after import = 8
========================================================================
Received Import Request.
  Time since last request: 0.003445 seconds.
  path: Assets/PollyPrivateers/Prefabs/Medium Decors/MediumPot TeaHalfLid.prefab
  artifactKey: Guid(f50659bdde744424386bb8f568baa99d) Importer(2089858483,0ecaa5967403d082aa24f35e1b516d23)
Start importing Assets/PollyPrivateers/Prefabs/Medium Decors/MediumPot TeaHalfLid.prefab using Guid(f50659bdde744424386bb8f568baa99d) Importer(2089858483,0ecaa5967403d082aa24f35e1b516d23) Generated GUIDs only implemented for interfaces!
 -> (artifact id: 'db28a1fbc79c5eae394b91a96f1c5b67') in 0.057154 seconds
Number of updated asset objects reloaded before import = 0
Number of asset objects unloaded after import = 21
========================================================================
Received Import Request.
  Time since last request: 0.001909 seconds.
  path: Assets/PollyPrivateers/Prefabs/Medium Decors/KegTap.prefab
  artifactKey: Guid(12fa2c42e5ec88d46a278d7457c74096) Importer(2089858483,0ecaa5967403d082aa24f35e1b516d23)
Start importing Assets/PollyPrivateers/Prefabs/Medium Decors/KegTap.prefab using Guid(12fa2c42e5ec88d46a278d7457c74096) Importer(2089858483,0ecaa5967403d082aa24f35e1b516d23) Generated GUIDs only implemented for interfaces!
 -> (artifact id: '8ac3104d1bc7d13760f64a643492f3c9') in 0.077519 seconds
Number of updated asset objects reloaded before import = 0
Number of asset objects unloaded after import = 22
========================================================================
Received Import Request.
  Time since last request: 0.002129 seconds.
  path: Assets/PollyPrivateers/Prefabs/Medium Decors/Plunderchest With Rugs.prefab
  artifactKey: Guid(7749c9375b32e724ea7cc1f3ddd8a132) Importer(2089858483,0ecaa5967403d082aa24f35e1b516d23)
Start importing Assets/PollyPrivateers/Prefabs/Medium Decors/Plunderchest With Rugs.prefab using Guid(7749c9375b32e724ea7cc1f3ddd8a132) Importer(2089858483,0ecaa5967403d082aa24f35e1b516d23) Generated GUIDs only implemented for interfaces!
 -> (artifact id: '9da08bf9d45382e847428739cd619409') in 0.063714 seconds
Number of updated asset objects reloaded before import = 0
Number of asset objects unloaded after import = 33
========================================================================
Received Import Request.
  Time since last request: 0.001745 seconds.
  path: Assets/PollyPrivateers/Prefabs/Medium Decors/NoticeBoard.prefab
  artifactKey: Guid(03491713ef1e6004fa6e9b1245ee0b95) Importer(2089858483,0ecaa5967403d082aa24f35e1b516d23)
Start importing Assets/PollyPrivateers/Prefabs/Medium Decors/NoticeBoard.prefab using Guid(03491713ef1e6004fa6e9b1245ee0b95) Importer(2089858483,0ecaa5967403d082aa24f35e1b516d23) Generated GUIDs only implemented for interfaces!
 -> (artifact id: 'd7ee1da4dfe8c2128a770af0c481ad35') in 0.082471 seconds
Number of updated asset objects reloaded before import = 0
Number of asset objects unloaded after import = 35
========================================================================
Received Import Request.
  Time since last request: 0.002593 seconds.
  path: Assets/PollyPrivateers/Prefabs/Medium Decors/Sack.prefab
  artifactKey: Guid(41a755ce137d69c4ba625797ce45e905) Importer(2089858483,0ecaa5967403d082aa24f35e1b516d23)
Start importing Assets/PollyPrivateers/Prefabs/Medium Decors/Sack.prefab using Guid(41a755ce137d69c4ba625797ce45e905) Importer(2089858483,0ecaa5967403d082aa24f35e1b516d23) Generated GUIDs only implemented for interfaces!
 -> (artifact id: '6377ed99edfe5ec76a31b0ad57f483fb') in 0.068624 seconds
Number of updated asset objects reloaded before import = 0
Number of asset objects unloaded after import = 8
========================================================================
Received Import Request.
  Time since last request: 0.002637 seconds.
  path: Assets/PollyPrivateers/Prefabs/Medium Decors/OpenBarrelapples.prefab
  artifactKey: Guid(f4da4db0c72ddbc4999b7e689e2143fb) Importer(2089858483,0ecaa5967403d082aa24f35e1b516d23)
Start importing Assets/PollyPrivateers/Prefabs/Medium Decors/OpenBarrelapples.prefab using Guid(f4da4db0c72ddbc4999b7e689e2143fb) Importer(2089858483,0ecaa5967403d082aa24f35e1b516d23) Generated GUIDs only implemented for interfaces!
 -> (artifact id: 'dee6e9c1c05600428a849a0ff1a85b1e') in 0.061895 seconds
Number of updated asset objects reloaded before import = 0
Number of asset objects unloaded after import = 15
========================================================================
Received Import Request.
  Time since last request: 0.002857 seconds.
  path: Assets/PollyPrivateers/Objects/Cabinett/Cabinett_Albedo.tga
  artifactKey: Guid(e85fffe539bf0204c9f1627722c27bf9) Importer(2089858483,0ecaa5967403d082aa24f35e1b516d23)
Start importing Assets/PollyPrivateers/Objects/Cabinett/Cabinett_Albedo.tga using Guid(e85fffe539bf0204c9f1627722c27bf9) Importer(2089858483,0ecaa5967403d082aa24f35e1b516d23) Generated GUIDs only implemented for interfaces!
 -> (artifact id: 'e87d15ae5248a1a9ba824fe3b01ff5cd') in 0.088349 seconds
Number of updated asset objects reloaded before import = 0
Number of asset objects unloaded after import = 1
========================================================================
Received Import Request.
  Time since last request: 0.003413 seconds.
  path: Assets/PollyPrivateers/Prefabs/Furnishings/cabinett.prefab
  artifactKey: Guid(2da60bdc4a3dd7941994286b084541e6) Importer(2089858483,0ecaa5967403d082aa24f35e1b516d23)
Start importing Assets/PollyPrivateers/Prefabs/Furnishings/cabinett.prefab using Guid(2da60bdc4a3dd7941994286b084541e6) Importer(2089858483,0ecaa5967403d082aa24f35e1b516d23) Generated GUIDs only implemented for interfaces!
 -> (artifact id: 'e6bc66a5b9b0fb9bbfde0151ec96ef04') in 0.074530 seconds
Number of updated asset objects reloaded before import = 0
Number of asset objects unloaded after import = 20
========================================================================
Received Import Request.
  Time since last request: 0.002500 seconds.
  path: Assets/PollyPrivateers/Prefabs/SmallDecors/BagOfCoin.prefab
  artifactKey: Guid(ec3612db315436542916441acccdf3ed) Importer(2089858483,0ecaa5967403d082aa24f35e1b516d23)
Start importing Assets/PollyPrivateers/Prefabs/SmallDecors/BagOfCoin.prefab using Guid(ec3612db315436542916441acccdf3ed) Importer(2089858483,0ecaa5967403d082aa24f35e1b516d23) Generated GUIDs only implemented for interfaces!
 -> (artifact id: '71591710ef950ea30dd04d606cac039c') in 0.075770 seconds
Number of updated asset objects reloaded before import = 0
Number of asset objects unloaded after import = 31
========================================================================
Received Import Request.
  Time since last request: 0.002207 seconds.
  path: Assets/PollyPrivateers/Prefabs/Part Of House/TavernDoor.prefab
  artifactKey: Guid(e29786fe3a099b74d8bc6ee48f2448b8) Importer(2089858483,0ecaa5967403d082aa24f35e1b516d23)
Start importing Assets/PollyPrivateers/Prefabs/Part Of House/TavernDoor.prefab using Guid(e29786fe3a099b74d8bc6ee48f2448b8) Importer(2089858483,0ecaa5967403d082aa24f35e1b516d23) Generated GUIDs only implemented for interfaces!
 -> (artifact id: 'c888283b732f97117162ae408f7315e1') in 0.058993 seconds
Number of updated asset objects reloaded before import = 0
Number of asset objects unloaded after import = 22
========================================================================
Received Import Request.
  Time since last request: 0.002749 seconds.
  path: Assets/PollyPrivateers/Prefabs/Objects with FX/Lantern.prefab
  artifactKey: Guid(782ab5f5e0855824bad70d1af527e689) Importer(2089858483,0ecaa5967403d082aa24f35e1b516d23)
Start importing Assets/PollyPrivateers/Prefabs/Objects with FX/Lantern.prefab using Guid(782ab5f5e0855824bad70d1af527e689) Importer(2089858483,0ecaa5967403d082aa24f35e1b516d23) Generated GUIDs only implemented for interfaces!
 -> (artifact id: 'dd7c0a1774368cd9482748ee0a61d830') in 0.064103 seconds
Number of updated asset objects reloaded before import = 0
Number of asset objects unloaded after import = 32
========================================================================
Received Import Request.
  Time since last request: 0.002472 seconds.
  path: Assets/PollyPrivateers/Prefabs/Part Of House/StairWalls.prefab
  artifactKey: Guid(bb1cd6628838f144baec0255c99ee7c3) Importer(2089858483,0ecaa5967403d082aa24f35e1b516d23)
Start importing Assets/PollyPrivateers/Prefabs/Part Of House/StairWalls.prefab using Guid(bb1cd6628838f144baec0255c99ee7c3) Importer(2089858483,0ecaa5967403d082aa24f35e1b516d23) Generated GUIDs only implemented for interfaces!
 -> (artifact id: 'f0530724bafef1ac4dd1aac27eb4dcdd') in 0.065418 seconds
Number of updated asset objects reloaded before import = 0
Number of asset objects unloaded after import = 8
========================================================================
Received Import Request.
  Time since last request: 0.003383 seconds.
  path: Assets/PollyPrivateers/Objects/ShootBeforeYou´reShot/ShootBeforeYou´reShot_Specular.tga
  artifactKey: Guid(2d50548e62ded774494e6affff32c0df) Importer(2089858483,0ecaa5967403d082aa24f35e1b516d23)
Start importing Assets/PollyPrivateers/Objects/ShootBeforeYou´reShot/ShootBeforeYou´reShot_Specular.tga using Guid(2d50548e62ded774494e6affff32c0df) Importer(2089858483,0ecaa5967403d082aa24f35e1b516d23) Generated GUIDs only implemented for interfaces!
 -> (artifact id: 'e5687df6bda5bd9ee0303f858f83148c') in 0.153528 seconds
Number of updated asset objects reloaded before import = 0
Number of asset objects unloaded after import = 1
========================================================================
Received Import Request.
  Time since last request: 0.003721 seconds.
  path: Assets/PollyPrivateers/Prefabs/SmallDecors/Cutting_Board.prefab
  artifactKey: Guid(22cc523f1889dca47a2c4ce2844f91ff) Importer(2089858483,0ecaa5967403d082aa24f35e1b516d23)
Start importing Assets/PollyPrivateers/Prefabs/SmallDecors/Cutting_Board.prefab using Guid(22cc523f1889dca47a2c4ce2844f91ff) Importer(2089858483,0ecaa5967403d082aa24f35e1b516d23) Generated GUIDs only implemented for interfaces!
 -> (artifact id: '6d33fcb2bba20af4c52ed35b79c64ae8') in 0.063581 seconds
Number of updated asset objects reloaded before import = 0
Number of asset objects unloaded after import = 8
========================================================================
Received Import Request.
  Time since last request: 0.002744 seconds.
  path: Assets/PollyPrivateers/Prefabs/SmallDecors/Coinpurse.prefab
  artifactKey: Guid(22a9a002193b06e409f2c7799cd38df1) Importer(2089858483,0ecaa5967403d082aa24f35e1b516d23)
Start importing Assets/PollyPrivateers/Prefabs/SmallDecors/Coinpurse.prefab using Guid(22a9a002193b06e409f2c7799cd38df1) Importer(2089858483,0ecaa5967403d082aa24f35e1b516d23) Generated GUIDs only implemented for interfaces!
 -> (artifact id: 'e702c5783e996e9b30984d36dae8eb14') in 0.084157 seconds
Number of updated asset objects reloaded before import = 0
Number of asset objects unloaded after import = 41
========================================================================
Received Import Request.
  Time since last request: 0.001833 seconds.
  path: Assets/PollyPrivateers/Prefabs/SmallDecors/Bowl.prefab
  artifactKey: Guid(8ee4b77d3f4faf843aa16a56e9726340) Importer(2089858483,0ecaa5967403d082aa24f35e1b516d23)
Start importing Assets/PollyPrivateers/Prefabs/SmallDecors/Bowl.prefab using Guid(8ee4b77d3f4faf843aa16a56e9726340) Importer(2089858483,0ecaa5967403d082aa24f35e1b516d23) Generated GUIDs only implemented for interfaces!
 -> (artifact id: '987a10a8e5b5722fbfb925d16fd84621') in 0.061456 seconds
Number of updated asset objects reloaded before import = 0
Number of asset objects unloaded after import = 8
========================================================================
Received Import Request.
  Time since last request: 0.003059 seconds.
  path: Assets/PollyPrivateers/Prefabs/SmallDecors/FishBoard.prefab
  artifactKey: Guid(3e7fa598c36add24c89d91dac471c1d2) Importer(2089858483,0ecaa5967403d082aa24f35e1b516d23)
Start importing Assets/PollyPrivateers/Prefabs/SmallDecors/FishBoard.prefab using Guid(3e7fa598c36add24c89d91dac471c1d2) Importer(2089858483,0ecaa5967403d082aa24f35e1b516d23) Generated GUIDs only implemented for interfaces!
 -> (artifact id: '2f11bf69b858b5eecb4f965ef4de0da6') in 0.078985 seconds
Number of updated asset objects reloaded before import = 0
Number of asset objects unloaded after import = 14
========================================================================
Received Import Request.
  Time since last request: 0.004054 seconds.
  path: Assets/PollyPrivateers/Prefabs/Furnishings/SculptedDesk.prefab
  artifactKey: Guid(b12521be2590c4d46accfdd6f7101388) Importer(2089858483,0ecaa5967403d082aa24f35e1b516d23)
Start importing Assets/PollyPrivateers/Prefabs/Furnishings/SculptedDesk.prefab using Guid(b12521be2590c4d46accfdd6f7101388) Importer(2089858483,0ecaa5967403d082aa24f35e1b516d23) Generated GUIDs only implemented for interfaces!
 -> (artifact id: 'a15906b5e39e04c297d71bb6a89a54bf') in 0.056826 seconds
Number of updated asset objects reloaded before import = 0
Number of asset objects unloaded after import = 10
========================================================================
Received Import Request.
  Time since last request: 0.003798 seconds.
  path: Assets/PollyPrivateers/Prefabs/SmallDecors/PaperScroll.prefab
  artifactKey: Guid(a1b8f4b6432aa8b4b887c305e01db8a4) Importer(2089858483,0ecaa5967403d082aa24f35e1b516d23)
Start importing Assets/PollyPrivateers/Prefabs/SmallDecors/PaperScroll.prefab using Guid(a1b8f4b6432aa8b4b887c305e01db8a4) Importer(2089858483,0ecaa5967403d082aa24f35e1b516d23) Generated GUIDs only implemented for interfaces!
 -> (artifact id: '850957df8ac8b45b51999f3095eec3f2') in 0.065667 seconds
Number of updated asset objects reloaded before import = 0
Number of asset objects unloaded after import = 8
========================================================================
Received Import Request.
  Time since last request: 0.002796 seconds.
  path: Assets/PollyPrivateers/Prefabs/SmallDecors/LookingGlass.prefab
  artifactKey: Guid(2504f025f8847c14899d7293ab25d964) Importer(2089858483,0ecaa5967403d082aa24f35e1b516d23)
Start importing Assets/PollyPrivateers/Prefabs/SmallDecors/LookingGlass.prefab using Guid(2504f025f8847c14899d7293ab25d964) Importer(2089858483,0ecaa5967403d082aa24f35e1b516d23) Generated GUIDs only implemented for interfaces!
 -> (artifact id: '6415ff632e4186a81355a76c0049aee7') in 0.061870 seconds
Number of updated asset objects reloaded before import = 0
Number of asset objects unloaded after import = 22
========================================================================
Received Import Request.
  Time since last request: 0.003284 seconds.
  path: Assets/PollyPrivateers/Prefabs/SmallDecors/Fork.prefab
  artifactKey: Guid(13b9b3e85ac411341a2f237df5372e7e) Importer(2089858483,0ecaa5967403d082aa24f35e1b516d23)
Start importing Assets/PollyPrivateers/Prefabs/SmallDecors/Fork.prefab using Guid(13b9b3e85ac411341a2f237df5372e7e) Importer(2089858483,0ecaa5967403d082aa24f35e1b516d23) Generated GUIDs only implemented for interfaces!
 -> (artifact id: 'b7a1e1824a0ad50c0d9a3aa168df9c6b') in 0.052920 seconds
Number of updated asset objects reloaded before import = 0
Number of asset objects unloaded after import = 8
========================================================================
Received Import Request.
  Time since last request: 0.003262 seconds.
  path: Assets/PollyPrivateers/Objects/Batch of Decors/BatchOfDecors.mat
  artifactKey: Guid(56e93d00f6e7ac54e846a47bee120c48) Importer(2089858483,0ecaa5967403d082aa24f35e1b516d23)
Start importing Assets/PollyPrivateers/Objects/Batch of Decors/BatchOfDecors.mat using Guid(56e93d00f6e7ac54e846a47bee120c48) Importer(2089858483,0ecaa5967403d082aa24f35e1b516d23) Generated GUIDs only implemented for interfaces!
 -> (artifact id: '3ce618f1ec8878e74e69720eced4bdfd') in 0.205235 seconds
Number of updated asset objects reloaded before import = 0
Number of asset objects unloaded after import = 5
========================================================================
Received Import Request.
  Time since last request: 0.000743 seconds.
  path: Assets/PollyPrivateers/Prefabs/SmallDecors/PirateDagger.prefab
  artifactKey: Guid(db904bb2c0e42ef469bff818921c49fc) Importer(2089858483,0ecaa5967403d082aa24f35e1b516d23)
Start importing Assets/PollyPrivateers/Prefabs/SmallDecors/PirateDagger.prefab using Guid(db904bb2c0e42ef469bff818921c49fc) Importer(2089858483,0ecaa5967403d082aa24f35e1b516d23) Generated GUIDs only implemented for interfaces!
 -> (artifact id: 'b699dc8f6d13d9f4b98783be54b75bd5') in 0.059031 seconds
Number of updated asset objects reloaded before import = 0
Number of asset objects unloaded after import = 16
========================================================================
Received Import Request.
  Time since last request: 0.003226 seconds.
  path: Assets/PollyPrivateers/Prefabs/SmallDecors/Pipe.prefab
  artifactKey: Guid(ed2a164d15492a244bc0fdf60f0d6641) Importer(2089858483,0ecaa5967403d082aa24f35e1b516d23)
Start importing Assets/PollyPrivateers/Prefabs/SmallDecors/Pipe.prefab using Guid(ed2a164d15492a244bc0fdf60f0d6641) Importer(2089858483,0ecaa5967403d082aa24f35e1b516d23) Generated GUIDs only implemented for interfaces!
 -> (artifact id: '0bfd6df5e3cb3e7f830244be0a1af982') in 0.062799 seconds
Number of updated asset objects reloaded before import = 0
Number of asset objects unloaded after import = 8
========================================================================
Received Import Request.
  Time since last request: 0.001676 seconds.
  path: Assets/PollyPrivateers/Prefabs/SmallDecors/RuleBook.prefab
  artifactKey: Guid(0c691f432d9dc8540beda8632483c426) Importer(2089858483,0ecaa5967403d082aa24f35e1b516d23)
Start importing Assets/PollyPrivateers/Prefabs/SmallDecors/RuleBook.prefab using Guid(0c691f432d9dc8540beda8632483c426) Importer(2089858483,0ecaa5967403d082aa24f35e1b516d23) Generated GUIDs only implemented for interfaces!
 -> (artifact id: '3a5a8ea8d0a20c06910b8e804463ad42') in 0.062253 seconds
Number of updated asset objects reloaded before import = 0
Number of asset objects unloaded after import = 8
========================================================================
Received Import Request.
  Time since last request: 0.003193 seconds.
  path: Assets/PollyPrivateers/Prefabs/SmallDecors/Pear.prefab
  artifactKey: Guid(0edb425da5d490447a358cfb022bce77) Importer(2089858483,0ecaa5967403d082aa24f35e1b516d23)
Start importing Assets/PollyPrivateers/Prefabs/SmallDecors/Pear.prefab using Guid(0edb425da5d490447a358cfb022bce77) Importer(2089858483,0ecaa5967403d082aa24f35e1b516d23) Generated GUIDs only implemented for interfaces!
 -> (artifact id: '056d34d7d77c09c3b131bff3409ff90c') in 0.052809 seconds
Number of updated asset objects reloaded before import = 0
Number of asset objects unloaded after import = 10
========================================================================
Received Import Request.
  Time since last request: 0.002517 seconds.
  path: Assets/PollyPrivateers/Objects/TavernWalls/TavernHouseModel.obj
  artifactKey: Guid(8fffd5fdccdae7a4f870038a1d908cab) Importer(2089858483,0ecaa5967403d082aa24f35e1b516d23)
Start importing Assets/PollyPrivateers/Objects/TavernWalls/TavernHouseModel.obj using Guid(8fffd5fdccdae7a4f870038a1d908cab) Importer(2089858483,0ecaa5967403d082aa24f35e1b516d23) Generated GUIDs only implemented for interfaces!
 -> (artifact id: '61b7bafde4e2fa9a376dd69dab636cf9') in 0.169868 seconds
Number of updated asset objects reloaded before import = 0
Number of asset objects unloaded after import = 29
========================================================================
Received Import Request.
  Time since last request: 0.003308 seconds.
  path: Assets/PollyPrivateers/Prefabs/SmallDecors/Spoon.prefab
  artifactKey: Guid(1efce0f02dd1acb4c9329a4b91e4862a) Importer(2089858483,0ecaa5967403d082aa24f35e1b516d23)
Start importing Assets/PollyPrivateers/Prefabs/SmallDecors/Spoon.prefab using Guid(1efce0f02dd1acb4c9329a4b91e4862a) Importer(2089858483,0ecaa5967403d082aa24f35e1b516d23) Generated GUIDs only implemented for interfaces!
 -> (artifact id: '5a717017ed072e0a38b5466fc3d3ed59') in 0.109647 seconds
Number of updated asset objects reloaded before import = 0
Number of asset objects unloaded after import = 8
========================================================================
Received Import Request.
  Time since last request: 0.003786 seconds.
  path: Assets/PollyPrivateers/Prefabs/SmallDecors/Sickle.prefab
  artifactKey: Guid(7166b1db860668545b8a5172b7dc54e7) Importer(2089858483,0ecaa5967403d082aa24f35e1b516d23)
Start importing Assets/PollyPrivateers/Prefabs/SmallDecors/Sickle.prefab using Guid(7166b1db860668545b8a5172b7dc54e7) Importer(2089858483,0ecaa5967403d082aa24f35e1b516d23) Generated GUIDs only implemented for interfaces!
 -> (artifact id: '8f60abe0f561c084fbc6ad7f924e32d0') in 0.051694 seconds
Number of updated asset objects reloaded before import = 0
Number of asset objects unloaded after import = 8
========================================================================
Received Import Request.
  Time since last request: 0.003769 seconds.
  path: Assets/PollyPrivateers/Prefabs/SmallDecors/Splant.prefab
  artifactKey: Guid(9f246d6178a823f4d923ad77660bf687) Importer(2089858483,0ecaa5967403d082aa24f35e1b516d23)
Start importing Assets/PollyPrivateers/Prefabs/SmallDecors/Splant.prefab using Guid(9f246d6178a823f4d923ad77660bf687) Importer(2089858483,0ecaa5967403d082aa24f35e1b516d23) Generated GUIDs only implemented for interfaces!
 -> (artifact id: '8b2e04684faf93c52ae241ba8f2eefa2') in 0.067801 seconds
Number of updated asset objects reloaded before import = 0
Number of asset objects unloaded after import = 16
========================================================================
Received Import Request.
  Time since last request: 0.002505 seconds.
  path: Assets/PollyPrivateers/Prefabs/SmallDecors/TeaCan.prefab
  artifactKey: Guid(1a318e63cbbc55f4aa715ece331fe0f4) Importer(2089858483,0ecaa5967403d082aa24f35e1b516d23)
Start importing Assets/PollyPrivateers/Prefabs/SmallDecors/TeaCan.prefab using Guid(1a318e63cbbc55f4aa715ece331fe0f4) Importer(2089858483,0ecaa5967403d082aa24f35e1b516d23) Generated GUIDs only implemented for interfaces!
 -> (artifact id: '42f987a153084019ea9fb125d06329bb') in 0.060467 seconds
Number of updated asset objects reloaded before import = 0
Number of asset objects unloaded after import = 8
========================================================================
Received Import Request.
  Time since last request: 0.002195 seconds.
  path: Assets/PollyPrivateers/Objects/Bed/Bed.obj
  artifactKey: Guid(bc30d8086ad03064f89b98bfdb812e68) Importer(2089858483,0ecaa5967403d082aa24f35e1b516d23)
Start importing Assets/PollyPrivateers/Objects/Bed/Bed.obj using Guid(bc30d8086ad03064f89b98bfdb812e68) Importer(2089858483,0ecaa5967403d082aa24f35e1b516d23) Generated GUIDs only implemented for interfaces!
 -> (artifact id: 'c3a51918d2eb593d20026c7fd70a4256') in 0.176105 seconds
Number of updated asset objects reloaded before import = 0
Number of asset objects unloaded after import = 28
========================================================================
Received Import Request.
  Time since last request: 0.004233 seconds.
  path: Assets/PollyPrivateers/SeamlessMaterials/PlanksTiled/PlanksTiled.mat
  artifactKey: Guid(1a7bd92efe39e714484d2a150fa831bc) Importer(2089858483,0ecaa5967403d082aa24f35e1b516d23)
Start importing Assets/PollyPrivateers/SeamlessMaterials/PlanksTiled/PlanksTiled.mat using Guid(1a7bd92efe39e714484d2a150fa831bc) Importer(2089858483,0ecaa5967403d082aa24f35e1b516d23) Generated GUIDs only implemented for interfaces!
 -> (artifact id: '4463383067fba2b198c86399db214b46') in 0.452172 seconds
Number of updated asset objects reloaded before import = 0
Number of asset objects unloaded after import = 6
========================================================================
Received Import Request.
  Time since last request: 0.001627 seconds.
  path: Assets/PollyPrivateers/Prefabs/SmallDecors/Tray.prefab
  artifactKey: Guid(69621496826837d49b9b6c699fbe33bd) Importer(2089858483,0ecaa5967403d082aa24f35e1b516d23)
Start importing Assets/PollyPrivateers/Prefabs/SmallDecors/Tray.prefab using Guid(69621496826837d49b9b6c699fbe33bd) Importer(2089858483,0ecaa5967403d082aa24f35e1b516d23) Generated GUIDs only implemented for interfaces!
 -> (artifact id: '4a70d8048b6b09bc5113c93f0c9f1f8a') in 0.061610 seconds
Number of updated asset objects reloaded before import = 0
Number of asset objects unloaded after import = 8
========================================================================
Received Import Request.
  Time since last request: 0.002157 seconds.
  path: Assets/PollyPrivateers/Prefabs/SmallDecors/Wine Glass.prefab
  artifactKey: Guid(3a3edc1f3720c1c4c8e52962fa9046ff) Importer(2089858483,0ecaa5967403d082aa24f35e1b516d23)
Start importing Assets/PollyPrivateers/Prefabs/SmallDecors/Wine Glass.prefab using Guid(3a3edc1f3720c1c4c8e52962fa9046ff) Importer(2089858483,0ecaa5967403d082aa24f35e1b516d23) Generated GUIDs only implemented for interfaces!
 -> (artifact id: 'ee863ac643df426c762e7d4d27608d21') in 0.092956 seconds
Number of updated asset objects reloaded before import = 0
Number of asset objects unloaded after import = 8
========================================================================
Received Import Request.
  Time since last request: 0.002241 seconds.
  path: Assets/PollyPrivateers/Objects/KegSmooth/KegSmooth.mat
  artifactKey: Guid(089fd11869df1b54a935d600547cac58) Importer(2089858483,0ecaa5967403d082aa24f35e1b516d23)
Start importing Assets/PollyPrivateers/Objects/KegSmooth/KegSmooth.mat using Guid(089fd11869df1b54a935d600547cac58) Importer(2089858483,0ecaa5967403d082aa24f35e1b516d23) Generated GUIDs only implemented for interfaces!
 -> (artifact id: 'db5e23b9ec731ba02997a5e9b9ea019d') in 0.358334 seconds
Number of updated asset objects reloaded before import = 0
Number of asset objects unloaded after import = 5
========================================================================
Received Import Request.
  Time since last request: 0.001369 seconds.
  path: Assets/PollyPrivateers/SeamlessMaterials/Roof/Roof_Occlusion.tga
  artifactKey: Guid(0e9477ee2db925b46a7d36a8b38f0a4d) Importer(2089858483,0ecaa5967403d082aa24f35e1b516d23)
Start importing Assets/PollyPrivateers/SeamlessMaterials/Roof/Roof_Occlusion.tga using Guid(0e9477ee2db925b46a7d36a8b38f0a4d) Importer(2089858483,0ecaa5967403d082aa24f35e1b516d23) Generated GUIDs only implemented for interfaces!
 -> (artifact id: '1364b012e276cdc65e9022f79521f147') in 0.227801 seconds
Number of updated asset objects reloaded before import = 0
Number of asset objects unloaded after import = 1
========================================================================
Received Import Request.
  Time since last request: 0.003902 seconds.
  path: Assets/PollyPrivateers/SeamlessMaterials/Roof/Roof_Albedo.tga
  artifactKey: Guid(29a2fb18ae8593044ad96f2ef25f6c95) Importer(2089858483,0ecaa5967403d082aa24f35e1b516d23)
Start importing Assets/PollyPrivateers/SeamlessMaterials/Roof/Roof_Albedo.tga using Guid(29a2fb18ae8593044ad96f2ef25f6c95) Importer(2089858483,0ecaa5967403d082aa24f35e1b516d23) Generated GUIDs only implemented for interfaces!
 -> (artifact id: '3f66c403618042ea75dbaae07d432672') in 0.092463 seconds
Number of updated asset objects reloaded before import = 0
Number of asset objects unloaded after import = 1
========================================================================
Received Import Request.
  Time since last request: 0.004691 seconds.
  path: Assets/PollyPrivateers/SeamlessMaterials/Wall2/Height.tif
  artifactKey: Guid(0953a534c59326643803fac8013116de) Importer(2089858483,0ecaa5967403d082aa24f35e1b516d23)
Start importing Assets/PollyPrivateers/SeamlessMaterials/Wall2/Height.tif using Guid(0953a534c59326643803fac8013116de) Importer(2089858483,0ecaa5967403d082aa24f35e1b516d23) Generated GUIDs only implemented for interfaces!
 -> (artifact id: 'bc73b598dedd0cc6df5818a5f858039d') in 0.194169 seconds
Number of updated asset objects reloaded before import = 0
Number of asset objects unloaded after import = 1
========================================================================
Received Import Request.
  Time since last request: 0.003433 seconds.
  path: Assets/PollyPrivateers/SeamlessMaterials/Wall2/wall2_Occlusion.tga
  artifactKey: Guid(2c4d416d62522294bb67ca09dc1c235b) Importer(2089858483,0ecaa5967403d082aa24f35e1b516d23)
Start importing Assets/PollyPrivateers/SeamlessMaterials/Wall2/wall2_Occlusion.tga using Guid(2c4d416d62522294bb67ca09dc1c235b) Importer(2089858483,0ecaa5967403d082aa24f35e1b516d23) Generated GUIDs only implemented for interfaces!
 -> (artifact id: '3ef79bbbe5b64db2b5ed696e164d2cc4') in 0.190439 seconds
Number of updated asset objects reloaded before import = 0
Number of asset objects unloaded after import = 1
========================================================================
Received Import Request.
  Time since last request: 0.003768 seconds.
  path: Assets/PollyPrivateers/Objects/Pollybu/Materials/Cube.001Mat.mat
  artifactKey: Guid(f7d24030197bbb34998b182110d3ed96) Importer(2089858483,0ecaa5967403d082aa24f35e1b516d23)
Start importing Assets/PollyPrivateers/Objects/Pollybu/Materials/Cube.001Mat.mat using Guid(f7d24030197bbb34998b182110d3ed96) Importer(2089858483,0ecaa5967403d082aa24f35e1b516d23) Generated GUIDs only implemented for interfaces!
 -> (artifact id: '0b83ae4375dcbd56d68f96897b1a5ffa') in 0.049383 seconds
Number of updated asset objects reloaded before import = 0
Number of asset objects unloaded after import = 1
========================================================================
Received Import Request.
  Time since last request: 0.002770 seconds.
  path: Assets/PollyPrivateers/Objects/Apple/Materials/Default.mat
  artifactKey: Guid(6785778cfd5d6984d851a49d08898041) Importer(2089858483,0ecaa5967403d082aa24f35e1b516d23)
Start importing Assets/PollyPrivateers/Objects/Apple/Materials/Default.mat using Guid(6785778cfd5d6984d851a49d08898041) Importer(2089858483,0ecaa5967403d082aa24f35e1b516d23) Generated GUIDs only implemented for interfaces!
 -> (artifact id: '2951509dc1cd9faf7f04e68c2aaed631') in 0.142372 seconds
Number of updated asset objects reloaded before import = 0
Number of asset objects unloaded after import = 5
========================================================================
Received Import Request.
  Time since last request: 0.001983 seconds.
  path: Assets/PollyPrivateers/Objects/WhiskeyGlass/WhiskeyGlass.obj
  artifactKey: Guid(f3179ecd6c9075e4ab1bd81493484690) Importer(2089858483,0ecaa5967403d082aa24f35e1b516d23)
Start importing Assets/PollyPrivateers/Objects/WhiskeyGlass/WhiskeyGlass.obj using Guid(f3179ecd6c9075e4ab1bd81493484690) Importer(2089858483,0ecaa5967403d082aa24f35e1b516d23) Generated GUIDs only implemented for interfaces!
 -> (artifact id: 'd1a4945967b6ff018d3daa92a1d78eb1') in 0.084522 seconds
Number of updated asset objects reloaded before import = 0
Number of asset objects unloaded after import = 10
========================================================================
Received Import Request.
  Time since last request: 0.004648 seconds.
  path: Assets/PollyPrivateers/PirateTavern/ReflectionProbe-1.exr
  artifactKey: Guid(1f8b664a34329914680ed50efa46a136) Importer(2089858483,0ecaa5967403d082aa24f35e1b516d23)
Start importing Assets/PollyPrivateers/PirateTavern/ReflectionProbe-1.exr using Guid(1f8b664a34329914680ed50efa46a136) Importer(2089858483,0ecaa5967403d082aa24f35e1b516d23) Generated GUIDs only implemented for interfaces!
 -> (artifact id: '34bd9d2eb13bae5140571b4c76acc593') in 0.124238 seconds
Number of updated asset objects reloaded before import = 0
Number of asset objects unloaded after import = 1
========================================================================
Received Import Request.
  Time since last request: 0.002672 seconds.
  path: Assets/PollyPrivateers/Objects/Pollybu/Materials/Material.001.mat
  artifactKey: Guid(c209da51e246e68428ed31039531845a) Importer(2089858483,0ecaa5967403d082aa24f35e1b516d23)
Start importing Assets/PollyPrivateers/Objects/Pollybu/Materials/Material.001.mat using Guid(c209da51e246e68428ed31039531845a) Importer(2089858483,0ecaa5967403d082aa24f35e1b516d23) Generated GUIDs only implemented for interfaces!
 -> (artifact id: '871d4c0c4fe157fb3ceea55bd6e9027f') in 0.110850 seconds
Number of updated asset objects reloaded before import = 0
Number of asset objects unloaded after import = 4
========================================================================
Received Import Request.
  Time since last request: 0.001958 seconds.
  path: Assets/PollyPrivateers/Probes/ReflectionProbe-0.exr
  artifactKey: Guid(5bf67078d8a03c94895eef6bd624ff67) Importer(2089858483,0ecaa5967403d082aa24f35e1b516d23)
Start importing Assets/PollyPrivateers/Probes/ReflectionProbe-0.exr using Guid(5bf67078d8a03c94895eef6bd624ff67) Importer(2089858483,0ecaa5967403d082aa24f35e1b516d23) Generated GUIDs only implemented for interfaces!
 -> (artifact id: '04b2c01ed08b1329a35f7fab5e6208c1') in 0.120099 seconds
Number of updated asset objects reloaded before import = 0
Number of asset objects unloaded after import = 1
========================================================================
Received Import Request.
  Time since last request: 0.003633 seconds.
  path: Assets/Scripts/DartboardPointSystem.cs
  artifactKey: Guid(c9266bff1a6f9044e9915378d011c821) Importer(2089858483,0ecaa5967403d082aa24f35e1b516d23)
Start importing Assets/Scripts/DartboardPointSystem.cs using Guid(c9266bff1a6f9044e9915378d011c821) Importer(2089858483,0ecaa5967403d082aa24f35e1b516d23) Generated GUIDs only implemented for interfaces!
 -> (artifact id: '136449dac08cd649f9ca7edef1f13f15') in 0.034476 seconds
Number of updated asset objects reloaded before import = 0
Number of asset objects unloaded after import = 1
========================================================================
Received Import Request.
  Time since last request: 0.003725 seconds.
  path: Assets/PollyPrivateers/Objects/Torch/Torch_Occlusion.tga
  artifactKey: Guid(c17cc0c345c61884c973ac46e44e3e91) Importer(2089858483,0ecaa5967403d082aa24f35e1b516d23)
Start importing Assets/PollyPrivateers/Objects/Torch/Torch_Occlusion.tga using Guid(c17cc0c345c61884c973ac46e44e3e91) Importer(2089858483,0ecaa5967403d082aa24f35e1b516d23) Generated GUIDs only implemented for interfaces!
 -> (artifact id: 'f415f218c73c49af412c29dc03446941') in 0.096682 seconds
Number of updated asset objects reloaded before import = 0
Number of asset objects unloaded after import = 1
========================================================================
Received Import Request.
  Time since last request: 0.004528 seconds.
  path: Assets/PollyPrivateers/SeamlessMaterials/Wall2/Wall.mat
  artifactKey: Guid(1bd67b20ccdf9ee4293c34321d47322a) Importer(2089858483,0ecaa5967403d082aa24f35e1b516d23)
Start importing Assets/PollyPrivateers/SeamlessMaterials/Wall2/Wall.mat using Guid(1bd67b20ccdf9ee4293c34321d47322a) Importer(2089858483,0ecaa5967403d082aa24f35e1b516d23) Generated GUIDs only implemented for interfaces!
 -> (artifact id: '165c11bee81ff5f707a7f1c28ef4208f') in 0.431869 seconds
Number of updated asset objects reloaded before import = 0
Number of asset objects unloaded after import = 5
========================================================================
Received Import Request.
  Time since last request: 0.001525 seconds.
  path: Assets/PollyPrivateers/Objects/SculptedDesk/SculptedDesk_Albedo.tga
  artifactKey: Guid(0a81c53e4c2b6e643b29dc708bb87998) Importer(2089858483,0ecaa5967403d082aa24f35e1b516d23)
Start importing Assets/PollyPrivateers/Objects/SculptedDesk/SculptedDesk_Albedo.tga using Guid(0a81c53e4c2b6e643b29dc708bb87998) Importer(2089858483,0ecaa5967403d082aa24f35e1b516d23) Generated GUIDs only implemented for interfaces!
 -> (artifact id: '8c89ec46655e61a1d15714976c4a3b5c') in 0.265187 seconds
Number of updated asset objects reloaded before import = 0
Number of asset objects unloaded after import = 1
========================================================================
Received Import Request.
  Time since last request: 0.003691 seconds.
  path: Assets/PollyPrivateers/Prefabs/SmallDecors/BottleCinnamon.prefab
  artifactKey: Guid(3161759af5fd0904f867f436ee0d91fc) Importer(2089858483,0ecaa5967403d082aa24f35e1b516d23)
Start importing Assets/PollyPrivateers/Prefabs/SmallDecors/BottleCinnamon.prefab using Guid(3161759af5fd0904f867f436ee0d91fc) Importer(2089858483,0ecaa5967403d082aa24f35e1b516d23) Generated GUIDs only implemented for interfaces!
 -> (artifact id: 'c81dcf00494b4b83b79958fb46b4d685') in 0.063631 seconds
Number of updated asset objects reloaded before import = 0
Number of asset objects unloaded after import = 21
========================================================================
Received Import Request.
  Time since last request: 0.003142 seconds.
  path: Assets/PollyPrivateers/Objects/Trifold/Trifold.mat
  artifactKey: Guid(a71e03c2f09c9004181521039738d347) Importer(2089858483,0ecaa5967403d082aa24f35e1b516d23)
Start importing Assets/PollyPrivateers/Objects/Trifold/Trifold.mat using Guid(a71e03c2f09c9004181521039738d347) Importer(2089858483,0ecaa5967403d082aa24f35e1b516d23) Generated GUIDs only implemented for interfaces!
 -> (artifact id: '85c2ae297f0db87e1b501f0e6a5c8651') in 0.407402 seconds
Number of updated asset objects reloaded before import = 0
Number of asset objects unloaded after import = 5
========================================================================
Received Import Request.
  Time since last request: 0.001063 seconds.
  path: Assets/PollyPrivateers/Objects/KegSmooth/KegSmooth2_Albedo.tga
  artifactKey: Guid(e47a559b183caf14b920ebd32fa4f27f) Importer(2089858483,0ecaa5967403d082aa24f35e1b516d23)
Start importing Assets/PollyPrivateers/Objects/KegSmooth/KegSmooth2_Albedo.tga using Guid(e47a559b183caf14b920ebd32fa4f27f) Importer(2089858483,0ecaa5967403d082aa24f35e1b516d23) Generated GUIDs only implemented for interfaces!
 -> (artifact id: 'd7ff4c863bf8554f170cf3179aa63559') in 0.201380 seconds
Number of updated asset objects reloaded before import = 0
Number of asset objects unloaded after import = 1
========================================================================
Received Import Request.
  Time since last request: 0.003525 seconds.
  path: Assets/PollyPrivateers/Objects/Ingridients/Ingridients_Occlusion.tga
  artifactKey: Guid(cffb068c52579714b9a468173bd2f970) Importer(2089858483,0ecaa5967403d082aa24f35e1b516d23)
Start importing Assets/PollyPrivateers/Objects/Ingridients/Ingridients_Occlusion.tga using Guid(cffb068c52579714b9a468173bd2f970) Importer(2089858483,0ecaa5967403d082aa24f35e1b516d23) Generated GUIDs only implemented for interfaces!
 -> (artifact id: '07c549efb7258f25fc9dffd549288656') in 0.085406 seconds
Number of updated asset objects reloaded before import = 0
Number of asset objects unloaded after import = 1
========================================================================
Received Import Request.
  Time since last request: 0.003387 seconds.
  path: Assets/PollyPrivateers/Objects/Simple Bottle/Simple Bottle_Specular.tga
  artifactKey: Guid(0a8de5abd0b028341904f0a81746270e) Importer(2089858483,0ecaa5967403d082aa24f35e1b516d23)
Start importing Assets/PollyPrivateers/Objects/Simple Bottle/Simple Bottle_Specular.tga using Guid(0a8de5abd0b028341904f0a81746270e) Importer(2089858483,0ecaa5967403d082aa24f35e1b516d23) Generated GUIDs only implemented for interfaces!
 -> (artifact id: '0b44400b618ec75557f4dca9c68bcc87') in 0.214023 seconds
Number of updated asset objects reloaded before import = 0
Number of asset objects unloaded after import = 1
========================================================================
Received Import Request.
  Time since last request: 0.003216 seconds.
  path: Assets/PollyPrivateers/Prefabs/SmallDecors/DiningBowl.prefab
  artifactKey: Guid(c873518d7cccaed4bae9d57a100a85e9) Importer(2089858483,0ecaa5967403d082aa24f35e1b516d23)
Start importing Assets/PollyPrivateers/Prefabs/SmallDecors/DiningBowl.prefab using Guid(c873518d7cccaed4bae9d57a100a85e9) Importer(2089858483,0ecaa5967403d082aa24f35e1b516d23) Generated GUIDs only implemented for interfaces!
 -> (artifact id: '67371fa69c2151eec7af69ec4812a562') in 0.059479 seconds
Number of updated asset objects reloaded before import = 0
Number of asset objects unloaded after import = 8
========================================================================
Received Import Request.
  Time since last request: 0.003522 seconds.
  path: Assets/PollyPrivateers/Prefabs/SmallDecors/Loot.prefab
  artifactKey: Guid(d39da7f1a10205d42a0f7d3d0e19aab7) Importer(2089858483,0ecaa5967403d082aa24f35e1b516d23)
Start importing Assets/PollyPrivateers/Prefabs/SmallDecors/Loot.prefab using Guid(d39da7f1a10205d42a0f7d3d0e19aab7) Importer(2089858483,0ecaa5967403d082aa24f35e1b516d23) Generated GUIDs only implemented for interfaces!
 -> (artifact id: '9063b8a821b871e2ccb8a7bba341dab5') in 0.099989 seconds
Number of updated asset objects reloaded before import = 0
Number of asset objects unloaded after import = 70
========================================================================
Received Import Request.
  Time since last request: 0.002993 seconds.
  path: Assets/PollyPrivateers/Objects/BoozeShelf/BoozeShelf.mat
  artifactKey: Guid(ede7b012bdd4fc44a81987caec577c7c) Importer(2089858483,0ecaa5967403d082aa24f35e1b516d23)
Start importing Assets/PollyPrivateers/Objects/BoozeShelf/BoozeShelf.mat using Guid(ede7b012bdd4fc44a81987caec577c7c) Importer(2089858483,0ecaa5967403d082aa24f35e1b516d23) Generated GUIDs only implemented for interfaces!
 -> (artifact id: 'c0199eac4342897ea273293266269d98') in 0.642189 seconds
Number of updated asset objects reloaded before import = 0
Number of asset objects unloaded after import = 5
========================================================================
Received Import Request.
  Time since last request: 0.000968 seconds.
  path: Assets/PollyPrivateers/Objects/FireCamp/FireCamp.mat
  artifactKey: Guid(f945ef14aeb2d3542991439203c9c4a6) Importer(2089858483,0ecaa5967403d082aa24f35e1b516d23)
Start importing Assets/PollyPrivateers/Objects/FireCamp/FireCamp.mat using Guid(f945ef14aeb2d3542991439203c9c4a6) Importer(2089858483,0ecaa5967403d082aa24f35e1b516d23) Generated GUIDs only implemented for interfaces!
 -> (artifact id: '77601144b2c4aa5df14532d279205ea5') in 0.518872 seconds
Number of updated asset objects reloaded before import = 0
Number of asset objects unloaded after import = 7
========================================================================
Received Import Request.
  Time since last request: 0.002137 seconds.
  path: Assets/PollyPrivateers/Prefabs/SmallDecors/InkBottle.prefab
  artifactKey: Guid(769c29378aa28834ca20c0bc5edbbab9) Importer(2089858483,0ecaa5967403d082aa24f35e1b516d23)
Start importing Assets/PollyPrivateers/Prefabs/SmallDecors/InkBottle.prefab using Guid(769c29378aa28834ca20c0bc5edbbab9) Importer(2089858483,0ecaa5967403d082aa24f35e1b516d23) Generated GUIDs only implemented for interfaces!
 -> (artifact id: 'd935a0e44e53bd29f32bca2ddd791c66') in 0.068647 seconds
Number of updated asset objects reloaded before import = 0
Number of asset objects unloaded after import = 14
========================================================================
Received Import Request.
  Time since last request: 0.003841 seconds.
  path: Assets/PollyPrivateers/Objects/SculptedDesk/SculptedDesk.obj
  artifactKey: Guid(1af02e7b51cd5e5498daf627bd50293a) Importer(2089858483,0ecaa5967403d082aa24f35e1b516d23)
Start importing Assets/PollyPrivateers/Objects/SculptedDesk/SculptedDesk.obj using Guid(1af02e7b51cd5e5498daf627bd50293a) Importer(2089858483,0ecaa5967403d082aa24f35e1b516d23) Generated GUIDs only implemented for interfaces!
 -> (artifact id: 'b89d2eabc554176b41305f851995607b') in 0.078012 seconds
Number of updated asset objects reloaded before import = 0
Number of asset objects unloaded after import = 10
========================================================================
Received Import Request.
  Time since last request: 0.003540 seconds.
  path: Assets/PollyPrivateers/SeamlessMaterials/Roof/Roof_Normal.tga
  artifactKey: Guid(ad5c1738656349e4bb8e48e69e2a6eee) Importer(2089858483,0ecaa5967403d082aa24f35e1b516d23)
Start importing Assets/PollyPrivateers/SeamlessMaterials/Roof/Roof_Normal.tga using Guid(ad5c1738656349e4bb8e48e69e2a6eee) Importer(2089858483,0ecaa5967403d082aa24f35e1b516d23) Generated GUIDs only implemented for interfaces!
 -> (artifact id: '09d504989af00b454955e2bb4bc76a33') in 0.152745 seconds
Number of updated asset objects reloaded before import = 0
Number of asset objects unloaded after import = 1
========================================================================
Received Import Request.
  Time since last request: 0.002913 seconds.
  path: Assets/PollyPrivateers/Particles/Fire.mat
  artifactKey: Guid(6625d396df15666408953bb0687797ca) Importer(2089858483,0ecaa5967403d082aa24f35e1b516d23)
Start importing Assets/PollyPrivateers/Particles/Fire.mat using Guid(6625d396df15666408953bb0687797ca) Importer(2089858483,0ecaa5967403d082aa24f35e1b516d23) Generated GUIDs only implemented for interfaces!
 -> (artifact id: '23dfd19977e6db85103a18091718f5ff') in 0.084471 seconds
Number of updated asset objects reloaded before import = 0
Number of asset objects unloaded after import = 2
========================================================================
Received Import Request.
  Time since last request: 0.002987 seconds.
  path: Assets/PollyPrivateers/Objects/Ingridients/Ingridients.fbx
  artifactKey: Guid(70698a2040158484b9c8f1ee44932b79) Importer(2089858483,0ecaa5967403d082aa24f35e1b516d23)
Start importing Assets/PollyPrivateers/Objects/Ingridients/Ingridients.fbx using Guid(70698a2040158484b9c8f1ee44932b79) Importer(2089858483,0ecaa5967403d082aa24f35e1b516d23) Generated GUIDs only implemented for interfaces!
 -> (artifact id: '74157e42f9e508eb5040123b80ccb9c8') in 0.086396 seconds
Number of updated asset objects reloaded before import = 0
Number of asset objects unloaded after import = 19
========================================================================
Received Import Request.
  Time since last request: 0.003052 seconds.
  path: Assets/PollyPrivateers/Objects/Batch of Decors 4/Batch of Decors 4.fbx
  artifactKey: Guid(79c0ef7228576154b9462b00f2675651) Importer(2089858483,0ecaa5967403d082aa24f35e1b516d23)
Start importing Assets/PollyPrivateers/Objects/Batch of Decors 4/Batch of Decors 4.fbx using Guid(79c0ef7228576154b9462b00f2675651) Importer(2089858483,0ecaa5967403d082aa24f35e1b516d23) Generated GUIDs only implemented for interfaces!
 -> (artifact id: '65e59af830eee1c751b01ebb94fbfe3d') in 0.141568 seconds
Number of updated asset objects reloaded before import = 0
Number of asset objects unloaded after import = 49
========================================================================
Received Import Request.
  Time since last request: 0.002885 seconds.
  path: Assets/PollyPrivateers/Prefabs/Medium Decors/Medium pot with Rice.prefab
  artifactKey: Guid(b0bd267d80e2cc34684703c017a7bef8) Importer(2089858483,0ecaa5967403d082aa24f35e1b516d23)
Start importing Assets/PollyPrivateers/Prefabs/Medium Decors/Medium pot with Rice.prefab using Guid(b0bd267d80e2cc34684703c017a7bef8) Importer(2089858483,0ecaa5967403d082aa24f35e1b516d23) Generated GUIDs only implemented for interfaces!
 -> (artifact id: '2d152d5c4318743db269c52e9b6e7fd9') in 0.122002 seconds
Number of updated asset objects reloaded before import = 0
Number of asset objects unloaded after import = 21
========================================================================
Received Import Request.
  Time since last request: 0.003189 seconds.
  path: Assets/PollyPrivateers/Objects/Wanted Posters/WantedPosters.mat
  artifactKey: Guid(7d155d3290d24b34786f4e10003ca5ee) Importer(2089858483,0ecaa5967403d082aa24f35e1b516d23)
Start importing Assets/PollyPrivateers/Objects/Wanted Posters/WantedPosters.mat using Guid(7d155d3290d24b34786f4e10003ca5ee) Importer(2089858483,0ecaa5967403d082aa24f35e1b516d23) Generated GUIDs only implemented for interfaces!
 -> (artifact id: 'db631d83afdbc3af3eaccfa15928c62a') in 0.170315 seconds
Number of updated asset objects reloaded before import = 0
Number of asset objects unloaded after import = 5
========================================================================
Received Import Request.
  Time since last request: 0.001356 seconds.
  path: Assets/PollyPrivateers/Objects/Ladle/Ladle_Normal.tga
  artifactKey: Guid(821c61e4df825744a921a7ce47e49cd4) Importer(2089858483,0ecaa5967403d082aa24f35e1b516d23)
Start importing Assets/PollyPrivateers/Objects/Ladle/Ladle_Normal.tga using Guid(821c61e4df825744a921a7ce47e49cd4) Importer(2089858483,0ecaa5967403d082aa24f35e1b516d23) Generated GUIDs only implemented for interfaces!
 -> (artifact id: 'e02c6e2966819cb57197ff49ad91ce2e') in 0.089668 seconds
Number of updated asset objects reloaded before import = 0
Number of asset objects unloaded after import = 1
========================================================================
Received Import Request.
  Time since last request: 0.053030 seconds.
  path: Assets/PollyPrivateers/Objects/TheGreatHunt Book/The Great Hunt Book_Normal.tga
  artifactKey: Guid(cda5c8e7b1decf246a40009149a04e43) Importer(2089858483,0ecaa5967403d082aa24f35e1b516d23)
Start importing Assets/PollyPrivateers/Objects/TheGreatHunt Book/The Great Hunt Book_Normal.tga using Guid(cda5c8e7b1decf246a40009149a04e43) Importer(2089858483,0ecaa5967403d082aa24f35e1b516d23) Generated GUIDs only implemented for interfaces!
 -> (artifact id: 'f39cce668d09ed799d10faf4bfefb625') in 0.081845 seconds
Number of updated asset objects reloaded before import = 0
Number of asset objects unloaded after import = 1
========================================================================
Received Import Request.
  Time since last request: 0.004074 seconds.
  path: Assets/PollyPrivateers/Prefabs/Furnishings/KitchenDesk.prefab
  artifactKey: Guid(6fb13811a50b8984397daa92809837d3) Importer(2089858483,0ecaa5967403d082aa24f35e1b516d23)
Start importing Assets/PollyPrivateers/Prefabs/Furnishings/KitchenDesk.prefab using Guid(6fb13811a50b8984397daa92809837d3) Importer(2089858483,0ecaa5967403d082aa24f35e1b516d23) Generated GUIDs only implemented for interfaces!
 -> (artifact id: 'dd2e50c655fb1648ba54b7ff7f575be1') in 0.105183 seconds
Number of updated asset objects reloaded before import = 0
Number of asset objects unloaded after import = 10
========================================================================
Received Import Request.
  Time since last request: 0.004211 seconds.
  path: Assets/PollyPrivateers/Objects/JawMaster/JawMaster.mat
  artifactKey: Guid(4c8dc72e2a78ee746890e40d2c915758) Importer(2089858483,0ecaa5967403d082aa24f35e1b516d23)
Start importing Assets/PollyPrivateers/Objects/JawMaster/JawMaster.mat using Guid(4c8dc72e2a78ee746890e40d2c915758) Importer(2089858483,0ecaa5967403d082aa24f35e1b516d23) Generated GUIDs only implemented for interfaces!
 -> (artifact id: '50d64b22359614299ded7dc80b2c381b') in 0.158710 seconds
Number of updated asset objects reloaded before import = 0
Number of asset objects unloaded after import = 4
========================================================================
Received Import Request.
  Time since last request: 0.000945 seconds.
  path: Assets/PollyPrivateers/Prefabs/SmallDecors/TinySpoon.prefab
  artifactKey: Guid(fc61ffa3fdcade64daa7533533b35530) Importer(2089858483,0ecaa5967403d082aa24f35e1b516d23)
Start importing Assets/PollyPrivateers/Prefabs/SmallDecors/TinySpoon.prefab using Guid(fc61ffa3fdcade64daa7533533b35530) Importer(2089858483,0ecaa5967403d082aa24f35e1b516d23) Generated GUIDs only implemented for interfaces!
 -> (artifact id: '366e83b60bddb298d0000ca5c6a6f4c2') in 0.110496 seconds
Number of updated asset objects reloaded before import = 0
Number of asset objects unloaded after import = 8
========================================================================
Received Import Request.
  Time since last request: 0.002758 seconds.
  path: Assets/PollyPrivateers/Objects/Ingridients/Ingridients_Normal.tga
  artifactKey: Guid(5533903160fbad04b993fa24b27620f8) Importer(2089858483,0ecaa5967403d082aa24f35e1b516d23)
Start importing Assets/PollyPrivateers/Objects/Ingridients/Ingridients_Normal.tga using Guid(5533903160fbad04b993fa24b27620f8) Importer(2089858483,0ecaa5967403d082aa24f35e1b516d23) Generated GUIDs only implemented for interfaces!
 -> (artifact id: '2da1d22652e8e7250c81e89e461f719f') in 0.098429 seconds
Number of updated asset objects reloaded before import = 0
Number of asset objects unloaded after import = 1
========================================================================
Received Import Request.
  Time since last request: 0.003284 seconds.
  path: Assets/PollyPrivateers/Objects/Firewood/Firewood2.mat
  artifactKey: Guid(4909eafe428dfa34f81212302b6b06df) Importer(2089858483,0ecaa5967403d082aa24f35e1b516d23)
Start importing Assets/PollyPrivateers/Objects/Firewood/Firewood2.mat using Guid(4909eafe428dfa34f81212302b6b06df) Importer(2089858483,0ecaa5967403d082aa24f35e1b516d23) Generated GUIDs only implemented for interfaces!
 -> (artifact id: '4a2f8aa6b8823382004a543a5df4ce85') in 0.220220 seconds
Number of updated asset objects reloaded before import = 0
Number of asset objects unloaded after import = 4
========================================================================
Received Import Request.
  Time since last request: 0.001778 seconds.
  path: Assets/PollyPrivateers/Objects/TheShelf/TheShelf_Specular.tga
  artifactKey: Guid(1ccfbd2846bcfd64ea76c54d503ca8a8) Importer(2089858483,0ecaa5967403d082aa24f35e1b516d23)
Start importing Assets/PollyPrivateers/Objects/TheShelf/TheShelf_Specular.tga using Guid(1ccfbd2846bcfd64ea76c54d503ca8a8) Importer(2089858483,0ecaa5967403d082aa24f35e1b516d23) Generated GUIDs only implemented for interfaces!
 -> (artifact id: '828d7474bd6d1b2d66f05eddbe8f06c1') in 0.091579 seconds
Number of updated asset objects reloaded before import = 0
Number of asset objects unloaded after import = 1
========================================================================
Received Import Request.
  Time since last request: 0.003488 seconds.
  path: Assets/PollyPrivateers/Objects/BoozeShelf/BoozeShelf_Normal.tga
  artifactKey: Guid(eb429b7c54550ae44958e5ba6a85f7e1) Importer(2089858483,0ecaa5967403d082aa24f35e1b516d23)
Start importing Assets/PollyPrivateers/Objects/BoozeShelf/BoozeShelf_Normal.tga using Guid(eb429b7c54550ae44958e5ba6a85f7e1) Importer(2089858483,0ecaa5967403d082aa24f35e1b516d23) Generated GUIDs only implemented for interfaces!
 -> (artifact id: '7b01ded2a7326dc2924f96fce7232c7f') in 0.144593 seconds
Number of updated asset objects reloaded before import = 0
Number of asset objects unloaded after import = 1
========================================================================
Received Import Request.
  Time since last request: 0.003724 seconds.
  path: Assets/PollyPrivateers/Objects/CoinPurse(bag)/Coinpurse(bag)_Albedo.tga
  artifactKey: Guid(9e861f10f242de549bb4c46f443cbaba) Importer(2089858483,0ecaa5967403d082aa24f35e1b516d23)
Start importing Assets/PollyPrivateers/Objects/CoinPurse(bag)/Coinpurse(bag)_Albedo.tga using Guid(9e861f10f242de549bb4c46f443cbaba) Importer(2089858483,0ecaa5967403d082aa24f35e1b516d23) Generated GUIDs only implemented for interfaces!
 -> (artifact id: '371b34b25b3b45b4a95c82800fd9f695') in 0.176400 seconds
Number of updated asset objects reloaded before import = 0
Number of asset objects unloaded after import = 1
========================================================================
Received Import Request.
  Time since last request: 0.003423 seconds.
  path: Assets/PollyPrivateers/Objects/Batch of Decors 2/Batch of Decors 2_Normal.tga
  artifactKey: Guid(6b8b7914fb37dd248be2da4a023af8be) Importer(2089858483,0ecaa5967403d082aa24f35e1b516d23)
Start importing Assets/PollyPrivateers/Objects/Batch of Decors 2/Batch of Decors 2_Normal.tga using Guid(6b8b7914fb37dd248be2da4a023af8be) Importer(2089858483,0ecaa5967403d082aa24f35e1b516d23) Generated GUIDs only implemented for interfaces!
 -> (artifact id: '6141c530d4fc269eb19d798ec716a3e9') in 0.156662 seconds
Number of updated asset objects reloaded before import = 0
Number of asset objects unloaded after import = 1
========================================================================
Received Import Request.
  Time since last request: 0.003442 seconds.
  path: Assets/3D Models/dart/11750_throwing_dart_v1_L3.obj
  artifactKey: Guid(85fd3f4d4b46e6041a04ece7030a8b2c) Importer(2089858483,0ecaa5967403d082aa24f35e1b516d23)
Start importing Assets/3D Models/dart/11750_throwing_dart_v1_L3.obj using Guid(85fd3f4d4b46e6041a04ece7030a8b2c) Importer(2089858483,0ecaa5967403d082aa24f35e1b516d23) Generated GUIDs only implemented for interfaces!
 -> (artifact id: 'cef5615b5dcc620c5ee46a0cfee8a260') in 0.147042 seconds
Number of updated asset objects reloaded before import = 0
Number of asset objects unloaded after import = 11
========================================================================
Received Import Request.
  Time since last request: 0.029548 seconds.
  path: Assets/PollyPrivateers/Objects/Window/Window_Normal.tga
  artifactKey: Guid(efbbe7adf3b8dc942919c5574c465aad) Importer(2089858483,0ecaa5967403d082aa24f35e1b516d23)
Start importing Assets/PollyPrivateers/Objects/Window/Window_Normal.tga using Guid(efbbe7adf3b8dc942919c5574c465aad) Importer(2089858483,0ecaa5967403d082aa24f35e1b516d23) Generated GUIDs only implemented for interfaces!
 -> (artifact id: '7d4ce1b42742d8c4f2be9a30e13b1f1d') in 0.134426 seconds
Number of updated asset objects reloaded before import = 0
Number of asset objects unloaded after import = 1
========================================================================
Received Import Request.
  Time since last request: 0.003022 seconds.
  path: Assets/Mini First Person Controller/Demo/Demo Mini FPC.unity
  artifactKey: Guid(5f2b90ba65c7b244b875e239d5d42650) Importer(2089858483,0ecaa5967403d082aa24f35e1b516d23)
Start importing Assets/Mini First Person Controller/Demo/Demo Mini FPC.unity using Guid(5f2b90ba65c7b244b875e239d5d42650) Importer(2089858483,0ecaa5967403d082aa24f35e1b516d23) Generated GUIDs only implemented for interfaces!
 -> (artifact id: '276ccf25b84f1cb166a9cdace56d7652') in 0.027760 seconds
Number of updated asset objects reloaded before import = 0
Number of asset objects unloaded after import = 1
========================================================================
Received Import Request.
  Time since last request: 0.003476 seconds.
  path: Assets/PollyPrivateers/Objects/Chair/Chair_Specular.tga
  artifactKey: Guid(54bc8eebd2c60ca47b5b1692960e91aa) Importer(2089858483,0ecaa5967403d082aa24f35e1b516d23)
Start importing Assets/PollyPrivateers/Objects/Chair/Chair_Specular.tga using Guid(54bc8eebd2c60ca47b5b1692960e91aa) Importer(2089858483,0ecaa5967403d082aa24f35e1b516d23) Generated GUIDs only implemented for interfaces!
 -> (artifact id: 'e3e7da0b24215b68c784da2ccc7c63e5') in 0.079499 seconds
Number of updated asset objects reloaded before import = 0
Number of asset objects unloaded after import = 1
========================================================================
Received Import Request.
  Time since last request: 0.003857 seconds.
  path: Assets/PollyPrivateers/Objects/Window/Window_Occlusion.tga
  artifactKey: Guid(e21b6afb4d3536a4492d2dae2eba5cde) Importer(2089858483,0ecaa5967403d082aa24f35e1b516d23)
Start importing Assets/PollyPrivateers/Objects/Window/Window_Occlusion.tga using Guid(e21b6afb4d3536a4492d2dae2eba5cde) Importer(2089858483,0ecaa5967403d082aa24f35e1b516d23) Generated GUIDs only implemented for interfaces!
 -> (artifact id: '9d4ce0a1b1ccc932f3350a5809cdb0da') in 0.135056 seconds
Number of updated asset objects reloaded before import = 0
Number of asset objects unloaded after import = 1
========================================================================
Received Import Request.
  Time since last request: 0.004314 seconds.
  path: Assets/PollyPrivateers/SeamlessMaterials/Wall2/GlossyExport.tga
  artifactKey: Guid(0058f7be59072a349a36933a6c99e9b2) Importer(2089858483,0ecaa5967403d082aa24f35e1b516d23)
Start importing Assets/PollyPrivateers/SeamlessMaterials/Wall2/GlossyExport.tga using Guid(0058f7be59072a349a36933a6c99e9b2) Importer(2089858483,0ecaa5967403d082aa24f35e1b516d23) Generated GUIDs only implemented for interfaces!
 -> (artifact id: 'a8bc15bfbdc10d7a583dd34a71c2b8db') in 0.138004 seconds
Number of updated asset objects reloaded before import = 0
Number of asset objects unloaded after import = 1
========================================================================
Received Import Request.
  Time since last request: 0.002736 seconds.
  path: Assets/PollyPrivateers/PirateTavern/LightingData.asset
  artifactKey: Guid(48c7e3e5f26db904a9cf674ab90e446f) Importer(2089858483,0ecaa5967403d082aa24f35e1b516d23)
Start importing Assets/PollyPrivateers/PirateTavern/LightingData.asset using Guid(48c7e3e5f26db904a9cf674ab90e446f) Importer(2089858483,0ecaa5967403d082aa24f35e1b516d23) Lighting data asset ‘LightingData’ is inconsistent because 36 files out of 180 are missing. Please use Generate Lighting to rebuild the lighting data.
UnityEngine.StackTraceUtility:ExtractStackTrace ()
UnityEditor.Search.AssetIndexer:IndexProperties (int&,string&,bool&)
UnityEditor.Search.AssetIndexer:IndexDocument (string,bool)
UnityEditor.Search.SearchIndexEntryImporter:OnImportAsset (UnityEditor.AssetImporters.AssetImportContext)
UnityEditor.AssetImporters.ScriptedImporter:GenerateAssetData (UnityEditor.AssetImporters.AssetImportContext)

[C:\build\output\unity\unity\Editor\Src\GI\Enlighten\LightingDataAsset.cpp line 410]

Generated GUIDs only implemented for interfaces!
 -> (artifact id: 'ab0b61d19e23b9d6caf2f5ce1609457d') in 0.815705 seconds
Number of updated asset objects reloaded before import = 0
Number of asset objects unloaded after import = 2
========================================================================
Received Import Request.
  Time since last request: 0.003231 seconds.
  path: Assets/PollyPrivateers/Objects/ThatTable/ThatTable_Occlusion.tga
  artifactKey: Guid(dcd52ab07b03d1a438f74e716d7ffd71) Importer(2089858483,0ecaa5967403d082aa24f35e1b516d23)
Start importing Assets/PollyPrivateers/Objects/ThatTable/ThatTable_Occlusion.tga using Guid(dcd52ab07b03d1a438f74e716d7ffd71) Importer(2089858483,0ecaa5967403d082aa24f35e1b516d23) Generated GUIDs only implemented for interfaces!
 -> (artifact id: '70b8dbc6b63adff2f3868b0ce9a7a98d') in 0.129681 seconds
Number of updated asset objects reloaded before import = 0
Number of asset objects unloaded after import = 1
========================================================================
Received Prepare
Begin MonoManager ReloadAssembly
- Loaded All Assemblies, in 12.532 seconds
Refreshing native plugins compatible for Editor in 80.66 ms, found 3 plugins.
Native extension for WindowsStandalone target not found
[Package Manager] Server::EnsureServerProcessIsRunning -- launch failed, reason: Unity was launched with the -noUpm command-line argument
[Package Manager] UpmClient::Send -- Unable to send message (not connected to UPM process).
[Package Manager] Cannot connect to Unity Package Manager local server
Mono: successfully reloaded assembly
- Finished resetting the current domain, in 20.508 seconds
Domain Reload Profiling: 33037ms
	BeginReloadAssembly (175ms)
		ExecutionOrderSort (0ms)
		DisableScriptedObjects (6ms)
		BackupInstance (0ms)
		ReleaseScriptingObjects (0ms)
		CreateAndSetChildDomain (28ms)
	RebuildCommonClasses (41ms)
	RebuildNativeTypeToScriptingClass (10ms)
	initialDomainReloadingComplete (77ms)
	LoadAllAssembliesAndSetupDomain (12225ms)
		LoadAssemblies (12285ms)
		RebuildTransferFunctionScriptingTraits (0ms)
		AnalyzeDomain (19ms)
			TypeCache.Refresh (8ms)
				TypeCache.ScanAssembly (0ms)
			ScanForSourceGeneratedMonoScriptInfo (6ms)
			ResolveRequiredComponents (4ms)
	FinalizeReload (20509ms)
		ReleaseScriptCaches (0ms)
		RebuildScriptCaches (0ms)
		SetupLoadedEditorAssemblies (419ms)
			LogAssemblyErrors (0ms)
			InitializePlatformSupportModulesInManaged (5ms)
			SetLoadedEditorAssemblies (4ms)
			RefreshPlugins (0ms)
			BeforeProcessingInitializeOnLoad (73ms)
			ProcessInitializeOnLoadAttributes (312ms)
			ProcessInitializeOnLoadMethodAttributes (18ms)
			AfterProcessingInitializeOnLoad (6ms)
			EditorAssembliesLoaded (0ms)
		ExecutionOrderSort2 (0ms)
		AwakeInstancesAfterBackupRestoration (7ms)
Refreshing native plugins compatible for Editor in 205.21 ms, found 3 plugins.
Preloading 0 native plugins for Editor in 0.00 ms.
Unloading 3128 Unused Serialized files (Serialized files now loaded: 0)
Unloading 25 unused Assets / (86.2 KB). Loaded Objects now: 3614.
Memory consumption went from 131.3 MB to 131.3 MB.
Total: 2.623300 ms (FindLiveObjects: 0.262400 ms CreateObjectMapping: 0.175600 ms MarkObjects: 2.101500 ms  DeleteObjects: 0.083200 ms)

Prepare: number of updated asset objects reloaded= 0
AssetImportParameters requested are different than current active one (requested -> active):
  custom:container-demuxer-ogg: 62fdf1f143b41e24485cea50d1cbac27 -> 
  custom:video-decoder-ogg-theora: a1e56fd34408186e4bbccfd4996cb3dc -> 
  custom:framework-win-MediaFoundation: 216162199b28c13a410421893ffa2e32 -> 
  custom:CustomObjectIndexerAttribute: 6d391050e5a25f67b0a2c618074f2cd9 -> 
  custom:container-demuxer-webm: 4f35f7cbe854078d1ac9338744f61a02 -> 
  custom:container-muxer-webm: aa71ff27fc2769a1b78a27578f13a17b -> 
  custom:video-decoder-webm-vp8: 9c59270c3fd7afecdb556c50c9e8de78 -> 
  custom:SearchIndexIgnoredProperties: e643bd26f0fe6173181afceb89e7c659 -> 
  custom:AudioImporter_EditorPlatform: d09bf68614088b80899f8185d706f6e7 -> 
  custom:video-encoder-webm-vp8: eb34c28f22e8b96e1ab97ce403110664 -> 
  custom:audio-decoder-ogg-vorbis: bf7c407c2cedff20999df2af8eb42d56 -> 
  custom:audio-encoder-webm-vorbis: bf7c407c2cedff20999df2af8eb42d56 -> 
========================================================================
Received Import Request.
  Time since last request: 897.529651 seconds.
  path: Assets/3D Models/dartboard/11721_darboard_V4_L3.obj
  artifactKey: Guid(80bb73188732ee041860435c588bb622) Importer(815301076,1909f56bfc062723c751e8b465ee728b)
Start importing Assets/3D Models/dartboard/11721_darboard_V4_L3.obj using Guid(80bb73188732ee041860435c588bb622) Importer(815301076,1909f56bfc062723c751e8b465ee728b)  -> (artifact id: 'fa40d78912b9914075f804bcc35acc8d') in 0.182529 seconds
Number of updated asset objects reloaded before import = 0
Number of asset objects unloaded after import = 11
========================================================================
Received Import Request.
  Time since last request: 1792.578253 seconds.
  path: Assets/Mini First Person Controller/First Person Controller Minimal.prefab
  artifactKey: Guid(f2e0b7ae4dae8cf44955bccd3512b213) Importer(815301076,1909f56bfc062723c751e8b465ee728b)
Start importing Assets/Mini First Person Controller/First Person Controller Minimal.prefab using Guid(f2e0b7ae4dae8cf44955bccd3512b213) Importer(815301076,1909f56bfc062723c751e8b465ee728b)  -> (artifact id: '928492aa691dcfe547f57344bff6ac95') in 0.226296 seconds
Number of updated asset objects reloaded before import = 0
Number of asset objects unloaded after import = 33
========================================================================
Received Prepare
Begin MonoManager ReloadAssembly
- Loaded All Assemblies, in 13.102 seconds
Refreshing native plugins compatible for Editor in 100.04 ms, found 3 plugins.
Native extension for WindowsStandalone target not found
[Package Manager] Server::EnsureServerProcessIsRunning -- launch failed, reason: Unity was launched with the -noUpm command-line argument
[Package Manager] UpmClient::Send -- Unable to send message (not connected to UPM process).
[Package Manager] Cannot connect to Unity Package Manager local server
Mono: successfully reloaded assembly
- Finished resetting the current domain, in 24.030 seconds
Domain Reload Profiling: 37129ms
	BeginReloadAssembly (195ms)
		ExecutionOrderSort (0ms)
		DisableScriptedObjects (4ms)
		BackupInstance (0ms)
		ReleaseScriptingObjects (0ms)
		CreateAndSetChildDomain (31ms)
	RebuildCommonClasses (39ms)
	RebuildNativeTypeToScriptingClass (11ms)
	initialDomainReloadingComplete (91ms)
	LoadAllAssembliesAndSetupDomain (12762ms)
		LoadAssemblies (12831ms)
		RebuildTransferFunctionScriptingTraits (0ms)
		AnalyzeDomain (11ms)
			TypeCache.Refresh (6ms)
				TypeCache.ScanAssembly (0ms)
			ScanForSourceGeneratedMonoScriptInfo (0ms)
			ResolveRequiredComponents (4ms)
	FinalizeReload (24031ms)
		ReleaseScriptCaches (0ms)
		RebuildScriptCaches (0ms)
		SetupLoadedEditorAssemblies (451ms)
			LogAssemblyErrors (0ms)
			InitializePlatformSupportModulesInManaged (6ms)
			SetLoadedEditorAssemblies (4ms)
			RefreshPlugins (0ms)
			BeforeProcessingInitializeOnLoad (76ms)
			ProcessInitializeOnLoadAttributes (339ms)
			ProcessInitializeOnLoadMethodAttributes (19ms)
			AfterProcessingInitializeOnLoad (6ms)
			EditorAssembliesLoaded (0ms)
		ExecutionOrderSort2 (0ms)
		AwakeInstancesAfterBackupRestoration (7ms)
Refreshing native plugins compatible for Editor in 226.33 ms, found 3 plugins.
Preloading 0 native plugins for Editor in 0.00 ms.
Unloading 3128 Unused Serialized files (Serialized files now loaded: 0)
Unloading 22 unused Assets / (30.2 KB). Loaded Objects now: 3654.
Memory consumption went from 133.6 MB to 133.6 MB.
Total: 2.534600 ms (FindLiveObjects: 0.246000 ms CreateObjectMapping: 0.194700 ms MarkObjects: 2.062300 ms  DeleteObjects: 0.031100 ms)

Prepare: number of updated asset objects reloaded= 0
AssetImportParameters requested are different than current active one (requested -> active):
  custom:container-demuxer-ogg: 62fdf1f143b41e24485cea50d1cbac27 -> 
  custom:video-decoder-ogg-theora: a1e56fd34408186e4bbccfd4996cb3dc -> 
  custom:framework-win-MediaFoundation: 216162199b28c13a410421893ffa2e32 -> 
  custom:CustomObjectIndexerAttribute: 6d391050e5a25f67b0a2c618074f2cd9 -> 
  custom:container-demuxer-webm: 4f35f7cbe854078d1ac9338744f61a02 -> 
  custom:container-muxer-webm: aa71ff27fc2769a1b78a27578f13a17b -> 
  custom:video-decoder-webm-vp8: 9c59270c3fd7afecdb556c50c9e8de78 -> 
  custom:SearchIndexIgnoredProperties: e643bd26f0fe6173181afceb89e7c659 -> 
  custom:AudioImporter_EditorPlatform: d09bf68614088b80899f8185d706f6e7 -> 
  custom:video-encoder-webm-vp8: eb34c28f22e8b96e1ab97ce403110664 -> 
  custom:audio-decoder-ogg-vorbis: bf7c407c2cedff20999df2af8eb42d56 -> 
  custom:audio-encoder-webm-vorbis: bf7c407c2cedff20999df2af8eb42d56 -> 
========================================================================
Received Prepare
Begin MonoManager ReloadAssembly
- Loaded All Assemblies, in 14.084 seconds
Refreshing native plugins compatible for Editor in 94.00 ms, found 3 plugins.
Native extension for WindowsStandalone target not found
[Package Manager] Server::EnsureServerProcessIsRunning -- launch failed, reason: Unity was launched with the -noUpm command-line argument
[Package Manager] UpmClient::Send -- Unable to send message (not connected to UPM process).
[Package Manager] Cannot connect to Unity Package Manager local server
Mono: successfully reloaded assembly
- Finished resetting the current domain, in 24.711 seconds
Domain Reload Profiling: 38792ms
	BeginReloadAssembly (185ms)
		ExecutionOrderSort (0ms)
		DisableScriptedObjects (6ms)
		BackupInstance (0ms)
		ReleaseScriptingObjects (0ms)
		CreateAndSetChildDomain (28ms)
	RebuildCommonClasses (31ms)
	RebuildNativeTypeToScriptingClass (11ms)
	initialDomainReloadingComplete (87ms)
	LoadAllAssembliesAndSetupDomain (13767ms)
		LoadAssemblies (13830ms)
		RebuildTransferFunctionScriptingTraits (0ms)
		AnalyzeDomain (11ms)
			TypeCache.Refresh (6ms)
				TypeCache.ScanAssembly (0ms)
			ScanForSourceGeneratedMonoScriptInfo (0ms)
			ResolveRequiredComponents (4ms)
	FinalizeReload (24712ms)
		ReleaseScriptCaches (0ms)
		RebuildScriptCaches (0ms)
		SetupLoadedEditorAssemblies (456ms)
			LogAssemblyErrors (0ms)
			InitializePlatformSupportModulesInManaged (44ms)
			SetLoadedEditorAssemblies (4ms)
			RefreshPlugins (0ms)
			BeforeProcessingInitializeOnLoad (58ms)
			ProcessInitializeOnLoadAttributes (325ms)
			ProcessInitializeOnLoadMethodAttributes (18ms)
			AfterProcessingInitializeOnLoad (6ms)
			EditorAssembliesLoaded (0ms)
		ExecutionOrderSort2 (0ms)
		AwakeInstancesAfterBackupRestoration (6ms)
Refreshing native plugins compatible for Editor in 209.05 ms, found 3 plugins.
Preloading 0 native plugins for Editor in 0.00 ms.
Unloading 3128 Unused Serialized files (Serialized files now loaded: 0)
Unloading 22 unused Assets / (30.2 KB). Loaded Objects now: 3657.
Memory consumption went from 135.5 MB to 135.5 MB.
Total: 2.425300 ms (FindLiveObjects: 0.223200 ms CreateObjectMapping: 0.128100 ms MarkObjects: 2.045100 ms  DeleteObjects: 0.028400 ms)

Prepare: number of updated asset objects reloaded= 0
AssetImportParameters requested are different than current active one (requested -> active):
  custom:container-demuxer-ogg: 62fdf1f143b41e24485cea50d1cbac27 -> 
  custom:video-decoder-ogg-theora: a1e56fd34408186e4bbccfd4996cb3dc -> 
  custom:framework-win-MediaFoundation: 216162199b28c13a410421893ffa2e32 -> 
  custom:CustomObjectIndexerAttribute: 6d391050e5a25f67b0a2c618074f2cd9 -> 
  custom:container-demuxer-webm: 4f35f7cbe854078d1ac9338744f61a02 -> 
  custom:container-muxer-webm: aa71ff27fc2769a1b78a27578f13a17b -> 
  custom:video-decoder-webm-vp8: 9c59270c3fd7afecdb556c50c9e8de78 -> 
  custom:SearchIndexIgnoredProperties: e643bd26f0fe6173181afceb89e7c659 -> 
  custom:AudioImporter_EditorPlatform: d09bf68614088b80899f8185d706f6e7 -> 
  custom:video-encoder-webm-vp8: eb34c28f22e8b96e1ab97ce403110664 -> 
  custom:audio-decoder-ogg-vorbis: bf7c407c2cedff20999df2af8eb42d56 -> 
  custom:audio-encoder-webm-vorbis: bf7c407c2cedff20999df2af8eb42d56 -> 
========================================================================
Received Prepare
Begin MonoManager ReloadAssembly
- Loaded All Assemblies, in 12.582 seconds
Refreshing native plugins compatible for Editor in 97.90 ms, found 3 plugins.
Native extension for WindowsStandalone target not found
[Package Manager] Server::EnsureServerProcessIsRunning -- launch failed, reason: Unity was launched with the -noUpm command-line argument
[Package Manager] UpmClient::Send -- Unable to send message (not connected to UPM process).
[Package Manager] Cannot connect to Unity Package Manager local server
Mono: successfully reloaded assembly
- Finished resetting the current domain, in 23.697 seconds
Domain Reload Profiling: 36277ms
	BeginReloadAssembly (167ms)
		ExecutionOrderSort (0ms)
		DisableScriptedObjects (5ms)
		BackupInstance (0ms)
		ReleaseScriptingObjects (0ms)
		CreateAndSetChildDomain (26ms)
	RebuildCommonClasses (28ms)
	RebuildNativeTypeToScriptingClass (10ms)
	initialDomainReloadingComplete (82ms)
	LoadAllAssembliesAndSetupDomain (12291ms)
		LoadAssemblies (12340ms)
		RebuildTransferFunctionScriptingTraits (0ms)
		AnalyzeDomain (23ms)
			TypeCache.Refresh (9ms)
				TypeCache.ScanAssembly (0ms)
			ScanForSourceGeneratedMonoScriptInfo (7ms)
			ResolveRequiredComponents (6ms)
	FinalizeReload (23698ms)
		ReleaseScriptCaches (0ms)
		RebuildScriptCaches (0ms)
		SetupLoadedEditorAssemblies (439ms)
			LogAssemblyErrors (0ms)
			InitializePlatformSupportModulesInManaged (5ms)
			SetLoadedEditorAssemblies (4ms)
			RefreshPlugins (0ms)
			BeforeProcessingInitializeOnLoad (76ms)
			ProcessInitializeOnLoadAttributes (326ms)
			ProcessInitializeOnLoadMethodAttributes (19ms)
			AfterProcessingInitializeOnLoad (7ms)
			EditorAssembliesLoaded (0ms)
		ExecutionOrderSort2 (0ms)
		AwakeInstancesAfterBackupRestoration (8ms)
Refreshing native plugins compatible for Editor in 226.31 ms, found 3 plugins.
Preloading 0 native plugins for Editor in 0.00 ms.
Unloading 3128 Unused Serialized files (Serialized files now loaded: 0)
Unloading 22 unused Assets / (30.2 KB). Loaded Objects now: 3660.
Memory consumption went from 137.5 MB to 137.4 MB.
Total: 2.440600 ms (FindLiveObjects: 0.235300 ms CreateObjectMapping: 0.185000 ms MarkObjects: 1.985400 ms  DeleteObjects: 0.033900 ms)

Prepare: number of updated asset objects reloaded= 0
AssetImportParameters requested are different than current active one (requested -> active):
  custom:container-demuxer-ogg: 62fdf1f143b41e24485cea50d1cbac27 -> 
  custom:video-decoder-ogg-theora: a1e56fd34408186e4bbccfd4996cb3dc -> 
  custom:framework-win-MediaFoundation: 216162199b28c13a410421893ffa2e32 -> 
  custom:CustomObjectIndexerAttribute: 6d391050e5a25f67b0a2c618074f2cd9 -> 
  custom:container-demuxer-webm: 4f35f7cbe854078d1ac9338744f61a02 -> 
  custom:container-muxer-webm: aa71ff27fc2769a1b78a27578f13a17b -> 
  custom:video-decoder-webm-vp8: 9c59270c3fd7afecdb556c50c9e8de78 -> 
  custom:SearchIndexIgnoredProperties: e643bd26f0fe6173181afceb89e7c659 -> 
  custom:AudioImporter_EditorPlatform: d09bf68614088b80899f8185d706f6e7 -> 
  custom:video-encoder-webm-vp8: eb34c28f22e8b96e1ab97ce403110664 -> 
  custom:audio-decoder-ogg-vorbis: bf7c407c2cedff20999df2af8eb42d56 -> 
  custom:audio-encoder-webm-vorbis: bf7c407c2cedff20999df2af8eb42d56 -> 
========================================================================
Received Prepare
Begin MonoManager ReloadAssembly
- Loaded All Assemblies, in 12.892 seconds
Refreshing native plugins compatible for Editor in 84.87 ms, found 3 plugins.
Native extension for WindowsStandalone target not found
[Package Manager] Server::EnsureServerProcessIsRunning -- launch failed, reason: Unity was launched with the -noUpm command-line argument
[Package Manager] UpmClient::Send -- Unable to send message (not connected to UPM process).
[Package Manager] Cannot connect to Unity Package Manager local server
Mono: successfully reloaded assembly
- Finished resetting the current domain, in 21.856 seconds
Domain Reload Profiling: 34744ms
	BeginReloadAssembly (193ms)
		ExecutionOrderSort (0ms)
		DisableScriptedObjects (5ms)
		BackupInstance (0ms)
		ReleaseScriptingObjects (0ms)
		CreateAndSetChildDomain (27ms)
	RebuildCommonClasses (28ms)
	RebuildNativeTypeToScriptingClass (9ms)
	initialDomainReloadingComplete (85ms)
	LoadAllAssembliesAndSetupDomain (12572ms)
		LoadAssemblies (12633ms)
		RebuildTransferFunctionScriptingTraits (0ms)
		AnalyzeDomain (11ms)
			TypeCache.Refresh (6ms)
				TypeCache.ScanAssembly (0ms)
			ScanForSourceGeneratedMonoScriptInfo (0ms)
			ResolveRequiredComponents (4ms)
	FinalizeReload (21857ms)
		ReleaseScriptCaches (0ms)
		RebuildScriptCaches (0ms)
		SetupLoadedEditorAssemblies (456ms)
			LogAssemblyErrors (0ms)
			InitializePlatformSupportModulesInManaged (6ms)
			SetLoadedEditorAssemblies (4ms)
			RefreshPlugins (0ms)
			BeforeProcessingInitializeOnLoad (76ms)
			ProcessInitializeOnLoadAttributes (346ms)
			ProcessInitializeOnLoadMethodAttributes (18ms)
			AfterProcessingInitializeOnLoad (6ms)
			EditorAssembliesLoaded (0ms)
		ExecutionOrderSort2 (0ms)
		AwakeInstancesAfterBackupRestoration (6ms)
Refreshing native plugins compatible for Editor in 217.46 ms, found 3 plugins.
Preloading 0 native plugins for Editor in 0.00 ms.
Unloading 3128 Unused Serialized files (Serialized files now loaded: 0)
Unloading 22 unused Assets / (30.2 KB). Loaded Objects now: 3663.
Memory consumption went from 139.4 MB to 139.3 MB.
Total: 2.555600 ms (FindLiveObjects: 0.252100 ms CreateObjectMapping: 0.102100 ms MarkObjects: 2.170100 ms  DeleteObjects: 0.030900 ms)

Prepare: number of updated asset objects reloaded= 0
AssetImportParameters requested are different than current active one (requested -> active):
  custom:container-demuxer-ogg: 62fdf1f143b41e24485cea50d1cbac27 -> 
  custom:video-decoder-ogg-theora: a1e56fd34408186e4bbccfd4996cb3dc -> 
  custom:framework-win-MediaFoundation: 216162199b28c13a410421893ffa2e32 -> 
  custom:CustomObjectIndexerAttribute: 6d391050e5a25f67b0a2c618074f2cd9 -> 
  custom:container-demuxer-webm: 4f35f7cbe854078d1ac9338744f61a02 -> 
  custom:container-muxer-webm: aa71ff27fc2769a1b78a27578f13a17b -> 
  custom:video-decoder-webm-vp8: 9c59270c3fd7afecdb556c50c9e8de78 -> 
  custom:SearchIndexIgnoredProperties: e643bd26f0fe6173181afceb89e7c659 -> 
  custom:AudioImporter_EditorPlatform: d09bf68614088b80899f8185d706f6e7 -> 
  custom:video-encoder-webm-vp8: eb34c28f22e8b96e1ab97ce403110664 -> 
  custom:audio-decoder-ogg-vorbis: bf7c407c2cedff20999df2af8eb42d56 -> 
  custom:audio-encoder-webm-vorbis: bf7c407c2cedff20999df2af8eb42d56 -> 
========================================================================
Received Prepare
Begin MonoManager ReloadAssembly
- Loaded All Assemblies, in 12.301 seconds
Refreshing native plugins compatible for Editor in 95.17 ms, found 3 plugins.
Native extension for WindowsStandalone target not found
[Package Manager] Server::EnsureServerProcessIsRunning -- launch failed, reason: Unity was launched with the -noUpm command-line argument
[Package Manager] UpmClient::Send -- Unable to send message (not connected to UPM process).
[Package Manager] Cannot connect to Unity Package Manager local server
Mono: successfully reloaded assembly
- Finished resetting the current domain, in 22.849 seconds
Domain Reload Profiling: 35147ms
	BeginReloadAssembly (164ms)
		ExecutionOrderSort (0ms)
		DisableScriptedObjects (5ms)
		BackupInstance (0ms)
		ReleaseScriptingObjects (0ms)
		CreateAndSetChildDomain (27ms)
	RebuildCommonClasses (28ms)
	RebuildNativeTypeToScriptingClass (10ms)
	initialDomainReloadingComplete (82ms)
	LoadAllAssembliesAndSetupDomain (12014ms)
		LoadAssemblies (12063ms)
		RebuildTransferFunctionScriptingTraits (0ms)
		AnalyzeDomain (21ms)
			TypeCache.Refresh (8ms)
				TypeCache.ScanAssembly (0ms)
			ScanForSourceGeneratedMonoScriptInfo (6ms)
			ResolveRequiredComponents (5ms)
	FinalizeReload (22850ms)
		ReleaseScriptCaches (0ms)
		RebuildScriptCaches (0ms)
		SetupLoadedEditorAssemblies (442ms)
			LogAssemblyErrors (0ms)
			InitializePlatformSupportModulesInManaged (6ms)
			SetLoadedEditorAssemblies (4ms)
			RefreshPlugins (0ms)
			BeforeProcessingInitializeOnLoad (75ms)
			ProcessInitializeOnLoadAttributes (333ms)
			ProcessInitializeOnLoadMethodAttributes (18ms)
			AfterProcessingInitializeOnLoad (7ms)
			EditorAssembliesLoaded (0ms)
		ExecutionOrderSort2 (0ms)
		AwakeInstancesAfterBackupRestoration (8ms)
Refreshing native plugins compatible for Editor in 217.41 ms, found 3 plugins.
Preloading 0 native plugins for Editor in 0.00 ms.
Unloading 3128 Unused Serialized files (Serialized files now loaded: 0)
Unloading 22 unused Assets / (30.2 KB). Loaded Objects now: 3666.
Memory consumption went from 141.3 MB to 141.3 MB.
Total: 2.863100 ms (FindLiveObjects: 0.258200 ms CreateObjectMapping: 0.224000 ms MarkObjects: 2.348400 ms  DeleteObjects: 0.032000 ms)

Prepare: number of updated asset objects reloaded= 0
AssetImportParameters requested are different than current active one (requested -> active):
  custom:container-demuxer-ogg: 62fdf1f143b41e24485cea50d1cbac27 -> 
  custom:video-decoder-ogg-theora: a1e56fd34408186e4bbccfd4996cb3dc -> 
  custom:framework-win-MediaFoundation: 216162199b28c13a410421893ffa2e32 -> 
  custom:CustomObjectIndexerAttribute: 6d391050e5a25f67b0a2c618074f2cd9 -> 
  custom:container-demuxer-webm: 4f35f7cbe854078d1ac9338744f61a02 -> 
  custom:container-muxer-webm: aa71ff27fc2769a1b78a27578f13a17b -> 
  custom:video-decoder-webm-vp8: 9c59270c3fd7afecdb556c50c9e8de78 -> 
  custom:SearchIndexIgnoredProperties: e643bd26f0fe6173181afceb89e7c659 -> 
  custom:AudioImporter_EditorPlatform: d09bf68614088b80899f8185d706f6e7 -> 
  custom:video-encoder-webm-vp8: eb34c28f22e8b96e1ab97ce403110664 -> 
  custom:audio-decoder-ogg-vorbis: bf7c407c2cedff20999df2af8eb42d56 -> 
  custom:audio-encoder-webm-vorbis: bf7c407c2cedff20999df2af8eb42d56 -> 
========================================================================
Received Prepare
Begin MonoManager ReloadAssembly
- Loaded All Assemblies, in 13.163 seconds
Refreshing native plugins compatible for Editor in 96.28 ms, found 3 plugins.
Native extension for WindowsStandalone target not found
[Package Manager] Server::EnsureServerProcessIsRunning -- launch failed, reason: Unity was launched with the -noUpm command-line argument
[Package Manager] UpmClient::Send -- Unable to send message (not connected to UPM process).
[Package Manager] Cannot connect to Unity Package Manager local server
Mono: successfully reloaded assembly
- Finished resetting the current domain, in 21.744 seconds
Domain Reload Profiling: 34903ms
	BeginReloadAssembly (182ms)
		ExecutionOrderSort (0ms)
		DisableScriptedObjects (6ms)
		BackupInstance (0ms)
		ReleaseScriptingObjects (0ms)
		CreateAndSetChildDomain (28ms)
	RebuildCommonClasses (31ms)
	RebuildNativeTypeToScriptingClass (10ms)
	initialDomainReloadingComplete (96ms)
	LoadAllAssembliesAndSetupDomain (12839ms)
		LoadAssemblies (12905ms)
		RebuildTransferFunctionScriptingTraits (0ms)
		AnalyzeDomain (11ms)
			TypeCache.Refresh (5ms)
				TypeCache.ScanAssembly (0ms)
			ScanForSourceGeneratedMonoScriptInfo (0ms)
			ResolveRequiredComponents (4ms)
	FinalizeReload (21745ms)
		ReleaseScriptCaches (0ms)
		RebuildScriptCaches (0ms)
		SetupLoadedEditorAssemblies (431ms)
			LogAssemblyErrors (0ms)
			InitializePlatformSupportModulesInManaged (6ms)
			SetLoadedEditorAssemblies (4ms)
			RefreshPlugins (0ms)
			BeforeProcessingInitializeOnLoad (76ms)
			ProcessInitializeOnLoadAttributes (321ms)
			ProcessInitializeOnLoadMethodAttributes (18ms)
			AfterProcessingInitializeOnLoad (6ms)
			EditorAssembliesLoaded (0ms)
		ExecutionOrderSort2 (0ms)
		AwakeInstancesAfterBackupRestoration (6ms)
Refreshing native plugins compatible for Editor in 139.89 ms, found 3 plugins.
Preloading 0 native plugins for Editor in 0.00 ms.
Unloading 3128 Unused Serialized files (Serialized files now loaded: 0)
Unloading 22 unused Assets / (30.2 KB). Loaded Objects now: 3669.
Memory consumption went from 143.2 MB to 143.2 MB.
Total: 2.490000 ms (FindLiveObjects: 0.243100 ms CreateObjectMapping: 0.212600 ms MarkObjects: 2.001300 ms  DeleteObjects: 0.032600 ms)

Prepare: number of updated asset objects reloaded= 0
AssetImportParameters requested are different than current active one (requested -> active):
  custom:container-demuxer-ogg: 62fdf1f143b41e24485cea50d1cbac27 -> 
  custom:video-decoder-ogg-theora: a1e56fd34408186e4bbccfd4996cb3dc -> 
  custom:framework-win-MediaFoundation: 216162199b28c13a410421893ffa2e32 -> 
  custom:CustomObjectIndexerAttribute: 6d391050e5a25f67b0a2c618074f2cd9 -> 
  custom:container-demuxer-webm: 4f35f7cbe854078d1ac9338744f61a02 -> 
  custom:container-muxer-webm: aa71ff27fc2769a1b78a27578f13a17b -> 
  custom:video-decoder-webm-vp8: 9c59270c3fd7afecdb556c50c9e8de78 -> 
  custom:SearchIndexIgnoredProperties: e643bd26f0fe6173181afceb89e7c659 -> 
  custom:AudioImporter_EditorPlatform: d09bf68614088b80899f8185d706f6e7 -> 
  custom:video-encoder-webm-vp8: eb34c28f22e8b96e1ab97ce403110664 -> 
  custom:audio-decoder-ogg-vorbis: bf7c407c2cedff20999df2af8eb42d56 -> 
  custom:audio-encoder-webm-vorbis: bf7c407c2cedff20999df2af8eb42d56 -> 
========================================================================
Received Prepare
Begin MonoManager ReloadAssembly
- Loaded All Assemblies, in 12.982 seconds
Refreshing native plugins compatible for Editor in 84.88 ms, found 3 plugins.
Native extension for WindowsStandalone target not found
[Package Manager] Server::EnsureServerProcessIsRunning -- launch failed, reason: Unity was launched with the -noUpm command-line argument
[Package Manager] UpmClient::Send -- Unable to send message (not connected to UPM process).
[Package Manager] Cannot connect to Unity Package Manager local server
Mono: successfully reloaded assembly
- Finished resetting the current domain, in 22.777 seconds
Domain Reload Profiling: 35755ms
	BeginReloadAssembly (178ms)
		ExecutionOrderSort (0ms)
		DisableScriptedObjects (6ms)
		BackupInstance (0ms)
		ReleaseScriptingObjects (0ms)
		CreateAndSetChildDomain (27ms)
	RebuildCommonClasses (31ms)
	RebuildNativeTypeToScriptingClass (10ms)
	initialDomainReloadingComplete (83ms)
	LoadAllAssembliesAndSetupDomain (12674ms)
		LoadAssemblies (12738ms)
		RebuildTransferFunctionScriptingTraits (0ms)
		AnalyzeDomain (12ms)
			TypeCache.Refresh (6ms)
				TypeCache.ScanAssembly (0ms)
			ScanForSourceGeneratedMonoScriptInfo (0ms)
			ResolveRequiredComponents (4ms)
	FinalizeReload (22778ms)
		ReleaseScriptCaches (0ms)
		RebuildScriptCaches (0ms)
		SetupLoadedEditorAssemblies (464ms)
			LogAssemblyErrors (0ms)
			InitializePlatformSupportModulesInManaged (5ms)
			SetLoadedEditorAssemblies (4ms)
			RefreshPlugins (0ms)
			BeforeProcessingInitializeOnLoad (77ms)
			ProcessInitializeOnLoadAttributes (351ms)
			ProcessInitializeOnLoadMethodAttributes (20ms)
			AfterProcessingInitializeOnLoad (7ms)
			EditorAssembliesLoaded (0ms)
		ExecutionOrderSort2 (0ms)
		AwakeInstancesAfterBackupRestoration (7ms)
Refreshing native plugins compatible for Editor in 208.27 ms, found 3 plugins.
Preloading 0 native plugins for Editor in 0.00 ms.
Unloading 3128 Unused Serialized files (Serialized files now loaded: 0)
Unloading 22 unused Assets / (30.2 KB). Loaded Objects now: 3672.
Memory consumption went from 145.1 MB to 145.1 MB.
Total: 2.867700 ms (FindLiveObjects: 0.258600 ms CreateObjectMapping: 0.243200 ms MarkObjects: 2.337000 ms  DeleteObjects: 0.028400 ms)

Prepare: number of updated asset objects reloaded= 0
AssetImportParameters requested are different than current active one (requested -> active):
  custom:container-demuxer-ogg: 62fdf1f143b41e24485cea50d1cbac27 -> 
  custom:video-decoder-ogg-theora: a1e56fd34408186e4bbccfd4996cb3dc -> 
  custom:framework-win-MediaFoundation: 216162199b28c13a410421893ffa2e32 -> 
  custom:CustomObjectIndexerAttribute: 6d391050e5a25f67b0a2c618074f2cd9 -> 
  custom:container-demuxer-webm: 4f35f7cbe854078d1ac9338744f61a02 -> 
  custom:container-muxer-webm: aa71ff27fc2769a1b78a27578f13a17b -> 
  custom:video-decoder-webm-vp8: 9c59270c3fd7afecdb556c50c9e8de78 -> 
  custom:SearchIndexIgnoredProperties: e643bd26f0fe6173181afceb89e7c659 -> 
  custom:AudioImporter_EditorPlatform: d09bf68614088b80899f8185d706f6e7 -> 
  custom:video-encoder-webm-vp8: eb34c28f22e8b96e1ab97ce403110664 -> 
  custom:audio-decoder-ogg-vorbis: bf7c407c2cedff20999df2af8eb42d56 -> 
  custom:audio-encoder-webm-vorbis: bf7c407c2cedff20999df2af8eb42d56 -> 
========================================================================
Received Prepare
Begin MonoManager ReloadAssembly
- Loaded All Assemblies, in 12.554 seconds
Refreshing native plugins compatible for Editor in 84.49 ms, found 3 plugins.
Native extension for WindowsStandalone target not found
[Package Manager] Server::EnsureServerProcessIsRunning -- launch failed, reason: Unity was launched with the -noUpm command-line argument
[Package Manager] UpmClient::Send -- Unable to send message (not connected to UPM process).
[Package Manager] Cannot connect to Unity Package Manager local server
Mono: successfully reloaded assembly
- Finished resetting the current domain, in 19.850 seconds
Domain Reload Profiling: 32401ms
	BeginReloadAssembly (168ms)
		ExecutionOrderSort (0ms)
		DisableScriptedObjects (5ms)
		BackupInstance (0ms)
		ReleaseScriptingObjects (0ms)
		CreateAndSetChildDomain (25ms)
	RebuildCommonClasses (28ms)
	RebuildNativeTypeToScriptingClass (10ms)
	initialDomainReloadingComplete (83ms)
	LoadAllAssembliesAndSetupDomain (12262ms)
		LoadAssemblies (12314ms)
		RebuildTransferFunctionScriptingTraits (0ms)
		AnalyzeDomain (19ms)
			TypeCache.Refresh (7ms)
				TypeCache.ScanAssembly (0ms)
			ScanForSourceGeneratedMonoScriptInfo (6ms)
			ResolveRequiredComponents (4ms)
	FinalizeReload (19851ms)
		ReleaseScriptCaches (0ms)
		RebuildScriptCaches (0ms)
		SetupLoadedEditorAssemblies (419ms)
			LogAssemblyErrors (0ms)
			InitializePlatformSupportModulesInManaged (5ms)
			SetLoadedEditorAssemblies (4ms)
			RefreshPlugins (0ms)
			BeforeProcessingInitializeOnLoad (72ms)
			ProcessInitializeOnLoadAttributes (314ms)
			ProcessInitializeOnLoadMethodAttributes (17ms)
			AfterProcessingInitializeOnLoad (6ms)
			EditorAssembliesLoaded (0ms)
		ExecutionOrderSort2 (0ms)
		AwakeInstancesAfterBackupRestoration (7ms)
Refreshing native plugins compatible for Editor in 192.11 ms, found 3 plugins.
Preloading 0 native plugins for Editor in 0.00 ms.
Unloading 3128 Unused Serialized files (Serialized files now loaded: 0)
Unloading 22 unused Assets / (30.2 KB). Loaded Objects now: 3675.
Memory consumption went from 147.1 MB to 147.0 MB.
Total: 2.469600 ms (FindLiveObjects: 0.219100 ms CreateObjectMapping: 0.157600 ms MarkObjects: 2.064100 ms  DeleteObjects: 0.028300 ms)

Prepare: number of updated asset objects reloaded= 0
AssetImportParameters requested are different than current active one (requested -> active):
  custom:container-demuxer-ogg: 62fdf1f143b41e24485cea50d1cbac27 -> 
  custom:video-decoder-ogg-theora: a1e56fd34408186e4bbccfd4996cb3dc -> 
  custom:framework-win-MediaFoundation: 216162199b28c13a410421893ffa2e32 -> 
  custom:CustomObjectIndexerAttribute: 6d391050e5a25f67b0a2c618074f2cd9 -> 
  custom:container-demuxer-webm: 4f35f7cbe854078d1ac9338744f61a02 -> 
  custom:container-muxer-webm: aa71ff27fc2769a1b78a27578f13a17b -> 
  custom:video-decoder-webm-vp8: 9c59270c3fd7afecdb556c50c9e8de78 -> 
  custom:SearchIndexIgnoredProperties: e643bd26f0fe6173181afceb89e7c659 -> 
  custom:AudioImporter_EditorPlatform: d09bf68614088b80899f8185d706f6e7 -> 
  custom:video-encoder-webm-vp8: eb34c28f22e8b96e1ab97ce403110664 -> 
  custom:audio-decoder-ogg-vorbis: bf7c407c2cedff20999df2af8eb42d56 -> 
  custom:audio-encoder-webm-vorbis: bf7c407c2cedff20999df2af8eb42d56 -> 
========================================================================
Received Prepare
Begin MonoManager ReloadAssembly
- Loaded All Assemblies, in 12.708 seconds
Refreshing native plugins compatible for Editor in 89.40 ms, found 3 plugins.
Native extension for WindowsStandalone target not found
[Package Manager] Server::EnsureServerProcessIsRunning -- launch failed, reason: Unity was launched with the -noUpm command-line argument
[Package Manager] UpmClient::Send -- Unable to send message (not connected to UPM process).
[Package Manager] Cannot connect to Unity Package Manager local server
Mono: successfully reloaded assembly
- Finished resetting the current domain, in 21.371 seconds
Domain Reload Profiling: 34075ms
	BeginReloadAssembly (176ms)
		ExecutionOrderSort (0ms)
		DisableScriptedObjects (5ms)
		BackupInstance (0ms)
		ReleaseScriptingObjects (0ms)
		CreateAndSetChildDomain (26ms)
	RebuildCommonClasses (31ms)
	RebuildNativeTypeToScriptingClass (10ms)
	initialDomainReloadingComplete (84ms)
	LoadAllAssembliesAndSetupDomain (12402ms)
		LoadAssemblies (12472ms)
		RebuildTransferFunctionScriptingTraits (0ms)
		AnalyzeDomain (11ms)
			TypeCache.Refresh (5ms)
				TypeCache.ScanAssembly (0ms)
			ScanForSourceGeneratedMonoScriptInfo (0ms)
			ResolveRequiredComponents (4ms)
	FinalizeReload (21372ms)
		ReleaseScriptCaches (0ms)
		RebuildScriptCaches (0ms)
		SetupLoadedEditorAssemblies (440ms)
			LogAssemblyErrors (0ms)
			InitializePlatformSupportModulesInManaged (6ms)
			SetLoadedEditorAssemblies (4ms)
			RefreshPlugins (0ms)
			BeforeProcessingInitializeOnLoad (77ms)
			ProcessInitializeOnLoadAttributes (326ms)
			ProcessInitializeOnLoadMethodAttributes (21ms)
			AfterProcessingInitializeOnLoad (6ms)
			EditorAssembliesLoaded (0ms)
		ExecutionOrderSort2 (0ms)
		AwakeInstancesAfterBackupRestoration (6ms)
Refreshing native plugins compatible for Editor in 198.37 ms, found 3 plugins.
Preloading 0 native plugins for Editor in 0.00 ms.
Unloading 3128 Unused Serialized files (Serialized files now loaded: 0)
Unloading 22 unused Assets / (30.2 KB). Loaded Objects now: 3678.
Memory consumption went from 149.0 MB to 148.9 MB.
Total: 2.647100 ms (FindLiveObjects: 0.253400 ms CreateObjectMapping: 0.150000 ms MarkObjects: 2.214000 ms  DeleteObjects: 0.029000 ms)

Prepare: number of updated asset objects reloaded= 0
AssetImportParameters requested are different than current active one (requested -> active):
  custom:container-demuxer-ogg: 62fdf1f143b41e24485cea50d1cbac27 -> 
  custom:video-decoder-ogg-theora: a1e56fd34408186e4bbccfd4996cb3dc -> 
  custom:framework-win-MediaFoundation: 216162199b28c13a410421893ffa2e32 -> 
  custom:CustomObjectIndexerAttribute: 6d391050e5a25f67b0a2c618074f2cd9 -> 
  custom:container-demuxer-webm: 4f35f7cbe854078d1ac9338744f61a02 -> 
  custom:container-muxer-webm: aa71ff27fc2769a1b78a27578f13a17b -> 
  custom:video-decoder-webm-vp8: 9c59270c3fd7afecdb556c50c9e8de78 -> 
  custom:SearchIndexIgnoredProperties: e643bd26f0fe6173181afceb89e7c659 -> 
  custom:AudioImporter_EditorPlatform: d09bf68614088b80899f8185d706f6e7 -> 
  custom:video-encoder-webm-vp8: eb34c28f22e8b96e1ab97ce403110664 -> 
  custom:audio-decoder-ogg-vorbis: bf7c407c2cedff20999df2af8eb42d56 -> 
  custom:audio-encoder-webm-vorbis: bf7c407c2cedff20999df2af8eb42d56 -> 
========================================================================
Received Prepare
Begin MonoManager ReloadAssembly
- Loaded All Assemblies, in 12.509 seconds
Refreshing native plugins compatible for Editor in 85.51 ms, found 3 plugins.
Native extension for WindowsStandalone target not found
[Package Manager] Server::EnsureServerProcessIsRunning -- launch failed, reason: Unity was launched with the -noUpm command-line argument
[Package Manager] UpmClient::Send -- Unable to send message (not connected to UPM process).
[Package Manager] Cannot connect to Unity Package Manager local server
Mono: successfully reloaded assembly
- Finished resetting the current domain, in 20.021 seconds
Domain Reload Profiling: 32527ms
	BeginReloadAssembly (184ms)
		ExecutionOrderSort (0ms)
		DisableScriptedObjects (5ms)
		BackupInstance (0ms)
		ReleaseScriptingObjects (0ms)
		CreateAndSetChildDomain (29ms)
	RebuildCommonClasses (27ms)
	RebuildNativeTypeToScriptingClass (10ms)
	initialDomainReloadingComplete (85ms)
	LoadAllAssembliesAndSetupDomain (12198ms)
		LoadAssemblies (12261ms)
		RebuildTransferFunctionScriptingTraits (0ms)
		AnalyzeDomain (11ms)
			TypeCache.Refresh (5ms)
				TypeCache.ScanAssembly (0ms)
			ScanForSourceGeneratedMonoScriptInfo (0ms)
			ResolveRequiredComponents (4ms)
	FinalizeReload (20022ms)
		ReleaseScriptCaches (0ms)
		RebuildScriptCaches (0ms)
		SetupLoadedEditorAssemblies (430ms)
			LogAssemblyErrors (0ms)
			InitializePlatformSupportModulesInManaged (6ms)
			SetLoadedEditorAssemblies (4ms)
			RefreshPlugins (0ms)
			BeforeProcessingInitializeOnLoad (76ms)
			ProcessInitializeOnLoadAttributes (321ms)
			ProcessInitializeOnLoadMethodAttributes (17ms)
			AfterProcessingInitializeOnLoad (6ms)
			EditorAssembliesLoaded (0ms)
		ExecutionOrderSort2 (0ms)
		AwakeInstancesAfterBackupRestoration (6ms)
Refreshing native plugins compatible for Editor in 202.00 ms, found 3 plugins.
Preloading 0 native plugins for Editor in 0.00 ms.
Unloading 3128 Unused Serialized files (Serialized files now loaded: 0)
Unloading 22 unused Assets / (30.2 KB). Loaded Objects now: 3681.
Memory consumption went from 150.9 MB to 150.9 MB.
Total: 2.286800 ms (FindLiveObjects: 0.229300 ms CreateObjectMapping: 0.102400 ms MarkObjects: 1.925400 ms  DeleteObjects: 0.029200 ms)

Prepare: number of updated asset objects reloaded= 0
AssetImportParameters requested are different than current active one (requested -> active):
  custom:container-demuxer-ogg: 62fdf1f143b41e24485cea50d1cbac27 -> 
  custom:video-decoder-ogg-theora: a1e56fd34408186e4bbccfd4996cb3dc -> 
  custom:framework-win-MediaFoundation: 216162199b28c13a410421893ffa2e32 -> 
  custom:CustomObjectIndexerAttribute: 6d391050e5a25f67b0a2c618074f2cd9 -> 
  custom:container-demuxer-webm: 4f35f7cbe854078d1ac9338744f61a02 -> 
  custom:container-muxer-webm: aa71ff27fc2769a1b78a27578f13a17b -> 
  custom:video-decoder-webm-vp8: 9c59270c3fd7afecdb556c50c9e8de78 -> 
  custom:SearchIndexIgnoredProperties: e643bd26f0fe6173181afceb89e7c659 -> 
  custom:AudioImporter_EditorPlatform: d09bf68614088b80899f8185d706f6e7 -> 
  custom:video-encoder-webm-vp8: eb34c28f22e8b96e1ab97ce403110664 -> 
  custom:audio-decoder-ogg-vorbis: bf7c407c2cedff20999df2af8eb42d56 -> 
  custom:audio-encoder-webm-vorbis: bf7c407c2cedff20999df2af8eb42d56 -> 
